BEGIN;

-- LearningGroup: Chào hỏi & Thông tin cá nhân
INSERT INTO "LearningGroup" (id, name, icon, "order", "topikLevel", "createdAt", "updatedAt") VALUES ('efbfef73-6510-4e10-ae02-959ca7e0a7c2', 'Chào hỏi & Thông tin cá nhân', '👋', 1, 1, '2026-01-11T09:51:05.037Z', '2026-01-11T09:51:05.037Z');

-- Categories (4 categories)
INSERT INTO "Category" (id, name, description, icon, "order", "topikLevel", "groupId", "createdAt", "updatedAt") VALUES ('cb7e8e04-d8ae-4529-a81e-233702f4c795', 'Chào hỏi thông dụng', 'Các câu chào hỏi, cảm ơn, xin lỗi cơ bản trong tiếng Hàn', '👋', 1, 1, 'efbfef73-6510-4e10-ae02-959ca7e0a7c2', '2026-01-11T09:51:05.037Z', '2026-01-11T09:51:05.037Z'),
  ('c6550cc7-09ee-4700-a65c-280784755dd9', 'Giới thiệu tên & tuổi', 'Từ vựng về hỏi tên, tuổi và giới thiệu bản thân', '📝', 2, 1, 'efbfef73-6510-4e10-ae02-959ca7e0a7c2', '2026-01-11T09:51:05.037Z', '2026-01-11T09:51:05.037Z'),
  ('c5a948f6-1548-4862-ae63-ac30f3a6224f', 'Quốc tịch', 'Từ vựng về quốc tịch, quốc gia và ngôn ngữ', '🌍', 3, 1, 'efbfef73-6510-4e10-ae02-959ca7e0a7c2', '2026-01-11T09:51:05.037Z', '2026-01-11T09:51:05.037Z'),
  ('c7433191-feb1-4e5b-be75-6a05854fab33', 'Nghề nghiệp cơ bản', 'Từ vựng về các nghề nghiệp thông dụng trong xã hội', '👨‍💼', 4, 1, 'efbfef73-6510-4e10-ae02-959ca7e0a7c2', '2026-01-11T09:51:05.037Z', '2026-01-11T09:51:05.037Z');

-- Vocabulary Words
INSERT INTO "Vocabulary" (id, korean, hanja, vietnamese, pronunciation, example, "exampleTranslation", "categoryId", "createdAt", "updatedAt") VALUES ('75b27359-13d9-4441-8c29-3eac63cc646d', '안녕하세요', NULL, 'Xin chào', 'annyeonghaseyo', '안녕하세요, 선생님.', 'Em chào cô/thầy ạ.', 'cb7e8e04-d8ae-4529-a81e-233702f4c795', '2026-01-11T09:51:05.037Z', '2026-01-11T09:51:05.037Z'),
  ('0ee8d0a6-42c9-4891-a8a4-5308b5664a76', '안녕히 가세요', NULL, 'Tạm biệt (Khi bạn ở lại)', 'annyeonghi gaseyo', '먼저 갈게요. 안녕히 가세요.', 'Tôi đi trước nhé. Tạm biệt.', 'cb7e8e04-d8ae-4529-a81e-233702f4c795', '2026-01-11T09:51:05.037Z', '2026-01-11T09:51:05.037Z'),
  ('7e83ff7f-f1f6-47db-ba8c-a9d34084ab39', '안녕히 계세요', NULL, 'Tạm biệt (Khi bạn đi)', 'annyeonghi gyeseyo', '저는 이만 가보겠습니다. 안녕히 계세요.', 'Tôi xin phép đi bây giờ. Xin chào ạ.', 'cb7e8e04-d8ae-4529-a81e-233702f4c795', '2026-01-11T09:51:05.037Z', '2026-01-11T09:51:05.037Z'),
  ('692e04a0-2bee-41ee-95f4-28b20db115b1', '감사합니다', '感謝합니다', 'Cảm ơn (Trang trọng)', 'gamsahamnida', '도와주셔서 정말 감사합니다.', 'Thực sự cảm ơn vì đã giúp đỡ tôi ạ.', 'cb7e8e04-d8ae-4529-a81e-233702f4c795', '2026-01-11T09:51:05.037Z', '2026-01-11T09:51:05.037Z'),
  ('fa1ff196-3d51-4db9-b762-7cd2c2831dee', '죄송합니다', '罪悚합니다', 'Xin lỗi (Trang trọng)', 'joesonghamnida', '늦어서 죄송합니다.', 'Tôi xin lỗi vì đã đến muộn.', 'cb7e8e04-d8ae-4529-a81e-233702f4c795', '2026-01-11T09:51:05.037Z', '2026-01-11T09:51:05.037Z'),
  ('1099f120-8a98-4aa1-b9cc-1e728239f8f1', '네', NULL, 'Vâng / Dạ / Đúng vậy', 'ne', '"이거 맞아요?" "네, 맞아요."', '"Cái này đúng không?" "Vâng, đúng rồi."', 'cb7e8e04-d8ae-4529-a81e-233702f4c795', '2026-01-11T09:51:05.037Z', '2026-01-11T09:51:05.037Z'),
  ('b4d240ad-6adb-4cad-a0e9-0b9249774a3e', '아니요', NULL, 'Không / Không phải', 'aniyo', '"커피 드실래요?" "아니요, 괜찮아요."', '"Bạn có muốn uống cà phê không?" "Không, tôi không sao đâu."', 'cb7e8e04-d8ae-4529-a81e-233702f4c795', '2026-01-11T09:51:05.037Z', '2026-01-11T09:51:05.037Z'),
  ('71dd403c-5d9d-4a73-b1a3-a1234cd8c636', '괜찮아요', NULL, 'Không sao / Ổn mà', 'gwaenchanayo', '넘어져도 괜찮아요.', 'Dù bị ngã cũng không sao đâu.', 'cb7e8e04-d8ae-4529-a81e-233702f4c795', '2026-01-11T09:51:05.037Z', '2026-01-11T09:51:05.037Z'),
  ('ec879980-64b1-4793-823e-62beca4a147f', '만나서 반갑습니다', NULL, 'Rất vui được gặp bạn', 'mannaseo bangapseumnida', '처음 뵙겠습니다. 만나서 반갑습니다.', 'Lần đầu gặp mặt. Rất vui được gặp bạn.', 'cb7e8e04-d8ae-4529-a81e-233702f4c795', '2026-01-11T09:51:05.037Z', '2026-01-11T09:51:05.037Z'),
  ('545580bf-922d-4827-b1b6-34fc467012d9', '이름', NULL, 'Tên', 'ireum', '이름이 뭐예요?', 'Tên bạn là gì?', 'c6550cc7-09ee-4700-a65c-280784755dd9', '2026-01-11T09:51:05.037Z', '2026-01-11T09:51:05.037Z'),
  ('efb65d8b-3635-4c7e-9c9f-bca6f41770ce', '성함', '姓銜', 'Tên (Kính ngữ)', 'seongham', '선생님 성함이 어떻게 되세요?', 'Quý danh của thầy/cô là gì ạ?', 'c6550cc7-09ee-4700-a65c-280784755dd9', '2026-01-11T09:51:05.037Z', '2026-01-11T09:51:05.037Z'),
  ('a13cb5d0-07cc-41f5-a750-ba08550114d1', '나이', NULL, 'Tuổi', 'nai', '나이가 몇 살이에요?', 'Bạn bao nhiêu tuổi?', 'c6550cc7-09ee-4700-a65c-280784755dd9', '2026-01-11T09:51:05.037Z', '2026-01-11T09:51:05.037Z'),
  ('af9a0a15-8422-43a9-b10d-206852f06e9a', '살', NULL, 'Tuổi (Đơn vị đếm)', 'sal', '저는 스무 살입니다.', 'Tôi 20 tuổi.', 'c6550cc7-09ee-4700-a65c-280784755dd9', '2026-01-11T09:51:05.037Z', '2026-01-11T09:51:05.037Z'),
  ('a99bd9f7-aa7b-4c52-93e1-4e75fa455508', '저', NULL, 'Tôi (Kính ngữ)', 'jeo', '저는 학생입니다.', 'Tôi là học sinh.', 'c6550cc7-09ee-4700-a65c-280784755dd9', '2026-01-11T09:51:05.037Z', '2026-01-11T09:51:05.037Z'),
  ('a206c5a2-f51d-455d-a0df-e2f855f79edc', '나', NULL, 'Tôi (Thân mật)', 'na', '나는 한국어를 공부해요.', 'Tôi học tiếng Hàn.', 'c6550cc7-09ee-4700-a65c-280784755dd9', '2026-01-11T09:51:05.037Z', '2026-01-11T09:51:05.037Z'),
  ('91aae543-8513-4e1b-ac92-6ddc046ab556', '제', NULL, 'Của tôi (Kính ngữ)', 'je', '제 이름은 김민준입니다.', 'Tên của tôi là Kim Minjun.', 'c6550cc7-09ee-4700-a65c-280784755dd9', '2026-01-11T09:51:05.037Z', '2026-01-11T09:51:05.037Z'),
  ('9b9a257c-a5cc-4ada-a3a9-76f51068f3bd', '입니다', NULL, 'Là...', 'imnida', '저는 베트남 사람입니다.', 'Tôi là người Việt Nam.', 'c6550cc7-09ee-4700-a65c-280784755dd9', '2026-01-11T09:51:05.037Z', '2026-01-11T09:51:05.037Z'),
  ('9391b726-f788-4b5f-b7fb-95a074fd40b9', '무엇', '何', 'Cái gì', 'mu-eot', '직업이 무엇이에요?', 'Nghề nghiệp của bạn là gì?', 'c6550cc7-09ee-4700-a65c-280784755dd9', '2026-01-11T09:51:05.037Z', '2026-01-11T09:51:05.037Z'),
  ('c1b2a487-e062-40b6-aee4-ec0b58c5e048', '몇', NULL, 'Mấy, bao nhiêu', 'myeot', '지금 몇 시예요?', 'Bây giờ là mấy giờ?', 'c6550cc7-09ee-4700-a65c-280784755dd9', '2026-01-11T09:51:05.037Z', '2026-01-11T09:51:05.037Z'),
  ('e52fcc52-8a03-4cfe-a7ed-beb851472abd', '국적', '國籍', 'Quốc tịch', 'gukjeok', '국적이 어디예요?', 'Quốc tịch của bạn là gì?', 'c5a948f6-1548-4862-ae63-ac30f3a6224f', '2026-01-11T09:51:05.037Z', '2026-01-11T09:51:05.037Z'),
  ('279c7c20-4bbc-48c9-abe7-ffeb59d4c2e2', '나라', NULL, 'Đất nước', 'nara', '어느 나라에서 왔어요?', 'Bạn đến từ đất nước nào?', 'c5a948f6-1548-4862-ae63-ac30f3a6224f', '2026-01-11T09:51:05.037Z', '2026-01-11T09:51:05.037Z'),
  ('0781e256-5b96-4fcb-ae9e-5597b6e0b8c8', '사람', NULL, 'Người', 'saram', '저는 한국 사람입니다.', 'Tôi là người Hàn Quốc.', 'c5a948f6-1548-4862-ae63-ac30f3a6224f', '2026-01-11T09:51:05.037Z', '2026-01-11T09:51:05.037Z'),
  ('d1b6b6a1-47e7-4e50-b243-1afaafb19878', '어느', NULL, 'Nào', 'eoneu', '어느 식당이 맛있어요?', 'Nhà hàng nào ngon?', 'c5a948f6-1548-4862-ae63-ac30f3a6224f', '2026-01-11T09:51:05.037Z', '2026-01-11T09:51:05.037Z'),
  ('aa07ec7e-a035-421b-b058-ef22d6f12994', '한국', '韓國', 'Hàn Quốc', 'hanguk', '저는 한국에 가고 싶어요.', 'Tôi muốn đi Hàn Quốc.', 'c5a948f6-1548-4862-ae63-ac30f3a6224f', '2026-01-11T09:51:05.037Z', '2026-01-11T09:51:05.037Z'),
  ('f77c269e-6347-4199-9c67-67df7573cf29', '베트남', NULL, 'Việt Nam', 'beteunam', '제 고향은 베트남입니다.', 'Quê hương của tôi là Việt Nam.', 'c5a948f6-1548-4862-ae63-ac30f3a6224f', '2026-01-11T09:51:05.037Z', '2026-01-11T09:51:05.037Z'),
  ('97044bef-bba6-4e8f-b52e-629805eeb97e', '미국', '美國', 'Mỹ', 'miguk', '그 친구는 미국에서 왔어요.', 'Người bạn đó đến từ Mỹ.', 'c5a948f6-1548-4862-ae63-ac30f3a6224f', '2026-01-11T09:51:05.037Z', '2026-01-11T09:51:05.037Z'),
  ('ff00b85a-b35c-4b5a-84c6-a633666dbf2f', '일본', '日本', 'Nhật Bản', 'ilbon', '일본 음식을 좋아해요.', 'Tôi thích đồ ăn Nhật Bản.', 'c5a948f6-1548-4862-ae63-ac30f3a6224f', '2026-01-11T09:51:05.037Z', '2026-01-11T09:51:05.037Z'),
  ('a27c3c5e-a5ad-4bc4-ae54-eb0e1c438c65', '중국', '中國', 'Trung Quốc', 'jungguk', '저는 중국어를 공부해요.', 'Tôi học tiếng Trung Quốc.', 'c5a948f6-1548-4862-ae63-ac30f3a6224f', '2026-01-11T09:51:05.037Z', '2026-01-11T09:51:05.037Z'),
  ('d19de498-8af3-43c7-ab7a-b144f9ff0fc0', '한국어', '韓國語', 'Tiếng Hàn', 'hangugeo', '한국어를 잘하고 싶어요.', 'Tôi muốn giỏi tiếng Hàn.', 'c5a948f6-1548-4862-ae63-ac30f3a6224f', '2026-01-11T09:51:05.037Z', '2026-01-11T09:51:05.037Z'),
  ('71d4b7bb-619e-449f-a63a-2f0b979f03ef', '직업', '職業', 'Nghề nghiệp', 'jigeop', '직업이 뭐예요?', 'Nghề nghiệp của bạn là gì?', 'c7433191-feb1-4e5b-be75-6a05854fab33', '2026-01-11T09:51:05.037Z', '2026-01-11T09:51:05.037Z'),
  ('f13396e2-fa48-4d37-a958-fd8677920dcc', '학생', '學生', 'Học sinh, sinh viên', 'haksaeng', '저는 대학생입니다.', 'Tôi là sinh viên đại học.', 'c7433191-feb1-4e5b-be75-6a05854fab33', '2026-01-11T09:51:05.037Z', '2026-01-11T09:51:05.037Z'),
  ('5181e097-0ba3-4c6c-955a-f561bdeb281e', '선생님', '先生님', 'Giáo viên', 'seonsaengnim', '우리 선생님은 정말 친절해요.', 'Giáo viên của chúng tôi rất thân thiện.', 'c7433191-feb1-4e5b-be75-6a05854fab33', '2026-01-11T09:51:05.037Z', '2026-01-11T09:51:05.037Z'),
  ('64de5444-d268-467a-be65-bdeb7c3b688a', '회사원', '會社員', 'Nhân viên công ty', 'hoesawon', '제 친구는 회사원이에요.', 'Bạn tôi là nhân viên công ty.', 'c7433191-feb1-4e5b-be75-6a05854fab33', '2026-01-11T09:51:05.037Z', '2026-01-11T09:51:05.037Z'),
  ('b27babc3-745f-4cb2-b340-03f6ca61c464', '의사', '醫師', 'Bác sĩ', 'uisa', '아파서 의사를 만나러 갔어요.', 'Vì bị ốm nên tôi đã đi gặp bác sĩ.', 'c7433191-feb1-4e5b-be75-6a05854fab33', '2026-01-11T09:51:05.037Z', '2026-01-11T09:51:05.037Z'),
  ('fbff4bf3-f0d9-4fba-86ae-922ca5787093', '간호사', '看護師', 'Y tá', 'ganhosa', '간호사가 주사를 놓았어요.', 'Y tá đã tiêm cho tôi.', 'c7433191-feb1-4e5b-be75-6a05854fab33', '2026-01-11T09:51:05.037Z', '2026-01-11T09:51:05.037Z'),
  ('38a1f0c1-e341-4813-8232-fd4d09779603', '경찰', '警察', 'Cảnh sát', 'gyeongchal', '경찰이 교통정리를 해요.', 'Cảnh sát đang điều tiết giao thông.', 'c7433191-feb1-4e5b-be75-6a05854fab33', '2026-01-11T09:51:05.037Z', '2026-01-11T09:51:05.037Z'),
  ('bc0944da-99c6-4925-b68c-a59f49173465', '요리사', '料理師', 'Đầu bếp', 'yorisa', '제 꿈은 요리사입니다.', 'Ước mơ của tôi là trở thành đầu bếp.', 'c7433191-feb1-4e5b-be75-6a05854fab33', '2026-01-11T09:51:05.037Z', '2026-01-11T09:51:05.037Z'),
  ('9280df53-cc5a-49ea-9b96-19d10d1d4656', '가수', '歌手', 'Ca sĩ', 'gasu', '그 가수는 노래를 아주 잘해요.', 'Ca sĩ đó hát rất hay.', 'c7433191-feb1-4e5b-be75-6a05854fab33', '2026-01-11T09:51:05.037Z', '2026-01-11T09:51:05.037Z'),
  ('92da941f-4804-4623-b56d-5b82fb890b5a', '주부', '主婦', 'Nội trợ', 'jubu', '우리 어머니는 주부입니다.', 'Mẹ của chúng tôi là nội trợ.', 'c7433191-feb1-4e5b-be75-6a05854fab33', '2026-01-11T09:51:05.037Z', '2026-01-11T09:51:05.037Z');

-- Quiz Questions
INSERT INTO "QuizQuestion" (id, question, "questionTranslation", options, "correctAnswer", explanation, "VocabularyId", "createdAt", "updatedAt") VALUES ('6a2078fd-63de-4b9b-8464-2c28c0795b93', '처음 만났을 때 무엇이라고 말하나요?', 'Khi gặp lần đầu người ta nói gì?', ARRAY['안녕히 가세요', '안녕하세요', '감사합니다', '죄송합니다']::text[], '안녕하세요', '안녕하세요 là lời chào phổ biến nhất trong tiếng Hàn, dùng khi gặp gỡ ai đó lần đầu hoặc trong tình huống trang trọng.', '75b27359-13d9-4441-8c29-3eac63cc646d', '2026-01-11T09:51:05.037Z', '2026-01-11T09:51:05.037Z'),
  ('78e690fc-9080-43dd-a4dc-cc5086e746c6', '선생님께 인사할 때 적절한 말은?', 'Khi chào thầy/cô, câu nào phù hợp?', ARRAY['안녕', '안녕하세요', '잘 가', '또 봐']::text[], '안녕하세요', '안녕하세요 là hình thức lịch sự, trang trọng để chào hỏi, phù hợp khi nói với thầy cô hoặc người lớn tuổi.', '75b27359-13d9-4441-8c29-3eac63cc646d', '2026-01-11T09:51:05.037Z', '2026-01-11T09:51:05.037Z'),
  ('6e99fc1c-13c7-4b76-a75e-939f29274286', '친구가 집에 갈 때 뭐라고 하나요?', 'Khi bạn về nhà, chúng ta nói gì?', ARRAY['안녕하세요', '안녕히 가세요', '안녕히 계세요', '어서 오세요']::text[], '안녕히 가세요', '안녕히 가세요 được dùng khi chào tạm biệt người đang rời đi, trong khi bạn ở lại.', '0ee8d0a6-42c9-4891-a8a4-5308b5664a76', '2026-01-11T09:51:05.037Z', '2026-01-11T09:51:05.037Z'),
  ('ec09f79b-bca4-4db9-b53b-f2ecfc137ab0', '손님이 가게를 나갈 때 직원이 하는 말은?', 'Khi khách rời cửa hàng, nhân viên nói gì?', ARRAY['안녕히 계세요', '안녕히 가세요', '어서 오세요', '감사합니다']::text[], '안녕히 가세요', '안녕히 가세요 là lời chào lịch sự dành cho người đang rời đi, thường dùng trong cửa hàng, nhà hàng hoặc khi tiễn khách.', '0ee8d0a6-42c9-4891-a8a4-5308b5664a76', '2026-01-11T09:51:05.037Z', '2026-01-11T09:51:05.037Z'),
  ('fa163c9e-4595-4df9-8f63-db5d6d6a6e73', '회사에서 먼저 퇴근할 때 동료에게 뭐라고 하나요?', 'Khi rời công ty trước đồng nghiệp, bạn nói gì?', ARRAY['안녕히 가세요', '안녕히 계세요', '안녕하세요', '수고하세요']::text[], '안녕히 계세요', '안녕히 계세요 được dùng khi bạn rời đi và người kia ở lại, ví dụ khi bạn về trước đồng nghiệp.', '7e83ff7f-f1f6-47db-ba8c-a9d34084ab39', '2026-01-11T09:51:05.037Z', '2026-01-11T09:51:05.037Z'),
  ('0c9088b3-0c73-435b-96ca-83bbc50e12ca', '식당에서 계산하고 나올 때 주인에게 하는 말은?', 'Khi thanh toán và rời nhà hàng, bạn nói với chủ quán gì?', ARRAY['안녕하세요', '안녕히 계세요', '잘 먹었습니다', '다녀오겠습니다']::text[], '안녕히 계세요', '안녕히 계세요 là lời chào phù hợp khi khách hàng rời đi và chủ quán vẫn ở lại quán.', '7e83ff7f-f1f6-47db-ba8c-a9d34084ab39', '2026-01-11T09:51:05.037Z', '2026-01-11T09:51:05.037Z'),
  ('e8b33f60-a576-4246-9d4b-7952a02a9d34', '선생님께 선물을 받았을 때 뭐라고 하나요?', 'Khi nhận quà từ thầy/cô, bạn nói gì?', ARRAY['죄송합니다', '감사합니다', '네', '아니요']::text[], '감사합니다', '감사합니다 là cách nói cảm ơn trang trọng, lịch sự trong tiếng Hàn, dùng trong các tình huống chính thức hoặc với người lớn tuổi.', '692e04a0-2bee-41ee-95f4-28b20db115b1', '2026-01-11T09:51:05.037Z', '2026-01-11T09:51:05.037Z'),
  ('3d3a80ad-ea3e-4c19-b050-66f1cc8a02f2', '누군가 도움을 준 후에 하는 말은?', 'Sau khi ai đó giúp đỡ, bạn nói gì?', ARRAY['죄송합니다', '괜찮아요', '감사합니다', '만나서 반갑습니다']::text[], '감사합니다', '감사합니다 dùng để bày tỏ lòng biết ơn khi nhận được sự giúp đỡ từ người khác.', '692e04a0-2bee-41ee-95f4-28b20db115b1', '2026-01-11T09:51:05.037Z', '2026-01-11T09:51:05.037Z'),
  ('1607322a-c66a-4557-9535-123ca0603797', '지하철에서 누군가의 발을 밟았을 때 뭐라고 하나요?', 'Khi vô tình dẫm lên chân ai đó trên tàu điện ngầm, bạn nói gì?', ARRAY['감사합니다', '죄송합니다', '네', '안녕하세요']::text[], '죄송합니다', '죄송합니다 là cách xin lỗi trang trọng, dùng khi mắc lỗi hoặc gây ra sự bất tiện cho người khác.', 'fa1ff196-3d51-4db9-b762-7cd2c2831dee', '2026-01-11T09:51:05.037Z', '2026-01-11T09:51:05.037Z'),
  ('29f64c22-9142-4ba7-b6d6-e77985184b3a', '약속에 늦었을 때 가장 먼저 해야 할 말은?', 'Khi đến muộn cuộc hẹn, điều đầu tiên bạn nên nói là gì?', ARRAY['안녕하세요', '감사합니다', '죄송합니다', '만나서 반갑습니다']::text[], '죄송합니다', '죄송합니다 là cách xin lỗi thích hợp khi bạn đến muộn hoặc vi phạm một quy tắc xã hội.', 'fa1ff196-3d51-4db9-b762-7cd2c2831dee', '2026-01-11T09:51:05.037Z', '2026-01-11T09:51:05.037Z'),
  ('445f1746-b708-43d1-a960-64f813890e9a', '질문에 긍정적으로 대답할 때 하는 말은?', 'Khi trả lời khẳng định một câu hỏi, bạn nói gì?', ARRAY['아니요', '네', '죄송합니다', '감사합니다']::text[], '네', '네 là cách nói ''vâng'', ''dạ'' hoặc ''đúng vậy'' trong tiếng Hàn, dùng để đồng ý hoặc xác nhận điều gì đó.', '1099f120-8a98-4aa1-b9cc-1e728239f8f1', '2026-01-11T09:51:05.037Z', '2026-01-11T09:51:05.037Z'),
  ('c5c0ceff-a376-4e6c-ae0d-d1308c2d4c0d', '"커피 마실래요?" 라고 물었을 때 마시고 싶다면?', 'Khi được hỏi "Bạn có muốn uống cà phê không?" và bạn muốn uống, bạn trả lời thế nào?', ARRAY['아니요', '네', '괜찮아요', '죄송합니다']::text[], '네', '네 dùng để trả lời đồng ý hoặc chấp nhận một lời đề nghị, mời mọc.', '1099f120-8a98-4aa1-b9cc-1e728239f8f1', '2026-01-11T09:51:05.037Z', '2026-01-11T09:51:05.037Z'),
  ('f3f22ee8-af1d-4009-b3de-0446231849fc', '질문에 부정적으로 대답할 때 하는 말은?', 'Khi trả lời phủ định một câu hỏi, bạn nói gì?', ARRAY['네', '아니요', '감사합니다', '만나서 반갑습니다']::text[], '아니요', '아니요 là cách nói ''không'' hoặc ''không phải'' trong tiếng Hàn, dùng để từ chối hoặc phủ nhận điều gì đó.', 'b4d240ad-6adb-4cad-a0e9-0b9249774a3e', '2026-01-11T09:51:05.037Z', '2026-01-11T09:51:05.037Z'),
  ('79dea75c-fffc-4af3-b2aa-adca47af8ca1', '"저 분이 선생님이에요?" 라고 물었을 때 선생님이 아니라면?', 'Khi được hỏi "Người đó có phải là giáo viên không?" và không phải, bạn trả lời thế nào?', ARRAY['네', '아니요', '감사합니다', '죄송합니다']::text[], '아니요', '아니요 dùng để trả lời phủ định khi thông tin không chính xác hoặc khi bạn không đồng ý.', 'b4d240ad-6adb-4cad-a0e9-0b9249774a3e', '2026-01-11T09:51:05.037Z', '2026-01-11T09:51:05.037Z'),
  ('e8a4910d-bdc1-4b73-ab8b-7112cfe73100', '누군가 실수했을 때 화내지 않고 이해해준다는 뜻으로 하는 말은?', 'Khi ai đó mắc lỗi và bạn muốn nói rằng bạn không giận và thông cảm, bạn nói gì?', ARRAY['죄송합니다', '감사합니다', '괜찮아요', '안녕하세요']::text[], '괜찮아요', '괜찮아요 có nghĩa là ''không sao đâu'', ''ổn mà'', dùng để trấn an người khác hoặc cho biết mọi thứ vẫn ổn.', '71dd403c-5d9d-4a73-b1a3-a1234cd8c636', '2026-01-11T09:51:05.037Z', '2026-01-11T09:51:05.037Z'),
  ('513f09ba-2b8b-407d-9f44-d80ded8a29fc', '"미안해요" 라고 했을 때 "______" 하고 대답할 수 있어요.', 'Khi ai đó nói "Xin lỗi", bạn có thể trả lời "______".', ARRAY['감사합니다', '안녕하세요', '괜찮아요', '만나서 반갑습니다']::text[], '괜찮아요', '괜찮아요 là câu trả lời thông dụng khi ai đó xin lỗi, thể hiện sự tha thứ hoặc không có vấn đề gì.', '71dd403c-5d9d-4a73-b1a3-a1234cd8c636', '2026-01-11T09:51:05.037Z', '2026-01-11T09:51:05.037Z'),
  ('9f677859-4031-4a29-9854-16c100c0a22a', '새로운 친구를 만났을 때 기쁨을 표현하는 말은?', 'Khi gặp một người bạn mới, câu nào thể hiện sự vui mừng?', ARRAY['안녕히 가세요', '만나서 반갑습니다', '죄송합니다', '괜찮아요']::text[], '만나서 반갑습니다', '만나서 반갑습니다 nghĩa là ''rất vui được gặp bạn'', dùng để bày tỏ niềm vui khi gặp ai đó lần đầu.', 'ec879980-64b1-4793-823e-62beca4a147f', '2026-01-11T09:51:05.037Z', '2026-01-11T09:51:05.037Z'),
  ('c920a7cd-4831-4e85-a279-17c3c2bbc8fe', '첫 인사 후에 추가로 할 수 있는 말은?', 'Sau lời chào đầu tiên, bạn có thể nói thêm gì?', ARRAY['안녕히 계세요', '만나서 반갑습니다', '감사합니다', '죄송합니다']::text[], '만나서 반갑습니다', '만나서 반갑습니다 thường được nói sau 안녕하세요 khi gặp ai đó lần đầu, thể hiện sự thân thiện.', 'ec879980-64b1-4793-823e-62beca4a147f', '2026-01-11T09:51:05.037Z', '2026-01-11T09:51:05.037Z'),
  ('d0e1c16a-0a15-4037-a50c-eb361c314fb2', '새로운 친구에게 질문할 때 "______이 뭐예요?" 라고 물어요.', 'Khi hỏi một người bạn mới, chúng ta nói "______ là gì?"', ARRAY['나이', '이름', '전화번호', '주소']::text[], '이름', '이름 có nghĩa là ''tên'', dùng để hỏi tên của người khác trong tình huống thông thường.', '545580bf-922d-4827-b1b6-34fc467012d9', '2026-01-11T09:51:05.037Z', '2026-01-11T09:51:05.037Z'),
  ('74484892-60b4-485b-9ffc-b26145a94f4d', '제 ______은 이지영입니다.', '______ của tôi là Lee Ji-young.', ARRAY['나이', '이름', '직업', '국적']::text[], '이름', '이름 dùng khi giới thiệu tên của bản thân trong các tình huống giao tiếp.', '545580bf-922d-4827-b1b6-34fc467012d9', '2026-01-11T09:51:05.037Z', '2026-01-11T09:51:05.037Z'),
  ('0b85cfbd-4a6b-4058-8ee6-614def11b482', '어르신께 공손하게 물을 때 "______이 어떻게 되세요?" 라고 합니다.', 'Khi hỏi lịch sự với người lớn tuổi, chúng ta nói "______ là gì ạ?"', ARRAY['이름', '성함', '호칭', '별명']::text[], '성함', '성함 là kính ngữ của 이름, dùng để hỏi tên một cách trang trọng với người lớn tuổi hoặc trong tình huống chính thức.', 'efb65d8b-3635-4c7e-9c9f-bca6f41770ce', '2026-01-11T09:51:05.037Z', '2026-01-11T09:51:05.037Z'),
  ('95a5eb96-40bd-4d39-8ded-a659fc7e593d', '회사 면접에서 "______이 어떻게 되시나요?" 라고 물을 수 있어요.', 'Trong phỏng vấn công ty, có thể hỏi "______ của anh/chị là gì?"', ARRAY['이름', '성함', '나이', '직급']::text[], '성함', '성함 được sử dụng trong các tình huống trang trọng, chuyên nghiệp như phỏng vấn, gặp gỡ đối tác.', 'efb65d8b-3635-4c7e-9c9f-bca6f41770ce', '2026-01-11T09:51:05.037Z', '2026-01-11T09:51:05.037Z'),
  ('04bce309-0851-4f38-933c-1af330034b30', '"______가 몇 살이에요?" 라고 물으면 상대방의 연령을 묻는 거예요.', 'Khi hỏi "______ bao nhiêu tuổi?" là đang hỏi tuổi của đối phương.', ARRAY['이름', '나이', '키', '몸무게']::text[], '나이', '나이 có nghĩa là ''tuổi'', dùng khi hỏi về độ tuổi của một người.', 'a13cb5d0-07cc-41f5-a750-ba08550114d1', '2026-01-11T09:51:05.037Z', '2026-01-11T09:51:05.037Z'),
  ('ca472657-bf4d-4f10-80df-a41063146eab', '어린 아이의 ______를 물을 때는 조심스럽게 해야 해요.', 'Khi hỏi ______ của trẻ nhỏ, cần phải cẩn thận.', ARRAY['이름', '나이', '성별', '취미']::text[], '나이', '나이 là chủ đề nhạy cảm trong một số văn hóa, đặc biệt khi hỏi người lớn tuổi hoặc trong môi trường chuyên nghiệp.', 'a13cb5d0-07cc-41f5-a750-ba08550114d1', '2026-01-11T09:51:05.037Z', '2026-01-11T09:51:05.037Z'),
  ('ea2a686e-81f6-42ba-bc91-e71c8cd3fb39', '저는 스물한 ______입니다.', 'Tôi 21 ______.', ARRAY['년', '살', '개월', '월']::text[], '살', '살 là đơn vị đếm tuổi trong tiếng Hàn, luôn đứng sau số từ để chỉ số tuổi.', 'af9a0a15-8422-43a9-b10d-206852f06e9a', '2026-01-11T09:51:05.037Z', '2026-01-11T09:51:05.037Z'),
  ('e8bff9b5-63c2-421b-ae2e-0de84c4d3d86', '아기가 열두 ______이 되었어요.', 'Em bé đã được 12 ______ rồi.', ARRAY['살', '개월', '년', '주']::text[], '살', '살 dùng để đếm tuổi của người, động từ chính là ''되다'' (trở thành) hoặc ''이다'' (là).', 'af9a0a15-8422-43a9-b10d-206852f06e9a', '2026-01-11T09:51:05.037Z', '2026-01-11T09:51:05.037Z'),
  ('b760872d-13ba-4cc5-bdf8-8498a245e6ae', '선생님께 말할 때 "______는 한국어를 배우고 있습니다." 라고 말해요.', 'Khi nói với thầy/cô, chúng ta nói "______ đang học tiếng Hàn."', ARRAY['나', '저', '우리', '너']::text[], '저', '저 là đại từ nhân xưng ngôi thứ nhất số ít dạng kính ngữ, dùng trong tình huống trang trọng hoặc với người lớn tuổi.', 'a99bd9f7-aa7b-4c52-93e1-4e75fa455508', '2026-01-11T09:51:05.037Z', '2026-01-11T09:51:05.037Z'),
  ('63afbfbd-cdbc-4196-b311-225867a11769', '면접에서 자기소개할 때 "______는 지원자 김민수입니다." 라고 시작해요.', 'Khi giới thiệu bản thân trong phỏng vấn, chúng ta bắt đầu bằng "______ là thí sinh Kim Minsoo."', ARRAY['나', '저', '제가', '저희']::text[], '저', '저 được sử dụng trong các tình huống chính thức, lịch sự như phỏng vấn, thuyết trình, gặp gỡ đối tác.', 'a99bd9f7-aa7b-4c52-93e1-4e75fa455508', '2026-01-11T09:51:05.037Z', '2026-01-11T09:51:05.037Z'),
  ('81c987fc-948b-4092-adeb-604a60b6fb94', '친구에게 말할 때 "______는 내일 영화 보러 갈 거야." 라고 해요.', 'Khi nói với bạn bè, chúng ta nói "______ sẽ đi xem phim vào ngày mai."', ARRAY['저', '나', '제가', '저희']::text[], '나', '나 là đại từ nhân xưng ngôi thứ nhất số ít dạng thân mật, dùng với bạn bè, người nhỏ tuổi hơn hoặc trong tình huống không trang trọng.', 'a206c5a2-f51d-455d-a0df-e2f855f79edc', '2026-01-11T09:51:05.037Z', '2026-01-11T09:51:05.037Z'),
  ('10308222-6b6c-4256-a19b-4426538c891b', '일기장에 "오늘 ______는 학교에 갔다." 라고 쓸 수 있어요.', 'Có thể viết trong nhật ký "Hôm nay ______ đã đi học."', ARRAY['저', '나', '제', '저의']::text[], '나', '나 thường được sử dụng trong văn viết thân mật, nhật ký, hoặc khi nói chuyện với chính mình.', 'a206c5a2-f51d-455d-a0df-e2f855f79edc', '2026-01-11T09:51:05.037Z', '2026-01-11T09:51:05.037Z'),
  ('abb5ece7-5708-41f9-bf89-d5b9e1b5b906', '"______ 전화번호는 010-1234-5678입니다." 라고 말할 수 있어요.', 'Có thể nói "______ số điện thoại là 010-1234-5678."', ARRAY['나의', '저의', '제', '내']::text[], '제', '제 là hình thức rút gọn của 저의 (của tôi), dạng kính ngữ, thường được sử dụng trong giao tiếp hàng ngày.', '91aae543-8513-4e1b-ac92-6ddc046ab556', '2026-01-11T09:51:05.037Z', '2026-01-11T09:51:05.037Z'),
  ('3a9b2f37-4e35-4ce6-a839-21e187d647dc', '공식 자리에서 "______ 소속은 한국대학교입니다." 라고 소개해요.', 'Trong sự kiện chính thức, chúng ta giới thiệu "______ trường là Đại học Hàn Quốc."', ARRAY['내', '나의', '제', '저희']::text[], '제', '제 được sử dụng trong các tình huống trang trọng để nói về những thứ thuộc sở hữu của bản thân.', '91aae543-8513-4e1b-ac92-6ddc046ab556', '2026-01-11T09:51:05.037Z', '2026-01-11T09:51:05.037Z'),
  ('052dcd57-f09b-4cad-8b66-7c64525803e8', '자기소개할 때 "저는 회사원______." 이라고 말해요.', 'Khi giới thiệu bản thân, chúng ta nói "Tôi là nhân viên công ty______."', ARRAY['입니다', '이에요', '입니다', '이야']::text[], '입니다', '입니다 là đuôi kết thúc câu trang trọng, có nghĩa ''là'', dùng với danh từ để giới thiệu nghề nghiệp, quốc tịch, v.v.', '9b9a257c-a5cc-4ada-a3a9-76f51068f3bd', '2026-01-11T09:51:05.037Z', '2026-01-11T09:51:05.037Z'),
  ('b1f48752-09ff-40c3-8c3d-c73da0c45d5b', '이분은 우리 회사 사장님______.', 'Vị này là giám đốc công ty chúng tôi______.', ARRAY['입니다', '이에요', '입니다', '야']::text[], '입니다', '입니다 được sử dụng trong các tình huống trang trọng để giới thiệu người khác hoặc chức danh của họ.', '9b9a257c-a5cc-4ada-a3a9-76f51068f3bd', '2026-01-11T09:51:05.037Z', '2026-01-11T09:51:05.037Z'),
  ('6a806774-35c9-47b2-868c-30f70e3b8ec7', '"이것은 ______입니까?" 라고 물을 때는 사물의 정체를 묻는 거예요.', 'Khi hỏi "Cái này là ______?" là đang hỏi về bản chất của vật đó.', ARRAY['누구', '무엇', '어디', '언제']::text[], '무엇', '무엇 có nghĩa là ''cái gì'', dùng để hỏi về sự vật, sự việc, khái niệm.', '9391b726-f788-4b5f-b7fb-95a074fd40b9', '2026-01-11T09:51:05.037Z', '2026-01-11T09:51:05.037Z'),
  ('de98c108-1e3f-4d66-921a-1fac7d9a14d2', '생일 선물로 ______을/를 받고 싶어요?', 'Bạn muốn nhận ______ như quà sinh nhật?', ARRAY['누구', '무엇', '어디', '왜']::text[], '무엇', '무엇 dùng để hỏi về đồ vật, món quà, hoặc thứ cụ thể mà không phải là người.', '9391b726-f788-4b5f-b7fb-95a074fd40b9', '2026-01-11T09:51:05.037Z', '2026-01-11T09:51:05.037Z'),
  ('889a3910-84a0-4507-abe2-beec71747989', '"______ 명이 왔어요?" 라고 물으면 인원수를 묻는 거예요.', 'Khi hỏi "Đã đến ______ người?" là đang hỏi về số lượng người.', ARRAY['무슨', '어떤', '몇', '무엇']::text[], '몇', '몇 có nghĩa là ''mấy'', ''bao nhiêu'', dùng để hỏi về số lượng, thường đi kèm với danh từ đếm được.', 'c1b2a487-e062-40b6-aee4-ec0b58c5e048', '2026-01-11T09:51:05.037Z', '2026-01-11T09:51:05.037Z'),
  ('5bbe3142-0c2e-4c01-82c3-c52315fb8e2f', '한국어를 ______ 년 동안 공부했어요?', 'Bạn đã học tiếng Hàn được ______ năm?', ARRAY['무슨', '어떤', '몇', '무엇']::text[], '몇', '몇 dùng để hỏi về số lượng thời gian, kết hợp với đơn vị thời gian như 년 (năm), 달 (tháng), 시 (giờ).', 'c1b2a487-e062-40b6-aee4-ec0b58c5e048', '2026-01-11T09:51:05.037Z', '2026-01-11T09:51:05.037Z'),
  ('a1c41e67-66d8-4d24-8b06-75e863e7ad5b', '여권에 적혀 있는 중요한 정보 중 하나는 ______입니다.', 'Một trong những thông tin quan trọng ghi trên hộ chiếu là ______.', ARRAY['이름', '국적', '나이', '주소']::text[], '국적', '국적 có nghĩa là ''quốc tịch'', là thông tin quan trọng trên giấy tờ tùy thân như hộ chiếu.', 'e52fcc52-8a03-4cfe-a7ed-beb851472abd', '2026-01-11T09:51:05.037Z', '2026-01-11T09:51:05.037Z'),
  ('a643ea9a-9ece-4309-a81c-9941ff352692', '외국인 등록증에는 ______이 명시되어 있어요.', 'Trên thẻ đăng ký người nước ngoài có ghi rõ ______.', ARRAY['직업', '국적', '취미', '혈액형']::text[], '국적', '국적 là thông tin bắt buộc trên các giấy tờ chính thức của người nước ngoài sinh sống tại Hàn Quốc.', 'e52fcc52-8a03-4cfe-a7ed-beb851472abd', '2026-01-11T09:51:05.037Z', '2026-01-11T09:51:05.037Z'),
  ('23525815-17d9-43a8-9790-43d7faed565a', '여행을 좋아하는 사람은 많은 ______를 방문해요.', 'Người thích du lịch thường đến thăm nhiều ______.', ARRAY['도시', '나라', '마을', '지역']::text[], '나라', '나라 có nghĩa là ''đất nước'', dùng để chỉ một quốc gia có chủ quyền.', '279c7c20-4bbc-48c9-abe7-ffeb59d4c2e2', '2026-01-11T09:51:05.037Z', '2026-01-11T09:51:05.037Z'),
  ('8b9b63e4-c75e-422e-aef2-b9d89785d78d', '올림픽에는 세계 각 ______의 선수들이 참가해요.', 'Trong Olympic có các vận động viên từ các ______ khác nhau trên thế giới tham gia.', ARRAY['도시', '나라', '마을', '지역']::text[], '나라', '나라 được dùng trong bối cảnh quốc tế như thể thao, chính trị, ngoại giao để chỉ các quốc gia.', '279c7c20-4bbc-48c9-abe7-ffeb59d4c2e2', '2026-01-11T09:51:05.037Z', '2026-01-11T09:51:05.037Z'),
  ('0edada1e-94bb-447b-8cec-31347f0bafa1', '저는 외국 ______와 친구가 되었어요.', 'Tôi đã kết bạn với một người ______ nước ngoài.', ARRAY['사람', '동물', '식물', '물건']::text[], '사람', '사람 có nghĩa là ''người'', dùng để chỉ con người nói chung hoặc một cá nhân cụ thể.', '0781e256-5b96-4fcb-ae9e-5597b6e0b8c8', '2026-01-11T09:51:05.037Z', '2026-01-11T09:51:05.037Z'),
  ('679195ce-aa9e-4910-9a51-afe2e8644741', '이 회사에는 많은 외국인 ______들이 근무하고 있어요.', 'Có nhiều ______ người nước ngoài đang làm việc tại công ty này.', ARRAY['사람', '기계', '가구', '차량']::text[], '사람', '사람들 là số nhiều của 사람, dùng để chỉ nhiều người cùng một lúc.', '0781e256-5b96-4fcb-ae9e-5597b6e0b8c8', '2026-01-11T09:51:05.037Z', '2026-01-11T09:51:05.037Z'),
  ('6395517a-95a3-4103-bdc9-d86745d6305d', '"______ 영화를 볼까요?" 라고 물으면 선택을 요청하는 거예요.', 'Khi hỏi "Chúng ta xem phim ______?" là đang yêu cầu lựa chọn.', ARRAY['무슨', '어느', '어떤', '몇']::text[], '어느', '어느 có nghĩa là ''nào'', dùng để hỏi về sự lựa chọn giữa một số ít các lựa chọn cụ thể.', 'd1b6b6a1-47e7-4e50-b243-1afaafb19878', '2026-01-11T09:51:05.037Z', '2026-01-11T09:51:05.037Z'),
  ('8ebc9443-a0a6-4d9b-bf06-14a4088cc6b7', '"______ 버스를 타야 해요?" 라고 물으면 특정 버스를 찾는 거예요.', 'Khi hỏi "Tôi nên đi xe buýt ______?" là đang tìm kiếm một xe buýt cụ thể.', ARRAY['무슨', '어느', '어떤', '왜']::text[], '어느', '어느 thường được dùng khi có các lựa chọn hạn chế và cần xác định một cái cụ thể trong số đó.', 'd1b6b6a1-47e7-4e50-b243-1afaafb19878', '2026-01-11T09:51:05.037Z', '2026-01-11T09:51:05.037Z'),
  ('59898505-5d3f-4875-a146-ae56895ca5e6', '______ 드라마를 보면서 한국어를 배우는 사람이 많아요.', 'Có nhiều người học tiếng Hàn bằng cách xem phim truyền hình ______.', ARRAY['한국', '미국', '일본', '중국']::text[], '한국', '한국 là tên gọi của đất nước Hàn Quốc, thường được dùng như tính từ để chỉ những thứ thuộc về Hàn Quốc.', 'aa07ec7e-a035-421b-b058-ef22d6f12994', '2026-01-11T09:51:05.037Z', '2026-01-11T09:51:05.037Z'),
  ('4288a5a6-e638-47e9-b602-185dfe7f65fd', '내년에 ______ 여행을 계획하고 있어요.', 'Tôi đang lên kế hoạch đi du lịch ______ vào năm sau.', ARRAY['한국', '베트남', '태국', '필리핀']::text[], '한국', '한국 thường được sử dụng trước danh từ để tạo thành cụm danh từ như 한국 여행 (du lịch Hàn Quốc), 한국 음식 (đồ ăn Hàn Quốc).', 'aa07ec7e-a035-421b-b058-ef22d6f12994', '2026-01-11T09:51:05.037Z', '2026-01-11T09:51:05.037Z'),
  ('b15f9f01-055b-4cc3-8a96-4545e94f6620', '______ 음식 중에서 가장 좋아하는 것은 뭐예요?', 'Trong số các món ăn ______, bạn thích nhất món gì?', ARRAY['베트남', '한국', '일본', '중국']::text[], '베트남', '베트남 là tên gọi của đất nước Việt Nam trong tiếng Hàn, có thể dùng như tính từ để mô tả những thứ thuộc về Việt Nam.', 'f77c269e-6347-4199-9c67-67df7573cf29', '2026-01-11T09:51:05.037Z', '2026-01-11T09:51:05.037Z'),
  ('54a87981-a971-4adf-9017-8d89db91bd1d', '저는 ______ 친구들과 함께 한국어를 공부해요.', 'Tôi học tiếng Hàn cùng với những người bạn ______.', ARRAY['베트남', '미국', '캐나다', '호주']::text[], '베트남', '베트남 đứng trước danh từ để chỉ những người hoặc vật có nguồn gốc từ Việt Nam.', 'f77c269e-6347-4199-9c67-67df7573cf29', '2026-01-11T09:51:05.037Z', '2026-01-11T09:51:05.037Z'),
  ('297dd49f-d074-4061-99f9-e7eb4a6002a2', '______ 영화는 전 세계에서 인기가 많아요.', 'Phim ______ rất nổi tiếng trên toàn thế giới.', ARRAY['미국', '한국', '프랑스', '인도']::text[], '미국', '미국 là tên gọi của Hoa Kỳ (Mỹ) trong tiếng Hàn, thường được dùng để chỉ những sản phẩm văn hóa, kinh tế từ Mỹ.', '97044bef-bba6-4e8f-b52e-629805eeb97e', '2026-01-11T09:51:05.037Z', '2026-01-11T09:51:05.037Z'),
  ('435b2a1c-fe2f-4d27-8505-2e9013a8bcde', '______ 대학에서 공부하는 것이 꿈이에요.', 'Ước mơ của tôi là được học ở trường đại học ______.', ARRAY['미국', '영국', '독일', '이탈리아']::text[], '미국', '미국 được sử dụng như tính từ trước danh từ để chỉ những thứ liên quan đến nước Mỹ.', '97044bef-bba6-4e8f-b52e-629805eeb97e', '2026-01-11T09:51:05.037Z', '2026-01-11T09:51:05.037Z'),
  ('32352457-0ef3-4497-bd5a-e4eb6519529f', '______ 만화는 한국에서도 많이 읽혀요.', 'Truyện tranh ______ cũng được đọc nhiều ở Hàn Quốc.', ARRAY['일본', '중국', '미국', '프랑스']::text[], '일본', '일본 là tên gọi của Nhật Bản trong tiếng Hàn, thường được dùng để mô tả văn hóa, sản phẩm từ Nhật Bản.', 'ff00b85a-b35c-4b5a-84c6-a633666dbf2f', '2026-01-11T09:51:05.037Z', '2026-01-11T09:51:05.037Z'),
  ('310708f9-53f2-401d-902d-3cbc9733e8b5', '______ 여행을 가려면 비자가 필요해요.', 'Để đi du lịch ______, cần phải có visa.', ARRAY['일본', '태국', '필리핀', '말레이시아']::text[], '일본', '일본 đứng trước danh từ để tạo thành các cụm từ chỉ hoạt động, sự vật liên quan đến Nhật Bản.', 'ff00b85a-b35c-4b5a-84c6-a633666dbf2f', '2026-01-11T09:51:05.037Z', '2026-01-11T09:51:05.037Z'),
  ('cfad23ad-a33c-4d9f-b8db-081ab5f0021b', '______ 요리는 지역에 따라 매우 다양해요.', 'Ẩm thực ______ rất đa dạng tùy theo vùng miền.', ARRAY['중국', '한국', '베트남', '태국']::text[], '중국', '중국 là tên gọi của Trung Quốc trong tiếng Hàn, dùng để chỉ những thứ có nguồn gốc từ Trung Quốc.', 'a27c3c5e-a5ad-4bc4-ae54-eb0e1c438c65', '2026-01-11T09:51:05.037Z', '2026-01-11T09:51:05.037Z'),
  ('9c54bdc9-b942-4ff6-b272-0f50f3277e64', '______ 역사는 매우 오래되고 풍부해요.', 'Lịch sử ______ rất lâu đời và phong phú.', ARRAY['중국', '한국', '일본', '몽골']::text[], '중국', '중국 được sử dụng như tính từ để mô tả các khía cạnh văn hóa, xã hội, lịch sử của Trung Quốc.', 'a27c3c5e-a5ad-4bc4-ae54-eb0e1c438c65', '2026-01-11T09:51:05.037Z', '2026-01-11T09:51:05.037Z'),
  ('1897646c-26cb-430a-afe5-7612187f7aa6', '외국인들이 ______를 배우기 위해 한국에 옵니다.', 'Người nước ngoài đến Hàn Quốc để học ______.', ARRAY['한국어', '영어', '일본어', '중국어']::text[], '한국어', '한국어 có nghĩa là ''tiếng Hàn'', là ngôn ngữ chính thức của Hàn Quốc.', 'd19de498-8af3-43c7-ab7a-b144f9ff0fc0', '2026-01-11T09:51:05.037Z', '2026-01-11T09:51:05.037Z'),
  ('776fdbc8-f09f-4f39-8792-e5f234404546', '______ 수업은 재미있지만 어려워요.', 'Lớp học ______ thú vị nhưng khó.', ARRAY['한국어', '수학', '과학', '역사']::text[], '한국어', '한국어 thường được dùng để chỉ môn học, khóa học về ngôn ngữ Hàn Quốc.', 'd19de498-8af3-43c7-ab7a-b144f9ff0fc0', '2026-01-11T09:51:05.037Z', '2026-01-11T09:51:05.037Z'),
  ('e7020ecc-4026-4185-a3fe-59b1e4d5e0a3', '취업을 하면 사람들은 ______을 가지게 돼요.', 'Khi có việc làm, mọi người sẽ có ______.', ARRAY['직업', '취미', '가족', '친구']::text[], '직업', '직업 có nghĩa là ''nghề nghiệp'', là công việc chính mà một người làm để kiếm sống.', '71d4b7bb-619e-449f-a63a-2f0b979f03ef', '2026-01-11T09:51:05.037Z', '2026-01-11T09:51:05.037Z'),
  ('1e1fe4b4-ba60-4cd6-8042-dff73deb3f95', '이력서에는 ______을 정확히 기입해야 해요.', 'Trong sơ yếu lý lịch phải điền chính xác ______.', ARRAY['직업', '혈액형', '취미', '좋아하는 음식']::text[], '직업', '직업 là thông tin quan trọng trong hồ sơ xin việc, thể hiện vị trí và ngành nghề của ứng viên.', '71d4b7bb-619e-449f-a63a-2f0b979f03ef', '2026-01-11T09:51:05.037Z', '2026-01-11T09:51:05.037Z'),
  ('0e882b8b-a1a4-4b09-8d9f-fd50756af58e', '초등학교, 중학교, 고등학교에 다니는 사람은 ______이에요.', 'Người học ở trường tiểu học, trung học cơ sở, trung học phổ thông là ______.', ARRAY['선생님', '학생', '회사원', '의사']::text[], '학생', '학생 có nghĩa là ''học sinh, sinh viên'', chỉ người đang theo học tại các cơ sở giáo dục.', 'f13396e2-fa48-4d37-a958-fd8677920dcc', '2026-01-11T09:51:05.037Z', '2026-01-11T09:51:05.037Z'),
  ('5013c55e-e14c-49ce-b368-50afb167de38', '대학교에 다니면 ______이라고 불러요.', 'Nếu học ở đại học thì được gọi là ______.', ARRAY['대학생', '초등학생', '중학생', '고등학생']::text[], '대학생', '대학생 là từ ghép của 대학 (đại học) và 학생 (học sinh), có nghĩa là ''sinh viên đại học''.', 'f13396e2-fa48-4d37-a958-fd8677920dcc', '2026-01-11T09:51:05.037Z', '2026-01-11T09:51:05.037Z'),
  ('a65d3539-bee4-4125-987c-57e9a60ba14b', '학교에서 아이들에게 지식을 가르치는 사람은 ______이에요.', 'Người dạy kiến thức cho trẻ em ở trường là ______.', ARRAY['학생', '선생님', '의사', '경찰']::text[], '선생님', '선생님 có nghĩa là ''giáo viên, thầy cô giáo'', là người giảng dạy tại các cơ sở giáo dục.', '5181e097-0ba3-4c6c-955a-f561bdeb281e', '2026-01-11T09:51:05.037Z', '2026-01-11T09:51:05.037Z'),
  ('e4ccad71-6091-4634-840c-4e2935fc23cf', '한국에서는 존경을 나타내기 위해 ______이라고 부르기도 해요.', 'Ở Hàn Quốc, để thể hiện sự tôn trọng, người ta cũng gọi là ______.', ARRAY['학생', '선생님', '친구', '동생']::text[], '선생님', '선생님 không chỉ dùng cho giáo viên mà còn là cách xưng hô tôn kính với người có kiến thức, kinh nghiệm trong một lĩnh vực nào đó.', '5181e097-0ba3-4c6c-955a-f561bdeb281e', '2026-01-11T09:51:05.037Z', '2026-01-11T09:51:05.037Z'),
  ('5716fd07-a8c1-4124-9aab-9501e85d5dfc', '오전 9시부터 오후 6시까지 사무실에서 일하는 사람은 ______이에요.', 'Người làm việc ở văn phòng từ 9 giờ sáng đến 6 giờ chiều là ______.', ARRAY['학생', '회사원', '가수', '요리사']::text[], '회사원', '회사원 có nghĩa là ''nhân viên công ty'', chỉ người làm việc cho một công ty, doanh nghiệp.', '64de5444-d268-467a-be65-bdeb7c3b688a', '2026-01-11T09:51:05.037Z', '2026-01-11T09:51:05.037Z'),
  ('867eb210-4066-434f-99f8-8467f998c4d7', '출근할 때 정장을 입고 회사에 가는 사람들은 대부분 ______이에요.', 'Những người mặc vest đi làm hầu hết là ______.', ARRAY['의사', '회사원', '경찰', '건설노동자']::text[], '회사원', '회사원 thường mặc trang phục công sở như vest, áo sơ mi khi đi làm để thể hiện sự chuyên nghiệp.', '64de5444-d268-467a-be65-bdeb7c3b688a', '2026-01-11T09:51:05.037Z', '2026-01-11T09:51:05.037Z'),
  ('5b5b67fb-8a37-4f62-ada9-ca30f0ded9de', '병원에서 환자를 진찰하고 치료하는 사람은 ______이에요.', 'Người khám và chữa bệnh cho bệnh nhân ở bệnh viện là ______.', ARRAY['간호사', '의사', '약사', '물리치료사']::text[], '의사', '의사 có nghĩa là ''bác sĩ'', là người có bằng cấp y khoa và được phép khám chữa bệnh.', 'b27babc3-745f-4cb2-b340-03f6ca61c464', '2026-01-11T09:51:05.037Z', '2026-01-11T09:51:05.037Z'),
  ('dd3521da-8e02-4252-a37e-4d40f3678a90', '수술을 하는 ______는 외과 의사라고 해요.', '______ thực hiện phẫu thuật được gọi là bác sĩ phẫu thuật.', ARRAY['의사', '간호사', '치과의사', '한의사']::text[], '의사', '의사 được phân loại theo chuyên khoa như 외과 의사 (bác sĩ phẫu thuật), 내과 의사 (bác sĩ nội khoa), 소아과 의사 (bác sĩ nhi khoa).', 'b27babc3-745f-4cb2-b340-03f6ca61c464', '2026-01-11T09:51:05.037Z', '2026-01-11T09:51:05.037Z'),
  ('04374684-8cb3-4f85-a1a3-533ca0c83cd7', '병원에서 ______가 환자의 체온과 혈압을 측정해요.', 'Ở bệnh viện, ______ đo nhiệt độ và huyết áp của bệnh nhân.', ARRAY['의사', '간호사', '약사', '의료기사']::text[], '간호사', '간호사 có nghĩa là ''y tá'', là người hỗ trợ bác sĩ trong việc chăm sóc và điều trị bệnh nhân.', 'fbff4bf3-f0d9-4fba-86ae-922ca5787093', '2026-01-11T09:51:05.037Z', '2026-01-11T09:51:05.037Z'),
  ('be84bbdd-d382-4127-8cc2-eebcd982c35b', '______는 환자에게 약을 주고 주사를 놓는 일을 해요.', '______ làm việc cho bệnh nhân uống thuốc và tiêm.', ARRAY['간호사', '의사', '병원장', '의학연구원']::text[], '간호사', '간호사 có nhiệm vụ chăm sóc trực tiếp cho bệnh nhân, bao gồm cho uống thuốc, tiêm thuốc theo chỉ định của bác sĩ.', 'fbff4bf3-f0d9-4fba-86ae-922ca5787093', '2026-01-11T09:51:05.037Z', '2026-01-11T09:51:05.037Z'),
  ('9a0ce62d-5ab6-4f2e-ac7f-97677b86808f', '사건이 발생하면 ______가 현장에 출동해요.', 'Khi xảy ra sự cố, ______ sẽ xuất hiện tại hiện trường.', ARRAY['경찰', '소방관', '의사', '택시기사']::text[], '경찰', '경찰 có nghĩa là ''cảnh sát'', là người thực thi pháp luật, duy trì trật tự an ninh xã hội.', '38a1f0c1-e341-4813-8232-fd4d09779603', '2026-01-11T09:51:05.037Z', '2026-01-11T09:51:05.037Z'),
  ('c3bb349d-390e-4074-ab5e-efd2b0edf772', '교통사고가 나면 ______가 사고 처리와 신고 접수를 해요.', 'Khi xảy ra tai nạn giao thông, ______ sẽ xử lý vụ việc và tiếp nhận báo cáo.', ARRAY['경찰', '소방관', '의사', '보험사직원']::text[], '경찰', '경찰 có nhiệm vụ xử lý các vụ việc liên quan đến pháp luật, bao gồm cả tai nạn giao thông và tội phạm.', '38a1f0c1-e341-4813-8232-fd4d09779603', '2026-01-11T09:51:05.037Z', '2026-01-11T09:51:05.037Z'),
  ('8d686d66-2a4c-4ad6-a0ab-005309d33828', '레스토랑에서 음식을 만드는 사람은 ______이에요.', 'Người làm thức ăn ở nhà hàng là ______.', ARRAY['서빙직원', '요리사', '매니저', '주방보조']::text[], '요리사', '요리사 có nghĩa là ''đầu bếp'', là người chuyên nghiệp trong việc chế biến và nấu nướng thức ăn.', 'bc0944da-99c6-4925-b68c-a59f49173465', '2026-01-11T09:51:05.037Z', '2026-01-11T09:51:05.037Z'),
  ('31073fab-064b-449b-9b07-797f05625e13', '______는 다양한 재료를 사용해 맛있는 음식을 만들어요.', '______ sử dụng nhiều nguyên liệu khác nhau để tạo ra những món ăn ngon.', ARRAY['요리사', '베이커리사', '바리스타', '식품연구원']::text[], '요리사', '요리사 không chỉ nấu ăn mà còn sáng tạo ra các món ăn mới, kết hợp nguyên liệu và kỹ thuật nấu nướng.', 'bc0944da-99c6-4925-b68c-a59f49173465', '2026-01-11T09:51:05.037Z', '2026-01-11T09:51:05.037Z'),
  ('69aa72cd-f0e3-423e-b565-20b317083fa2', '무대에서 노래를 부르는 사람은 ______이에요.', 'Người hát trên sân khấu là ______.', ARRAY['가수', '배우', '댄서', 'MC']::text[], '가수', '가수 có nghĩa là ''ca sĩ'', là người biểu diễn âm nhạc bằng giọng hát của mình.', '9280df53-cc5a-49ea-9b96-19d10d1d4656', '2026-01-11T09:51:05.037Z', '2026-01-11T09:51:05.037Z'),
  ('dfc21457-8a01-4958-a148-998606ae71ed', '인기 ______의 콘서트 티켓은 매우 빨리 매진돼요.', 'Vé concert của ______ nổi tiếng thường bán hết rất nhanh.', ARRAY['가수', '배우', '코미디언', '작곡가']::text[], '가수', '가수 thường tổ chức các buổi biểu diễn trực tiếp như concert để giao lưu với người hâm mộ.', '9280df53-cc5a-49ea-9b96-19d10d1d4656', '2026-01-11T09:51:05.037Z', '2026-01-11T09:51:05.037Z'),
  ('744a47fc-cb5c-40f8-bc1a-13ec50ccd8e9', '가정에서 집안일을 주로 하는 여성을 ______라고 해요.', 'Người phụ nữ chủ yếu làm việc nhà trong gia đình được gọi là ______.', ARRAY['주부', '회사원', '직장인', '사업가']::text[], '주부', '주부 có nghĩa là ''nội trợ'', chỉ người (thường là phụ nữ) chuyên lo việc nhà và chăm sóc gia đình.', '92da941f-4804-4623-b56d-5b82fb890b5a', '2026-01-11T09:51:05.037Z', '2026-01-11T09:51:05.037Z'),
  ('28ad4b8c-fe12-46a8-9203-333e9499b643', '______는 시장에서 장을 보고 집에서 요리하는 일을 해요.', '______ làm việc đi chợ và nấu ăn ở nhà.', ARRAY['주부', '요리사', '영양사', '식품점주인']::text[], '주부', '주부 thực hiện nhiều công việc gia đình như nấu ăn, dọn dẹp, giặt giũ, chăm sóc con cái.', '92da941f-4804-4623-b56d-5b82fb890b5a', '2026-01-11T09:51:05.037Z', '2026-01-11T09:51:05.037Z');

COMMIT;