BEGIN;

-- LearningGroup: Ăn uống
INSERT INTO "LearningGroup" (id, name, icon, "topikLevel", "createdAt", "updatedAt") VALUES ('57153779-361b-4f9e-a005-7f6fec864604', 'Ăn uống', '🍽️', 1, '2026-01-05T17:07:58.354Z', '2026-01-05T17:07:58.354Z');

-- Categories (5 categories)
INSERT INTO "Category" (id, name, description, icon, "order", "topikLevel", "groupId", "createdAt", "updatedAt") VALUES ('5db90a7b-0919-48ba-aac7-46048201c4ec', 'Món ăn Hàn Quốc (Phần 1)', 'Từ vựng về các món ăn Hàn Quốc cơ bản và phổ biến', '🍚', 1, 1, '57153779-361b-4f9e-a005-7f6fec864604', '2026-01-05T17:07:58.354Z', '2026-01-05T17:07:58.354Z'),
  ('4d24835b-872e-4402-bd40-33b53e5d774f', 'Đồ uống (음료)', 'Từ vựng về các loại đồ uống thông dụng và động từ uống trong tiếng Hàn', '🥤', 2, 1, '57153779-361b-4f9e-a005-7f6fec864604', '2026-01-05T17:07:58.354Z', '2026-01-05T17:07:58.354Z'),
  ('643d146a-8ce9-4bfc-a207-7762762ca42f', 'Trái cây', 'Từ vựng về các loại trái cây thông dụng', '🍎', 3, 1, '57153779-361b-4f9e-a005-7f6fec864604', '2026-01-05T17:07:58.354Z', '2026-01-05T17:07:58.354Z'),
  ('06fc18f3-b2cd-4242-94cd-7902b883324f', 'Hương vị', 'Từ vựng về các vị cơ bản và cách diễn đạt cảm nhận về món ăn trong tiếng Hàn', '😋', 4, 1, '57153779-361b-4f9e-a005-7f6fec864604', '2026-01-05T17:07:58.354Z', '2026-01-05T17:07:58.354Z'),
  ('63ab8f3d-add3-48b5-aa6a-01d678d8dc69', 'Gọi món ở nhà hàng (식당에서 주문하기)', 'Từ vựng và mẫu câu hữu ích khi gọi món và thanh toán tại nhà hàng Hàn Quốc', '🍽️', 5, 1, '57153779-361b-4f9e-a005-7f6fec864604', '2026-01-05T17:07:58.354Z', '2026-01-05T17:07:58.354Z');

-- Vocabulary Words
INSERT INTO "Vocabulary" (id, korean, hanja, vietnamese, pronunciation, example, "exampleTranslation", "categoryId", "createdAt", "updatedAt") VALUES ('f3b5c6a2-8409-46af-83c2-e3d2f7c2e5c9', '밥', '飯', 'Cơm', 'bap', '밥 먹었어요?', 'Bạn ăn cơm chưa?', '5db90a7b-0919-48ba-aac7-46048201c4ec', '2026-01-05T17:07:58.354Z', '2026-01-05T17:07:58.354Z'),
  ('7f161b65-819c-4333-8083-3dc9099c69d2', '국', '羹', 'Canh', 'guk', '오늘 저녁은 미역국이에요.', 'Bữa tối hôm nay là canh rong biển.', '5db90a7b-0919-48ba-aac7-46048201c4ec', '2026-01-05T17:07:58.354Z', '2026-01-05T17:07:58.354Z'),
  ('8e885d50-4158-4361-afe3-b5e4fe0643b9', '김치', NULL, 'Kim chi', 'gimchi', '한국 사람들은 김치를 좋아해요.', 'Người Hàn Quốc thích kim chi.', '5db90a7b-0919-48ba-aac7-46048201c4ec', '2026-01-05T17:07:58.354Z', '2026-01-05T17:07:58.354Z'),
  ('2f072769-b051-4b42-b0c3-630b32f717fc', '불고기', NULL, 'Thịt nướng Bulgogi', 'bulgogi', '불고기는 아주 맛있어요.', 'Món Bulgogi rất ngon.', '5db90a7b-0919-48ba-aac7-46048201c4ec', '2026-01-05T17:07:58.354Z', '2026-01-05T17:07:58.354Z'),
  ('a40de3a9-5167-41f7-8c5a-9746c859b98c', '비빔밥', '비빔飯', 'Cơm trộn', 'bibimbap', '비빔밥을 어떻게 만들어요?', 'Làm món cơm trộn như thế nào?', '5db90a7b-0919-48ba-aac7-46048201c4ec', '2026-01-05T17:07:58.354Z', '2026-01-05T17:07:58.354Z'),
  ('362fd1a0-84fb-4114-991d-67af8eca1986', '떡볶이', NULL, 'Bánh gạo cay', 'tteokbokki', '친구랑 떡볶이를 먹었어요.', 'Tôi đã ăn bánh gạo cay với bạn.', '5db90a7b-0919-48ba-aac7-46048201c4ec', '2026-01-05T17:07:58.354Z', '2026-01-05T17:07:58.354Z'),
  ('710615bc-3906-4039-ae1a-98b0b4a804e8', '김밥', NULL, 'Cơm cuộn rong biển', 'gimbap', '소풍 갈 때 김밥을 싸요.', 'Khi đi dã ngoại tôi thường gói kimbap.', '5db90a7b-0919-48ba-aac7-46048201c4ec', '2026-01-05T17:07:58.354Z', '2026-01-05T17:07:58.354Z'),
  ('fc262a8c-2080-4fbb-81c2-18f72bec8a54', '라면', NULL, 'Mì ăn liền', 'ramyeon', '배고파서 라면을 끓여 먹었어요.', 'Tôi đói nên đã nấu mì ăn.', '5db90a7b-0919-48ba-aac7-46048201c4ec', '2026-01-05T17:07:58.354Z', '2026-01-05T17:07:58.354Z'),
  ('34dd8455-1bbc-413a-8e5e-02c9582b8761', '찌개', NULL, 'Món hầm/canh đặc', 'jjigae', '김치찌개를 좋아해요.', 'Tôi thích món canh kim chi.', '5db90a7b-0919-48ba-aac7-46048201c4ec', '2026-01-05T17:07:58.354Z', '2026-01-05T17:07:58.354Z'),
  ('ec242537-a5e9-4760-8360-d96c2d59d206', '반찬', '飯饌', 'Món ăn phụ', 'banchan', '식당에서 반찬을 많이 줘요.', 'Nhà hàng cho rất nhiều món ăn phụ.', '5db90a7b-0919-48ba-aac7-46048201c4ec', '2026-01-05T17:07:58.354Z', '2026-01-05T17:07:58.354Z'),
  ('cce66dd1-77e6-4a49-bfc5-024277c03255', '물', '水', 'Nước', 'mul', '목이 말라요. 물 좀 주세요.', 'Tôi khát nước. Cho tôi xin chút nước.', '4d24835b-872e-4402-bd40-33b53e5d774f', '2026-01-05T17:07:58.354Z', '2026-01-05T17:07:58.354Z'),
  ('a2dd953b-3d43-4202-99ae-5ec4c2a64271', '우유', '牛乳', 'Sữa', 'uyu', '아침에 우유 한 잔을 마셔요.', 'Tôi uống một ly sữa vào buổi sáng.', '4d24835b-872e-4402-bd40-33b53e5d774f', '2026-01-05T17:07:58.354Z', '2026-01-05T17:07:58.354Z'),
  ('63b03f3b-2cf3-4e25-a3d1-d45a0ebc9d09', '주스', '--', 'Nước trái cây', 'juseu', '저는 오렌지 주스를 좋아해요.', 'Tôi thích nước ép cam.', '4d24835b-872e-4402-bd40-33b53e5d774f', '2026-01-05T17:07:58.354Z', '2026-01-05T17:07:58.354Z'),
  ('171033e7-5e2f-4f7a-9ee5-ac23e6788d32', '커피', '--', 'Cà phê', 'keopi', '점심 먹고 커피를 마셔요.', 'Tôi uống cà phê sau khi ăn trưa.', '4d24835b-872e-4402-bd40-33b53e5d774f', '2026-01-05T17:07:58.354Z', '2026-01-05T17:07:58.354Z'),
  ('25972e13-bbef-4f5e-8017-494bb86ea5a4', '차', '茶', 'Trà', 'cha', '따뜻한 차 한 잔 주세요.', 'Cho tôi một tách trà nóng.', '4d24835b-872e-4402-bd40-33b53e5d774f', '2026-01-05T17:07:58.354Z', '2026-01-05T17:07:58.354Z'),
  ('2a44d950-f343-4320-b457-0b9dd2e721ee', '콜라', '--', 'Coca-Cola', 'kolla', '피자하고 콜라를 같이 먹어요.', 'Tôi ăn pizza cùng với Coca.', '4d24835b-872e-4402-bd40-33b53e5d774f', '2026-01-05T17:07:58.354Z', '2026-01-05T17:07:58.354Z'),
  ('d17599e9-ecd0-431e-99fa-67405e78faae', '맥주', '麥酒', 'Bia', 'maekju', '더울 때 시원한 맥주가 최고예요.', 'Khi trời nóng bia mát là tuyệt nhất.', '4d24835b-872e-4402-bd40-33b53e5d774f', '2026-01-05T17:07:58.354Z', '2026-01-05T17:07:58.354Z'),
  ('a5af980a-d19e-4cfe-a56e-397ee6191f84', '소주', '燒酒', 'Rượu soju', 'soju', '한국 사람들은 소주를 즐겨 마셔요.', 'Người Hàn Quốc thường thích uống rượu soju.', '4d24835b-872e-4402-bd40-33b53e5d774f', '2026-01-05T17:07:58.354Z', '2026-01-05T17:07:58.354Z'),
  ('024841e1-cf2f-4917-ba07-e689ac64fafc', '마시다', '--', 'Uống', 'masida', '무엇을 마실래요?', 'Bạn muốn uống gì?', '4d24835b-872e-4402-bd40-33b53e5d774f', '2026-01-05T17:07:58.354Z', '2026-01-05T17:07:58.354Z'),
  ('adf2fb2a-4f01-4c37-b14c-9c87392a24a0', '과일', '果實', 'Trái cây', 'gwail', '저는 과일을 아주 좋아해요.', 'Tôi rất thích trái cây.', '643d146a-8ce9-4bfc-a207-7762762ca42f', '2026-01-05T17:07:58.354Z', '2026-01-05T17:07:58.354Z'),
  ('e33c6c30-2a4c-4d52-8bdf-fe7dbe26a415', '사과', '沙果', 'Táo', 'sagwa', '하루에 사과 한 개를 먹어요.', 'Tôi ăn một quả táo mỗi ngày.', '643d146a-8ce9-4bfc-a207-7762762ca42f', '2026-01-05T17:07:58.354Z', '2026-01-05T17:07:58.354Z'),
  ('0057c155-f0ae-4df7-800a-1b7c7e08e6aa', '바나나', NULL, 'Chuối', 'banana', '바나나는 노란색이에요.', 'Chuối có màu vàng.', '643d146a-8ce9-4bfc-a207-7762762ca42f', '2026-01-05T17:07:58.354Z', '2026-01-05T17:07:58.354Z'),
  ('4aece94a-44fb-438f-a3f6-6dfba3540a88', '딸기', NULL, 'Dâu tây', 'ttalgi', '봄에는 딸기가 맛있어요.', 'Dâu tây ngon vào mùa xuân.', '643d146a-8ce9-4bfc-a207-7762762ca42f', '2026-01-05T17:07:58.354Z', '2026-01-05T17:07:58.354Z'),
  ('19d2fc27-574c-43ce-aebd-3910103325ca', '포도', '葡萄', 'Nho', 'podo', '포도가 아주 달아요.', 'Nho rất ngọt.', '643d146a-8ce9-4bfc-a207-7762762ca42f', '2026-01-05T17:07:58.354Z', '2026-01-05T17:07:58.354Z'),
  ('a7f5f91c-2aeb-483a-9374-f2241267f370', '오렌지', NULL, 'Cam', 'orenji', '오렌지로 주스를 만들어요.', 'Tôi làm nước ép bằng cam.', '643d146a-8ce9-4bfc-a207-7762762ca42f', '2026-01-05T17:07:58.354Z', '2026-01-05T17:07:58.354Z'),
  ('bee5df9c-7df5-4b4e-83f2-08bf66e3f9df', '수박', '水波', 'Dưa hấu', 'subak', '여름에는 수박이 최고예요.', 'Dưa hấu là tuyệt nhất vào mùa hè.', '643d146a-8ce9-4bfc-a207-7762762ca42f', '2026-01-05T17:07:58.354Z', '2026-01-05T17:07:58.354Z'),
  ('1c66c883-4f40-4439-9e14-62ff1714a314', '배', '梨', 'Lê', 'bae', '이 배는 아주 커요.', 'Quả lê này rất to.', '643d146a-8ce9-4bfc-a207-7762762ca42f', '2026-01-05T17:07:58.354Z', '2026-01-05T17:07:58.354Z'),
  ('383f456d-93fe-4c02-be16-b749f3ea8975', '귤', NULL, 'Quýt', 'gyul', '겨울에 귤을 많이 먹어요.', 'Tôi ăn rất nhiều quýt vào mùa đông.', '643d146a-8ce9-4bfc-a207-7762762ca42f', '2026-01-05T17:07:58.354Z', '2026-01-05T17:07:58.354Z'),
  ('a6ee4857-3658-4b07-9f37-0443b1c28a9d', '맛있다', NULL, 'Ngon', 'masitda', '이 김치찌개는 정말 맛있어요.', 'Món canh kim chi này thật sự rất ngon.', '06fc18f3-b2cd-4242-94cd-7902b883324f', '2026-01-05T17:07:58.354Z', '2026-01-05T17:07:58.354Z'),
  ('367df5ce-41ae-4127-aff6-334f9dfb0b6d', '맛없다', NULL, 'Không ngon, dở', 'madeopda', '이 음식은 제 입에 맛없어요.', 'Món ăn này không hợp khẩu vị của tôi.', '06fc18f3-b2cd-4242-94cd-7902b883324f', '2026-01-05T17:07:58.354Z', '2026-01-05T17:07:58.354Z'),
  ('1db046ba-725e-4e5c-bfcb-8440b698f4d4', '맵다', NULL, 'Cay', 'maepda', '떡볶이가 너무 매워요.', 'Món tteokbokki cay quá.', '06fc18f3-b2cd-4242-94cd-7902b883324f', '2026-01-05T17:07:58.354Z', '2026-01-05T17:07:58.354Z'),
  ('41124978-bbbf-4b55-8ea8-29dcf843bc0d', '달다', NULL, 'Ngọt', 'dalda', '이 케이크는 너무 달지 않아요.', 'Cái bánh này không quá ngọt.', '06fc18f3-b2cd-4242-94cd-7902b883324f', '2026-01-05T17:07:58.354Z', '2026-01-05T17:07:58.354Z'),
  ('67e717b4-ebb4-4e5a-aaf9-5981bf36d44d', '짜다', NULL, 'Mặn', 'jjada', '국이 좀 짜요.', 'Món canh hơi mặn.', '06fc18f3-b2cd-4242-94cd-7902b883324f', '2026-01-05T17:07:58.354Z', '2026-01-05T17:07:58.354Z'),
  ('86b9c11f-02d9-4444-b848-680ea2d53fcb', '시다', NULL, 'Chua', 'sida', '레몬은 너무 셔요.', 'Chanh chua quá.', '06fc18f3-b2cd-4242-94cd-7902b883324f', '2026-01-05T17:07:58.354Z', '2026-01-05T17:07:58.354Z'),
  ('d5fcd4cb-8e73-40d3-9464-f251756c4bf7', '쓰다', NULL, 'Đắng', 'sseuda', '약이 너무 써요.', 'Thuốc đắng quá.', '06fc18f3-b2cd-4242-94cd-7902b883324f', '2026-01-05T17:07:58.354Z', '2026-01-05T17:07:58.354Z'),
  ('0ffe99cd-8945-4569-9fd7-d7517b24a108', '싱겁다', NULL, 'Nhạt', 'singgeopda', '음식이 싱거우면 소금을 넣으세요.', 'Nếu món ăn nhạt thì hãy cho thêm muối.', '06fc18f3-b2cd-4242-94cd-7902b883324f', '2026-01-05T17:07:58.354Z', '2026-01-05T17:07:58.354Z'),
  ('84b0936c-45e3-43b1-a3b2-f0fb1bcccad4', '식당', '食堂', 'Nhà hàng', 'sikdang', '학교 앞에 좋은 식당이 있어요.', 'Có một nhà hàng tốt ở trước trường.', '63ab8f3d-add3-48b5-aa6a-01d678d8dc69', '2026-01-05T17:07:58.354Z', '2026-01-05T17:07:58.354Z'),
  ('b5389c69-0891-49ae-b6a3-459e17275a6c', '메뉴판', '메뉴板', 'Thực đơn', 'menyupan', '메뉴판 좀 주세요.', 'Cho tôi xin thực đơn ạ.', '63ab8f3d-add3-48b5-aa6a-01d678d8dc69', '2026-01-05T17:07:58.354Z', '2026-01-05T17:07:58.354Z'),
  ('4e79a6bb-a5c4-4158-856c-6cdb40187f5a', '주문하다', '注文하다', 'Gọi món', 'jumunhada', '주문하시겠어요?', 'Quý khách có muốn gọi món không ạ?', '63ab8f3d-add3-48b5-aa6a-01d678d8dc69', '2026-01-05T17:07:58.354Z', '2026-01-05T17:07:58.354Z'),
  ('67189109-6ab2-4222-bf0e-8eaf7c6062f5', '여기요 / 저기요', '--', 'Chị ơi/Anh ơi', 'yeogiyo / jeogiyo', '저기요, 물 좀 주세요.', 'Anh ơi, cho tôi xin chút nước.', '63ab8f3d-add3-48b5-aa6a-01d678d8dc69', '2026-01-05T17:07:58.354Z', '2026-01-05T17:07:58.354Z'),
  ('48c02ad5-f2b0-4e60-8b61-89b8b4e7a5db', '이거', '--', 'Cái này', 'igeo', '이거 하나 주세요.', 'Cho tôi một cái này.', '63ab8f3d-add3-48b5-aa6a-01d678d8dc69', '2026-01-05T17:07:58.354Z', '2026-01-05T17:07:58.354Z'),
  ('8c40bf6a-b4f2-46c9-a7de-8ca3925e9199', '주세요', '--', 'Xin hãy cho tôi', 'juseyo', '비빔밥 하나 주세요.', 'Cho tôi một phần cơm trộn.', '63ab8f3d-add3-48b5-aa6a-01d678d8dc69', '2026-01-05T17:07:58.354Z', '2026-01-05T17:07:58.354Z'),
  ('873d527f-67ac-44b2-9270-9f2def7c178b', '얼마예요?', '--', 'Bao nhiêu tiền ạ?', 'eolmayeyo?', '이거 다 얼마예요?', 'Tất cả cái này bao nhiêu tiền ạ?', '63ab8f3d-add3-48b5-aa6a-01d678d8dc69', '2026-01-05T17:07:58.354Z', '2026-01-05T17:07:58.354Z'),
  ('070942f8-8f1b-4d4a-93f9-7fbdee09758e', '계산하다', '計算하다', 'Thanh toán', 'gyesanhada', '계산해 주세요.', 'Tính tiền cho tôi ạ.', '63ab8f3d-add3-48b5-aa6a-01d678d8dc69', '2026-01-05T17:07:58.354Z', '2026-01-05T17:07:58.354Z'),
  ('c599f25d-9f56-4690-afd2-ede7605d60e9', '포장하다', '包裝하다', 'Gói mang về', 'pojanghada', '남은 음식은 포장해 주세요.', 'Xin hãy gói đồ ăn còn thừa lại giúp tôi.', '63ab8f3d-add3-48b5-aa6a-01d678d8dc69', '2026-01-05T17:07:58.354Z', '2026-01-05T17:07:58.354Z');

-- Quiz Questions
INSERT INTO "QuizQuestion" (id, question, "questionTranslation", options, "correctAnswer", explanation, "VocabularyId", "createdAt", "updatedAt") VALUES ('370ba50e-522f-4fad-9760-729968f88c54', '한국인들의 주식은 ______이에요.', 'Lương thực chính của người Hàn Quốc là ______.', ARRAY['밥', '빵', '국수', '고기']::text[], '밥', '밥 không chỉ có nghĩa là ''cơm'' mà còn thường được dùng để chỉ ''bữa ăn'' nói chung trong tiếng Hàn.', 'f3b5c6a2-8409-46af-83c2-e3d2f7c2e5c9', '2026-01-05T17:07:58.354Z', '2026-01-05T17:07:58.354Z'),
  ('0e9a84db-bf8f-45f2-8adf-1858c60c52cb', '"______ 먹자"는 식사하자는 초대의 의미예요.', '"______ 먹자" có nghĩa là mời nhau đi ăn cơm.', ARRAY['밥', '김치', '라면', '과일']::text[], '밥', 'Trong văn hóa Hàn Quốc, ''밥 먹자'' là cách mời ăn thân mật và phổ biến, thể hiện sự quan tâm.', 'f3b5c6a2-8409-46af-83c2-e3d2f7c2e5c9', '2026-01-05T17:07:58.354Z', '2026-01-05T17:07:58.354Z'),
  ('758daedc-a5ef-4c5f-bb76-4449f6f5169b', '아픈 후에 ______을 많이 먹어야 해요.', 'Sau khi ốm nên ăn nhiều ______.', ARRAY['국', '김치', '과자', '아이스크림']::text[], '국', '국 (canh) thường được coi là món ăn bổ dưỡng và dễ tiêu hóa, phù hợp khi không khỏe.', '7f161b65-819c-4333-8083-3dc9099c69d2', '2026-01-05T17:07:58.354Z', '2026-01-05T17:07:58.354Z'),
  ('03bc524f-c47e-41ac-9978-bb5ede22125b', '한국 식사에는 보통 ______이 함께 나와요.', 'Trong bữa ăn Hàn Quốc thường có kèm theo ______.', ARRAY['국', '케이크', '피자', '햄버거']::text[], '국', '국 là phần không thể thiếu trong bữa cơm truyền thống Hàn Quốc, thường được dùng cùng với 밥 (cơm).', '7f161b65-819c-4333-8083-3dc9099c69d2', '2026-01-05T17:07:58.354Z', '2026-01-05T17:07:58.354Z'),
  ('88cb0a29-ca67-4517-9425-d8fd99107fb3', '______는 한국의 대표적인 발효 음식이에요.', '______ là món ăn lên men tiêu biểu của Hàn Quốc.', ARRAY['김치', '피자', '스시', '타코']::text[], '김치', '김치 là món ăn truyền thống làm từ rau cải thảo muối chua với gia vị, có lịch sử hàng nghìn năm.', '8e885d50-4158-4361-afe3-b5e4fe0643b9', '2026-01-05T17:07:58.354Z', '2026-01-05T17:07:58.354Z'),
  ('fa7e3dbc-ee4a-4a0a-b1a1-3273cfeb6645', '한국 식탁에는 항상 ______이 올라가요.', 'Trên bàn ăn Hàn Quốc luôn có ______.', ARRAY['김치', '초콜릿', '치즈', '버터']::text[], '김치', '김치 được phục vụ trong hầu hết các bữa ăn Hàn Quốc như một món ăn kèm không thể thiếu.', '8e885d50-4158-4361-afe3-b5e4fe0643b9', '2026-01-05T17:07:58.354Z', '2026-01-05T17:07:58.354Z'),
  ('2c5701a8-0ea9-43c4-8cf1-e3b9db95aaf7', '______은(는) 달콤짭짤한 소스에 재운 고기를 구운 음식이에요.', '______ là món thịt được ướp trong nước sốt mặn ngọt rồi nướng.', ARRAY['불고기', '비빔밥', '김밥', '라면']::text[], '불고기', '불고기 là món thịt bò (hoặc thịt heo) thái mỏng, ướp gia vị đặc trưng và nướng trên vỉ hoặc chảo.', '2f072769-b051-4b42-b0c3-630b32f717fc', '2026-01-05T17:07:58.354Z', '2026-01-05T17:07:58.354Z'),
  ('b7072332-f2d6-4a8f-9eb5-fac70024c7c9', '외국인들에게 인기 있는 한국 음식 중 하나는 ______이에요.', 'Một trong những món ăn Hàn Quốc được người nước ngoài yêu thích là ______.', ARRAY['불고기', '순대', '홍어', '번데기']::text[], '불고기', '불고기 có hương vị phù hợp với khẩu vị quốc tế nên rất được ưa chuộng ở nước ngoài.', '2f072769-b051-4b42-b0c3-630b32f717fc', '2026-01-05T17:07:58.354Z', '2026-01-05T17:07:58.354Z'),
  ('11eadd6e-54f9-45fe-9e11-5a193a2b01d6', '______은(는) 밥 위에 다양한 나물과 고춧장을 올려 비벼 먹는 음식이에요.', '______ là món cơm được trộn với các loại rau củ và tương ớt đặt trên cơm.', ARRAY['비빔밥', '불고기', '김치찌개', '떡볶이']::text[], '비빔밥', '비빔밥 nghĩa đen là ''cơm trộn'', gồm cơm trắng với nhiều loại rau củ, thịt, trứng và tương ớt gochujang.', 'a40de3a9-5167-41f7-8c5a-9746c859b98c', '2026-01-05T17:07:58.354Z', '2026-01-05T17:07:58.354Z'),
  ('ee7cd4a1-c8e8-464f-86ee-fbd75b11566d', '전주 ______은(는) 특히 유명해요.', '______ của Jeonju đặc biệt nổi tiếng.', ARRAY['비빔밥', '불고기', '김밥', '라면']::text[], '비빔밥', '비빔밥 Jeonju được coi là đặc sản và phiên bản ngon nhất của món này tại Hàn Quốc.', 'a40de3a9-5167-41f7-8c5a-9746c859b98c', '2026-01-05T17:07:58.354Z', '2026-01-05T17:07:58.354Z'),
  ('e44535e2-599b-4793-868a-2d47c6c09615', '______은(는) 매운 고추장 소스에 떡을 볶은 한국의 대표적인 길거리 음식이에요.', '______ là món ăn đường phố tiêu biểu của Hàn Quốc, gồm bánh gạo xào trong nước sốt tương ớt cay.', ARRAY['떡볶이', '김밥', '불고기', '비빔밥']::text[], '떡볶이', '떡볶i làm từ bánh gạo hình trụ nhỏ, xào với nước sốt gochujang cay, thường có thêm cá viên, trứng và hành lá.', '362fd1a0-84fb-4114-991d-67af8eca1986', '2026-01-05T17:07:58.354Z', '2026-01-05T17:07:58.354Z'),
  ('a9895a6b-5a92-4292-a54f-1420b0d97d07', '분식점에서 가장 인기 있는 메뉴는 ______이에요.', 'Món được yêu thích nhất ở các quán ăn nhẹ (bunsik) là ______.', ARRAY['떡볶이', '스테이크', '파스타', '샐러드']::text[], '떡볶이', '떡볶i là món chủ lực tại các quán 분식 (bunsik) - quán ăn nhẹ giá rẻ phục vụ món Hàn đơn giản.', '362fd1a0-84fb-4114-991d-67af8eca1986', '2026-01-05T17:07:58.354Z', '2026-01-05T17:07:58.354Z'),
  ('31557edf-e25f-4a8a-abbe-d6544e5c78c7', '______은(는) 밥과 다양한 재료를 김에 말아 만든 한국식 롤이에요.', '______ là cuốn cơm kiểu Hàn, gồm cơm và nhiều nguyên liệu cuộn trong lá rong biển.', ARRAY['김밥', '비빔밥', '불고기', '라면']::text[], '김밥', '김밥 tương tự sushi nhưng nhân đa dạng hơn (cà rốt, dưa leo, trứng, thanh cua, củ cải muối) và cơm thường trộn dầu mè.', '710615bc-3906-4039-ae1a-98b0b4a804e8', '2026-01-05T17:07:58.354Z', '2026-01-05T17:07:58.354Z'),
  ('08b284de-e564-4849-a91c-fa3f7ea05efa', '______은(는) 소풍 음식으로 가장 적합해요.', '______ rất thích hợp làm đồ ăn cho chuyến dã ngoại.', ARRAY['김밥', '국', '찌개', '전']::text[], '김밥', '김밥 dễ mang theo, không cần hâm nóng, và ăn được ngay nên là lựa chọn lý tưởng cho picnic.', '710615bc-3906-4039-ae1a-98b0b4a804e8', '2026-01-05T17:07:58.354Z', '2026-01-05T17:07:58.354Z'),
  ('2edc17c1-95a1-4b15-bae1-a29f3d2fbceb', '______은(는) 한국에서 가장 간편한 식사 대용품이에요.', '______ là món ăn thay thế bữa ăn tiện lợi nhất ở Hàn Quốc.', ARRAY['라면', '비빔밥', '불고기', '삼계탕']::text[], '라면', '라면 (mì gói) rất phổ biến ở Hàn Quốc, thường được ăn khi vội, khuya hoặc tiết kiệm.', 'fc262a8c-2080-4fbb-81c2-18f72bec8a54', '2026-01-05T17:07:58.354Z', '2026-01-05T17:07:58.354Z'),
  ('510f4abf-4c73-4e57-b860-6d2f88bc8264', '______에 계란을 풀어 넣으면 더 맛있어져요.', 'Nếu đập trứng vào ______ thì sẽ ngon hơn.', ARRAY['라면', '김치', '밥', '국']::text[], '라면', 'Trứng là topping phổ biến khi nấu 라면, làm nước dùng đậm đà và bổ dưỡng hơn.', 'fc262a8c-2080-4fbb-81c2-18f72bec8a54', '2026-01-05T17:07:58.354Z', '2026-01-05T17:07:58.354Z'),
  ('6d173799-cdce-4256-8e77-e4527821a063', '______은(는) 국보다 걸쭉하고 진한 한국의 스튜예요.', '______ là món hầm Hàn Quốc đặc và đậm đà hơn canh.', ARRAY['찌개', '국', '탕', '전골']::text[], '찌개', '찌개 là món hầm đặc, thường có vị cay và được nấu chung trong nồi đất (뚝배기) và ăn nóng.', '34dd8455-1bbc-413a-8e5e-02c9582b8761', '2026-01-05T17:07:58.354Z', '2026-01-05T17:07:58.354Z'),
  ('2bae0f06-9ffe-4488-9263-a16965236675', '추운 날에 ______을(를) 먹으면 몸이 따뜻해져요.', 'Vào ngày lạnh, ăn ______ sẽ làm cơ thể ấm lên.', ARRAY['찌개', '아이스크림', '샐러드', '빙수']::text[], '찌개', 'Do đặc tính nóng, cay và được ăn khi còn nóng, 찌개 là lựa chọn lý tưởng cho mùa đông.', '34dd8455-1bbc-413a-8e5e-02c9582b8761', '2026-01-05T17:07:58.354Z', '2026-01-05T17:07:58.354Z'),
  ('b43fade9-7f1b-44c8-9edd-293a098535b1', '한국 식사에는 여러 가지 ______이(가) 밥과 함께 나와요.', 'Trong bữa ăn Hàn Quốc, nhiều loại ______ được dọn ra cùng với cơm.', ARRAY['반찬', '디저트', '음료', '빵']::text[], '반찬', '반찬 chỉ các món ăn phụ nhỏ được bày cùng bữa chính, có thể từ 3-12 món tùy dịp.', 'ec242537-a5e9-4760-8360-d96c2d59d206', '2026-01-05T17:07:58.354Z', '2026-01-05T17:07:58.354Z'),
  ('e2a4eae7-49fc-49d3-b610-389eeb70dc2c', '______은(는) 무료로 리필되는 경우가 많아요.', '______ thường được cho thêm miễn phí.', ARRAY['반찬', '고기', '생선', '디저트']::text[], '반찬', 'Ở nhiều nhà hàng Hàn Quốc, một số 반찬 như kim chi, củ cải muối thường được refill miễn phí theo yêu cầu.', 'ec242537-a5e9-4760-8360-d96c2d59d206', '2026-01-05T17:07:58.354Z', '2026-01-05T17:07:58.354Z'),
  ('d0246f18-46d3-458a-9f44-3cbf330db8fe', '운동한 후에는 ______을/를 마셔야 해요.', 'Sau khi tập thể dục, phải uống ______.', ARRAY['맥주', '물', '커피', '소주']::text[], '물', '물 là ''nước'', đồ uống cơ bản và cần thiết nhất cho cơ thể, đặc biệt sau khi vận động.', 'cce66dd1-77e6-4a49-bfc5-024277c03255', '2026-01-05T17:07:58.354Z', '2026-01-05T17:07:58.354Z'),
  ('1d0453d3-c813-4596-b2dd-d1c1af0aca62', '건강을 위해 하루에 ______을/를 많이 마셔요.', 'Để tốt cho sức khỏe, tôi uống nhiều ______ mỗi ngày.', ARRAY['콜라', '물', '주스', '맥주']::text[], '물', '물 là đồ uống lành mạnh, được khuyên dùng hàng ngày để duy trì sức khỏe.', 'cce66dd1-77e6-4a49-bfc5-024277c03255', '2026-01-05T17:07:58.354Z', '2026-01-05T17:07:58.354Z'),
  ('78e2d14e-6010-4e5a-a683-2c3a61d46ea7', '아이들은 뼈가 자라기 위해 ______을/를 마셔야 해요.', 'Trẻ em cần uống ______ để xương phát triển.', ARRAY['우유', '커피', '소주', '콜라']::text[], '우유', '우유 là ''sữa'', giàu canxi và tốt cho sự phát triển xương của trẻ em.', 'a2dd953b-3d43-4202-99ae-5ec4c2a64271', '2026-01-05T17:07:58.354Z', '2026-01-05T17:07:58.354Z'),
  ('b5bcbb12-a728-4db3-bf33-967a8521e399', '______와/과 시리얼을 같이 먹어요.', 'Tôi ăn ngũ cốc cùng với ______.', ARRAY['물', '우유', '주스', '차']::text[], '우유', '우유 thường được dùng kèm với ngũ cốc (시리얼) trong bữa sáng.', 'a2dd953b-3d43-4202-99ae-5ec4c2a64271', '2026-01-05T17:07:58.354Z', '2026-01-05T17:07:58.354Z'),
  ('11d5a386-7094-4231-a1b7-3c4ca7075712', '비타민을 섭취하려면 신선한 ______을/를 마셔요.', 'Để hấp thụ vitamin, hãy uống ______ tươi.', ARRAY['주스', '콜라', '맥주', '소주']::text[], '주스', '주스 là ''nước ép trái cây'', cung cấp vitamin tự nhiên từ hoa quả.', '63b03f3b-2cf3-4e25-a3d1-d45a0ebc9d09', '2026-01-05T17:07:58.354Z', '2026-01-05T17:07:58.354Z'),
  ('8a0f0e39-6034-4433-bf0d-382ea7c68bfc', '아침에 오렌지 ______ 한 잔을 마셔요.', 'Tôi uống một ly ______ cam vào buổi sáng.', ARRAY['주스', '물', '차', '우유']::text[], '주스', '주스 thường được kết hợp với tên trái cây để chỉ loại nước ép cụ thể (오렌지 주스, 사과 주스).', '63b03f3b-2cf3-4e25-a3d1-d45a0ebc9d09', '2026-01-05T17:07:58.354Z', '2026-01-05T17:07:58.354Z'),
  ('12dbf8f5-2a16-47e5-a0df-a2d9de97d086', '아침에 잠이 깨도록 ______ 한 잔을 마셔요.', 'Tôi uống một ly ______ để tỉnh táo vào buổi sáng.', ARRAY['물', '커피', '우유', '주스']::text[], '커피', '커피 là ''cà phê'', thường được uống vào buổi sáng hoặc khi cần tỉnh táo do chứa caffeine.', '171033e7-5e2f-4f7a-9ee5-ac23e6788d32', '2026-01-05T17:07:58.354Z', '2026-01-05T17:07:58.354Z'),
  ('3ad003a8-c342-492f-9484-9777c34d6625', '회사 동료들과 ______를 마시며 이야기해요.', 'Tôi trò chuyện với đồng nghiệp trong khi uống ______.', ARRAY['소주', '맥주', '커피', '콜라']::text[], '커피', '커피 thường là đồ uống trong các cuộc gặp gỡ, trò chuyện thân mật hoặc công việc.', '171033e7-5e2f-4f7a-9ee5-ac23e6788d32', '2026-01-05T17:07:58.354Z', '2026-01-05T17:07:58.354Z'),
  ('f028ea0b-d618-4801-adf2-ba2d287a9e68', '한국의 전통 ______인 녹차를 마셔 봤어요?', 'Bạn đã thử uống ______ truyền thống của Hàn Quốc là trà xanh chưa?', ARRAY['차', '술', '음료', '주스']::text[], '차', '차 là ''trà'', bao gồm cả trà truyền thống như 녹차 (trà xanh) và các loại trà hiện đại.', '25972e13-bbef-4f5e-8017-494bb86ea5a4', '2026-01-05T17:07:58.354Z', '2026-01-05T17:07:58.354Z'),
  ('30920fb0-cf89-4f2a-ac24-94bf02145a3c', '감기에 걸렸을 때 생강 ______을/를 마셔요.', 'Khi bị cảm, tôi uống ______ gừng.', ARRAY['차', '주스', '물', '맥주']::text[], '차', '차 có thể kết hợp với các thành phần khác để tạo thành trà thảo mộc (생강차 - trà gừng).', '25972e13-bbef-4f5e-8017-494bb86ea5a4', '2026-01-05T17:07:58.354Z', '2026-01-05T17:07:58.354Z'),
  ('626d735e-22b9-4588-8d17-7cc815916890', '패스트푸드를 먹을 때 ______을/를 자주 마셔요.', 'Khi ăn đồ ăn nhanh, tôi thường uống ______.', ARRAY['차', '콜라', '우유', '물']::text[], '콜라', '콜라 là đồ uống có ga phổ biến, thường được dùng kèm với đồ ăn nhanh như pizza, hamburger.', '2a44d950-f343-4320-b457-0b9dd2e721ee', '2026-01-05T17:07:58.354Z', '2026-01-05T17:07:58.354Z'),
  ('a3954b02-15e2-4967-873f-6d274d7b3734', '______는/은 설탕이 많이 들어 있어서 건강에 안 좋아요.', '______ có nhiều đường nên không tốt cho sức khỏe.', ARRAY['물', '콜라', '차', '우유']::text[], '콜라', '콜라 được biết đến là đồ uống có nhiều đường và calo, cần hạn chế uống.', '2a44d950-f343-4320-b457-0b9dd2e721ee', '2026-01-05T17:07:58.354Z', '2026-01-05T17:07:58.354Z'),
  ('d1fa1d6d-c2d1-4b3b-9cd3-540f43db5576', '여름에는 시원한 ______ 한 잔이 좋아요.', 'Vào mùa hè, một ly ______ mát lạnh thật tuyệt.', ARRAY['맥주', '소주', '커피', '차']::text[], '맥주', '맥주 là ''bia'', đồ uống có cồn phổ biến, thường được uống lạnh vào mùa hè.', 'd17599e9-ecd0-431e-99fa-67405e78faae', '2026-01-05T17:07:58.354Z', '2026-01-05T17:07:58.354Z'),
  ('0da9ca9e-6e26-4df2-9483-07907603eada', '회식 자리에서 ______를 마셔요.', 'Tôi uống ______ trong các buổi tiệc công ty.', ARRAY['우유', '주스', '맥주', '물']::text[], '맥주', '맥주 là đồ uống phổ biến trong các buổi họp mặt, tiệc tùng ở Hàn Quốc.', 'd17599e9-ecd0-431e-99fa-67405e78faae', '2026-01-05T17:07:58.354Z', '2026-01-05T17:07:58.354Z'),
  ('0c998bf9-43c7-446a-be5d-05160c9d5a3c', '한국의 대표적인 술은 ______입니다.', 'Loại rượu đặc trưng của Hàn Quốc là ______.', ARRAY['맥주', '소주', '와인', '위스키']::text[], '소주', '소주 là ''rượu soju'', loại rượu truyền thống và phổ biến nhất ở Hàn Quốc.', 'a5af980a-d19e-4cfe-a56e-397ee6191f84', '2026-01-05T17:07:58.354Z', '2026-01-05T17:07:58.354Z'),
  ('d24e27a3-e216-4a2a-b959-f81e7821c83f', '______는/은 보통 삼겹살과 함께 마셔요.', '______ thường được uống cùng với thịt ba chỉ nướng.', ARRAY['커피', '소주', '주스', '우유']::text[], '소주', '소주 thường được uống kèm với 삼겹살 (thịt ba chỉ nướng) trong các bữa ăn Hàn Quốc.', 'a5af980a-d19e-4cfe-a56e-397ee6191f84', '2026-01-05T17:07:58.354Z', '2026-01-05T17:07:58.354Z'),
  ('66c5cbda-2749-4dbe-b350-d5bacdbbe20f', '약은 물과 함께 ______.', 'Uống thuốc cùng với nước.', ARRAY['먹어요', '마셔요', '씻어요', '입어요']::text[], '마셔요', '마시다 là động từ ''uống'', dùng cho tất cả các loại chất lỏng.', '024841e1-cf2f-4917-ba07-e689ac64fafc', '2026-01-05T17:07:58.354Z', '2026-01-05T17:07:58.354Z'),
  ('b04c1bd7-7f7e-4815-97f0-51445ec87c46', '커피를 ______ 전에 조금 식혀요.', 'Trước khi ______ cà phê, hãy để nguội một chút.', ARRAY['마시기', '먹기', '쓰기', '보기']::text[], '마시기', '마시다 có thể chuyển thành danh từ động từ 마시기 (việc uống) khi kết hợp với các trợ từ.', '024841e1-cf2f-4917-ba07-e689ac64fafc', '2026-01-05T17:07:58.354Z', '2026-01-05T17:07:58.354Z'),
  ('a157b6ad-1c14-462a-8b19-5d6b20b31779', '비타민이 풍부한 ______를 매일 먹는 것이 좋아요.', 'Nên ăn ______ giàu vitamin mỗi ngày.', ARRAY['과일', '고기', '빵', '치즈']::text[], '과일', '과일 có nghĩa là ''trái cây'', là thực phẩm tự nhiên giàu vitamin, chất xơ và khoáng chất tốt cho sức khỏe.', 'adf2fb2a-4f01-4c37-b14c-9c87392a24a0', '2026-01-05T17:07:58.354Z', '2026-01-05T17:07:58.354Z'),
  ('7e17f236-966f-4e81-889b-6969dbeec2bb', '아침에 ______과 요거트를 함께 먹어요.', 'Buổi sáng tôi ăn ______ cùng với sữa chua.', ARRAY['과일', '라면', '피자', '햄버거']::text[], '과일', '과일 thường được dùng trong bữa sáng hoặc như món tráng miệng, có thể kết hợp với nhiều món ăn khác.', 'adf2fb2a-4f01-4c37-b14c-9c87392a24a0', '2026-01-05T17:07:58.354Z', '2026-01-05T17:07:58.354Z'),
  ('8680e8a3-1692-4c8a-8ff4-0f2f582e541b', '"하루에 ______ 한 개씩 먹으면 의사 멀리 간다"는 속담이 있어요.', 'Có câu tục ngữ "Mỗi ngày ăn một quả ______ thì không cần đến gặp bác sĩ".', ARRAY['사과', '배', '바나나', '딸기']::text[], '사과', '사과 có nghĩa là ''táo'', được coi là loại trái cây rất tốt cho sức khỏe trong văn hóa Hàn Quốc và nhiều nước khác.', 'e33c6c30-2a4c-4d52-8bdf-fe7dbe26a415', '2026-01-05T17:07:58.354Z', '2026-01-05T17:07:58.354Z'),
  ('5647d715-2d26-4e92-8380-38842720c2dd', '______는 빨간색이나 초록색이에요.', '______ có màu đỏ hoặc xanh lá.', ARRAY['사과', '바나나', '포도', '수박']::text[], '사과', '사과 có nhiều giống với màu sắc khác nhau, phổ biến nhất là táo đỏ và táo xanh.', 'e33c6c30-2a4c-4d52-8bdf-fe7dbe26a415', '2026-01-05T17:07:58.354Z', '2026-01-05T17:07:58.354Z'),
  ('400a81cc-0592-4ec0-a40d-b5a08eeac4d2', '______는 운동 전에 먹기 좋은 에너지원이에요.', '______ là nguồn năng lượng tốt để ăn trước khi tập thể dục.', ARRAY['바나나', '오렌지', '사과', '배']::text[], '바나나', '바나나 có nghĩa là ''chuối'', giàu kali và carbohydrate, thích hợp để cung cấp năng lượng nhanh.', '0057c155-f0ae-4df7-800a-1b7c7e08e6aa', '2026-01-05T17:07:58.354Z', '2026-01-05T17:07:58.354Z'),
  ('b0a38371-badb-4c05-9480-e406e7ccc100', '아직 익지 않은 ______는 녹색이에요.', '______ chưa chín có màu xanh lá.', ARRAY['바나나', '사과', '딸기', '포도']::text[], '바나나', '바나나 khi chín chuyển từ màu xanh sang vàng, và cuối cùng có thể có đốm nâu khi quá chín.', '0057c155-f0ae-4df7-800a-1b7c7e08e6aa', '2026-01-05T17:07:58.354Z', '2026-01-05T17:07:58.354Z'),
  ('8098bf68-e414-4a49-b7a7-838206ebd71d', '______는 빨간색에 씨가 겉에 있어요.', '______ có màu đỏ và hạt ở bên ngoài.', ARRAY['딸기', '사과', '바나나', '귤']::text[], '딸기', '딸기 có nghĩa là ''dâu tây'', có đặc điểm là quả đỏ, hạt nhỏ nằm bên ngoài vỏ.', '4aece94a-44fb-438f-a3f6-6dfba3540a88', '2026-01-05T17:07:58.354Z', '2026-01-05T17:07:58.354Z'),
  ('5ba35ef9-fc2d-41a3-98cf-f35d7d45de5c', '______ 케이크는 많은 사람들이 좋아하는 디저트예요.', 'Bánh ______ là món tráng miệng được nhiều người yêu thích.', ARRAY['딸기', '포도', '배', '수박']::text[], '딸기', '딸기 thường được dùng làm nguyên liệu trong các món tráng miệng như bánh, kem, sinh tố.', '4aece94a-44fb-438f-a3f6-6dfba3540a88', '2026-01-05T17:07:58.354Z', '2026-01-05T17:07:58.354Z'),
  ('c0864c60-340e-4c12-b8be-86d795084f59', '______로 와인을 만들어요.', 'Người ta làm rượu vang từ ______.', ARRAY['포도', '사과', '오렌지', '바나나']::text[], '포도', '포도 có nghĩa là ''nho'', là nguyên liệu chính để sản xuất rượu vang và các sản phẩm từ nho khác.', '19d2fc27-574c-43ce-aebd-3910103325ca', '2026-01-05T17:07:58.354Z', '2026-01-05T17:07:58.354Z'),
  ('b981966c-daa3-4f00-85f1-bbd627c768aa', '______는 보라색이나 초록색일 수 있어요.', '______ có thể có màu tím hoặc màu xanh lá.', ARRAY['포도', '딸기', '사과', '바나나']::text[], '포도', '포도 có nhiều giống với màu sắc khác nhau, phổ biến nhất là nho tím (적포도) và nho xanh (청포도).', '19d2fc27-574c-43ce-aebd-3910103325ca', '2026-01-05T17:07:58.354Z', '2026-01-05T17:07:58.354Z'),
  ('4152df38-1e4c-4c92-b8ba-9b00e41443bf', '______는 비타민 C가 풍부해요.', '______ rất giàu vitamin C.', ARRAY['오렌지', '바나나', '사과', '포도']::text[], '오렌지', '오렌지 có nghĩa là ''cam'', là nguồn cung cấp vitamin C dồi dào, tốt cho hệ miễn dịch.', 'a7f5f91c-2aeb-483a-9374-f2241267f370', '2026-01-05T17:07:58.354Z', '2026-01-05T17:07:58.354Z'),
  ('957c590a-c337-4f21-8b52-64d4353fd15f', '겨울철에 ______를 많이 먹으면 감기 예방에 도움이 돼요.', 'Ăn nhiều ______ vào mùa đông giúp phòng ngừa cảm lạnh.', ARRAY['오렌지', '수박', '배', '딸기']::text[], '오렌지', '오렌지 với hàm lượng vitamin C cao thường được khuyên dùng trong mùa đông để tăng cường sức đề kháng.', 'a7f5f91c-2aeb-483a-9374-f2241267f370', '2026-01-05T17:07:58.354Z', '2026-01-05T17:07:58.354Z'),
  ('6b6ed066-dc8e-449f-8be0-3ddf7ffb8a32', '______는 90% 이상이 물로 이루어져 있어서 여름에 먹기 좋아요.', '______ có hơn 90% là nước, nên rất thích hợp để ăn vào mùa hè.', ARRAY['수박', '사과', '바나나', '포도']::text[], '수박', '수박 có nghĩa là ''dưa hấu'', có hàm lượng nước cao, giúp giải khát và cung cấp nước cho cơ thể trong mùa hè.', 'bee5df9c-7df5-4b4e-83f2-08bf66e3f9df', '2026-01-05T17:07:58.354Z', '2026-01-05T17:07:58.354Z'),
  ('c5599cda-53b6-4df3-a6af-0d9a0af87434', '______는 속이 빨간색이고 씨가 검은색이에요.', '______ có ruột màu đỏ và hạt màu đen.', ARRAY['수박', '딸기', '오렌지', '귤']::text[], '수박', '수박 truyền thống có ruột đỏ với nhiều hạt đen, mặc dù hiện nay cũng có giống không hạt (씨 없는 수박).', 'bee5df9c-7df5-4b4e-83f2-08bf66e3f9df', '2026-01-05T17:07:58.354Z', '2026-01-05T17:07:58.354Z'),
  ('8ff2489a-aecf-40c6-aea0-1617dd8172fe', '한국의 ______는 아주 달고 맛있어요.', '______ của Hàn Quốc rất ngọt và ngon.', ARRAY['배', '바나나', '오렌지', '딸기']::text[], '배', '배 có nghĩa là ''lê'', Hàn Quốc nổi tiếng với giống lê 한국배 (lê Hàn Quốc) có vị ngọt thanh và giòn.', '1c66c883-4f40-4439-9e14-62ff1714a314', '2026-01-05T17:07:58.354Z', '2026-01-05T17:07:58.354Z'),
  ('0b45ab92-4619-4ac2-8b95-a7353abc8a51', '기침할 때 ______를 먹으면 목이 편해져요.', 'Khi ho, ăn ______ sẽ làm dịu cổ họng.', ARRAY['배', '사과', '포도', '수박']::text[], '배', '배 có tính mát, thường được dùng trong y học cổ truyền để làm dịu cổ họng và giảm ho.', '1c66c883-4f40-4439-9e14-62ff1714a314', '2026-01-05T17:07:58.354Z', '2026-01-05T17:07:58.354Z'),
  ('7e73e14e-3990-4825-9345-3c326f6585a5', '제주도 특산물로 유명한 ______은 겨울에 맛이 최고예요.', '______ nổi tiếng là đặc sản đảo Jeju, ngon nhất vào mùa đông.', ARRAY['귤', '사과', '바나나', '딸기']::text[], '귤', '귤 có nghĩa là ''quýt'', đặc biệt nổi tiếng với 제주감귤 (quýt đảo Jeju) - đặc sản của đảo Jeju, Hàn Quốc.', '383f456d-93fe-4c02-be16-b749f3ea8975', '2026-01-05T17:07:58.354Z', '2026-01-05T17:07:58.354Z'),
  ('9d53f9e4-0251-42e8-a458-c6ac9446ed61', '______은 껍질을 쉽게 벗길 수 있어요.', 'Có thể dễ dàng bóc vỏ ______.', ARRAY['귤', '사과', '배', '포도']::text[], '귤', '귤 có vỏ mỏng, dễ bóc, thường được ăn trực tiếp hoặc dùng làm nguyên liệu trong các món ăn, đồ uống.', '383f456d-93fe-4c02-be16-b749f3ea8975', '2026-01-05T17:07:58.354Z', '2026-01-05T17:07:58.354Z'),
  ('aa87bf57-0418-4827-9de1-1e773f4a168a', '어제 먹은 그 식당 음식은 정말 ______.', 'Món ăn ở nhà hàng hôm qua thực sự rất ______.', ARRAY['맛있었어요', '맛없었어요', '매웠어요', '쌌어요']::text[], '맛있었어요', '맛있다 là tính từ có nghĩa là ''ngon'', dùng để khen ngợi hương vị của món ăn.', 'a6ee4857-3658-4b07-9f37-0443b1c28a9d', '2026-01-05T17:07:58.354Z', '2026-01-05T17:07:58.354Z'),
  ('ec6fc999-3878-4aa4-a883-04765b6af5fb', '______ 음식은 먹고 싶을 때마다 생각나요.', 'Món ăn ______ cứ mỗi lần muốn ăn là lại nhớ đến.', ARRAY['맛있는', '맛없는', '매운', '짜는']::text[], '맛있는', '맛있는 là dạng định ngữ của 맛있다, dùng trước danh để bổ nghĩa cho danh từ.', 'a6ee4857-3658-4b07-9f37-0443b1c28a9d', '2026-01-05T17:07:58.354Z', '2026-01-05T17:07:58.354Z'),
  ('16ac7da7-7859-4f4e-9022-fa1dd6eba5ae', '상한 재료로 만든 음식은 ______.', 'Món ăn làm từ nguyên liệu ôi thiu thì ______.', ARRAY['맛없어요', '맛있어요', '달아요', '시어요']::text[], '맛없어요', '맛없다 có nghĩa là ''không ngon'', ''dở'', dùng để chỉ món ăn có hương vị không tốt hoặc không hợp khẩu vị.', '367df5ce-41ae-4127-aff6-334f9dfb0b6d', '2026-01-05T17:07:58.354Z', '2026-01-05T17:07:58.354Z'),
  ('a33b95e4-70ef-48b4-a6eb-c656ad901c12', '______ 식당에는 다시 안 갈 거예요.', 'Tôi sẽ không quay lại nhà hàng ______ nữa.', ARRAY['맛없는', '맛있는', '비싼', '저렴한']::text[], '맛없는', '맛없는 là dạng định ngữ của 맛없다, thường dùng để mô tả những nơi phục vụ đồ ăn không ngon.', '367df5ce-41ae-4127-aff6-334f9dfb0b6d', '2026-01-05T17:07:58.354Z', '2026-01-05T17:07:58.354Z'),
  ('166dd1f6-a1da-49e7-9425-e65f6c167b3a', '한국 음식 중에는 ______ 음식이 많아요.', 'Trong số các món ăn Hàn Quốc, có nhiều món ăn ______.', ARRAY['매운', '달콤한', '시큼한', '쓴']::text[], '매운', '맵다 có nghĩa là ''cay'', là đặc trưng nổi bật của nhiều món ăn Hàn Quốc nhờ sử dụng nhiều gochujang (tương ớt) và gochugaru (bột ớt).', '1db046ba-725e-4e5c-bfcb-8440b698f4d4', '2026-01-05T17:07:58.354Z', '2026-01-05T17:07:58.354Z'),
  ('2ead7cc7-c88c-4afc-9842-bd0f913f660c', '______ 것을 잘 못 먹어서 조금만 먹었어요.', 'Vì không ăn được đồ ______ nên tôi chỉ ăn một chút thôi.', ARRAY['매운', '단', '신', '싱거운']::text[], '매운', '매운 là dạng định ngữ của 맵다, dùng để mô tả món ăn có vị cay.', '1db046ba-725e-4e5c-bfcb-8440b698f4d4', '2026-01-05T17:07:58.354Z', '2026-01-05T17:07:58.354Z'),
  ('0718d516-7f61-4d0e-9937-f63ec08080be', '아이들은 보통 ______ 것을 좋아해요.', 'Trẻ em thường thích những thứ ______.', ARRAY['단', '매운', '짜고', '쓴']::text[], '단', '달다 có nghĩa là ''ngọt'', chỉ vị ngọt của đường, mật ong, hoa quả... ''단'' là dạng định ngữ của 달다.', '41124978-bbbf-4b55-8ea8-29dcf843bc0d', '2026-01-05T17:07:58.354Z', '2026-01-05T17:07:58.354Z'),
  ('91cfe0a8-c5ce-4f67-b5fa-abdc11f5d1ed', '설탕을 많이 넣으면 커피가 ______.', 'Nếu cho nhiều đường thì cà phê sẽ ______.', ARRAY['달아져요', '매워져요', '짜져요', '시져요']::text[], '달아져요', '달다 thường dùng để mô tả vị ngọt tự nhiên hoặc nhân tạo trong thực phẩm.', '41124978-bbbf-4b55-8ea8-29dcf843bc0d', '2026-01-05T17:07:58.354Z', '2026-01-05T17:07:58.354Z'),
  ('0e978976-7f1c-4e95-9586-fc843f7e6dd4', '소금을 너무 많이 넣으면 ______.', 'Nếu cho quá nhiều muối thì sẽ ______.', ARRAY['짜져요', '달아져요', '매워져요', '시져요']::text[], '짜져요', '짜다 có nghĩa là ''mặn'', thường do lượng muối hoặc nước tương (간장) trong món ăn quá nhiều.', '67e717b4-ebb4-4e5a-aaf9-5981bf36d44d', '2026-01-05T17:07:58.354Z', '2026-01-05T17:07:58.354Z'),
  ('2202fec4-4218-4876-8642-88a10405985f', '______ 국을 먹고 나면 물을 많이 마셔야 해요.', 'Sau khi ăn canh ______, cần phải uống nhiều nước.', ARRAY['짜고', '단', '매운', '신']::text[], '짜고', '짜고 là dạng kết nối (và) của 짜다, dùng để nối tính từ với các tính từ khác khi mô tả nhiều đặc điểm.', '67e717b4-ebb4-4e5a-aaf9-5981bf36d44d', '2026-01-05T17:07:58.354Z', '2026-01-05T17:07:58.354Z'),
  ('8f60bc30-7183-495c-93a9-08620f424ba5', '______ 과일은 비타민 C가 풍부해요.', 'Trái cây ______ thường giàu vitamin C.', ARRAY['신', '단', '매운', '쓴']::text[], '신', '시다 có nghĩa là ''chua'', chỉ vị chua của chanh, cam chua, dấm, sữa chua... ''신'' là dạng định ngữ.', '86b9c11f-02d9-4444-b848-680ea2d53fcb', '2026-01-05T17:07:58.354Z', '2026-01-05T17:07:58.354Z'),
  ('5935184e-bdbb-4231-9281-ab93e8f6dd97', '김치가 아직 덜 익어서 ______.', 'Kimchi chưa chín hẳn nên ______.', ARRAY['셔요', '달아요', '매워요', '짜요']::text[], '셔요', '시다 thường được dùng để mô tả vị chua trong quá trình lên men của thực phẩm như kimchi.', '86b9c11f-02d9-4444-b848-680ea2d53fcb', '2026-01-05T17:07:58.354Z', '2026-01-05T17:07:58.354Z'),
  ('8e334bcd-2671-475f-a69d-5560146c7edd', '______ 커피보다는 단 커피를 더 좋아해요.', 'Tôi thích cà phê ngọt hơn là cà phê ______.', ARRAY['쓴', '신', '매운', '짜']::text[], '쓴', '쓰다 có nghĩa là ''đắng'', chỉ vị đắng của cà phê đen, mướp đắng, một số loại thuốc... ''쓴'' là dạng định ngữ.', 'd5fcd4cb-8e73-40d3-9464-f251756c4bf7', '2026-01-05T17:07:58.354Z', '2026-01-05T17:07:58.354Z'),
  ('9e98ea6f-cfe0-42fc-ad10-10f0c0eab93f', '호랑이는 ______ 약이라도 먹어야 해요.', 'Dù thuốc có ______ thế nào cũng phải uống.', ARRAY['쓴', '단', '신', '매운']::text[], '쓴', '쓰다 thường gắn với hình ảnh thuốc đắng, và có thành ngữ ''쓴 약도 먹어야 한다'' (thuốc đắng dã tật).', 'd5fcd4cb-8e73-40d3-9464-f251756c4bf7', '2026-01-05T17:07:58.354Z', '2026-01-05T17:07:58.354Z'),
  ('7fb6cd3e-c2f7-47dd-a415-8dc41d76eff9', '건강을 생각해서 ______ 음식을 먹으려고 해요.', 'Vì nghĩ đến sức khỏe nên tôi cố gắng ăn đồ ăn ______.', ARRAY['싱거운', '짜고', '매운', '단']::text[], '싱거운', '싱겁다 có nghĩa là ''nhạt'', chỉ món ăn có ít muối, ít gia vị. ''싱거운'' là dạng định ngữ.', '0ffe99cd-8945-4569-9fd7-d7517b24a108', '2026-01-05T17:07:58.354Z', '2026-01-05T17:07:58.354Z'),
  ('4126af95-7b43-4a1b-baa6-4ece731a6314', '나이가 들수록 ______ 음식을 선호하게 돼요.', 'Càng lớn tuổi thì người ta càng thích đồ ăn ______.', ARRAY['싱거운', '매운', '단', '짜고']::text[], '싱거운', '싱겁다 thường được khuyến khích trong chế độ ăn kiêng giảm muối vì lý do sức khỏe.', '0ffe99cd-8945-4569-9fd7-d7517b24a108', '2026-01-05T17:07:58.354Z', '2026-01-05T17:07:58.354Z'),
  ('8d017461-b09c-4ec4-a0ad-ab5b148d7bc7', '맛있는 ______을/를 찾고 있어요.', 'Tôi đang tìm một ______ ngon.', ARRAY['식당', '카페', '마트', '편의점']::text[], '식당', '식당 là ''nhà hàng'', nơi mọi người đến để ăn uống. Có nhiều loại 식당 khác nhau như 한식당, 중식당, 일식당.', '84b0936c-45e3-43b1-a3b2-f0fb1bcccad4', '2026-01-05T17:07:58.354Z', '2026-01-05T17:07:58.354Z'),
  ('c4e603c1-d507-451e-b9cf-8bbf064b6798', '______에서 친구와 점심을 먹었어요.', 'Tôi đã ăn trưa với bạn ở ______.', ARRAY['식당', '학교', '병원', '은행']::text[], '식당', '식당 là địa điểm phổ biến để gặp gỡ, ăn uống cùng bạn bè, gia đình hoặc đồng nghiệp.', '84b0936c-45e3-43b1-a3b2-f0fb1bcccad4', '2026-01-05T17:07:58.354Z', '2026-01-05T17:07:58.354Z'),
  ('28e88c58-7914-4689-8fb5-6856fbcb4b52', '______을/를 보고 음식을 고르세요.', 'Hãy xem ______ và chọn món ăn.', ARRAY['메뉴판', '신문', '책', '지도']::text[], '메뉴판', '메뉴판 là ''thực đơn'', danh sách các món ăn và đồ uống có sẵn tại nhà hàng cùng với giá cả.', 'b5389c69-0891-49ae-b6a3-459e17275a6c', '2026-01-05T17:07:58.354Z', '2026-01-05T17:07:58.354Z'),
  ('d6485519-ff2d-4a1e-b425-88a47a6af0a7', '______이/가 없어서 뭘 시킬지 모르겠어요.', 'Vì không có ______ nên tôi không biết gọi món gì.', ARRAY['메뉴판', '친구', '돈', '시간']::text[], '메뉴판', '메뉴판 là công cụ cần thiết để khách hàng biết được nhà hàng có những món gì và giá cả ra sao.', 'b5389c69-0891-49ae-b6a3-459e17275a6c', '2026-01-05T17:07:58.354Z', '2026-01-05T17:07:58.354Z'),
  ('24a8c5bb-b49a-4f5a-8f42-7a21954b23a0', '음식을 ______한 후에 기다려야 해요.', 'Sau khi ______ đồ ăn, phải chờ đợi.', ARRAY['주문하다', '먹다', '만들다', '씻다']::text[], '주문하다', '주문하다 là ''gọi món, đặt món'', là bước đầu tiên khi đến nhà hàng sau khi xem thực đơn.', '4e79a6bb-a5c4-4158-856c-6cdb40187f5a', '2026-01-05T17:07:58.354Z', '2026-01-05T17:07:58.354Z'),
  ('1e32aafa-7fe1-40dd-bafe-3c3b6975c0e7', '직원이 "______?"라고 물어봐요.', 'Nhân viên hỏi "______?"', ARRAY['주문하시겠어요', '얼마예요', '누구예요', '뭐 해요']::text[], '주문하시겠어요', '주문하시겠어요? là câu hỏi lịch sự mà nhân viên phục vụ thường dùng để hỏi khách đã sẵn sàng gọi món chưa.', '4e79a6bb-a5c4-4158-856c-6cdb40187f5a', '2026-01-05T17:07:58.354Z', '2026-01-05T17:07:58.354Z'),
  ('6a914d3c-12a8-4257-9616-74648f644610', '직원을 부를 때 "______"라고 말해요.', 'Khi gọi nhân viên, nói "______".', ARRAY['여기요', '안녕하세요', '감사합니다', '미안합니다']::text[], '여기요', '여기요 hoặc 저기요 là cách gọi nhân viên phục vụ trong nhà hàng, quán ăn ở Hàn Quốc.', '67189109-6ab2-4222-bf0e-8eaf7c6062f5', '2026-01-05T17:07:58.354Z', '2026-01-05T17:07:58.354Z'),
  ('073e52d8-179d-4d49-acde-2636f3039bf5', '"______, 김밥 하나 더 주세요."', '"______, cho tôi thêm một cuốn kimbap nữa ạ."', ARRAY['저기요', '어디요', '뭐요', '왜요']::text[], '저기요', '저기요 và 여기요 có thể dùng thay thế nhau, thường kèm theo yêu cầu cụ thể (물 좀 주세요, 계산해 주세요).', '67189109-6ab2-4222-bf0e-8eaf7c6062f5', '2026-01-05T17:07:58.354Z', '2026-01-05T17:07:58.354Z'),
  ('dcad58d8-58f1-43db-98f2-57c6848f028d', '"______ 얼마예요?" 라고 물으면 가격을 묻는 거예요.', 'Khi hỏi "______ bao nhiêu tiền?" là đang hỏi giá của vật đó.', ARRAY['이거', '그거', '저거', '누구']::text[], '이거', '이거 là ''cái này'', dùng để chỉ vật ở gần người nói, thường dùng khi chỉ vào món ăn trong thực đơn.', '48c02ad5-f2b0-4e60-8b61-89b8b4e7a5db', '2026-01-05T17:07:58.354Z', '2026-01-05T17:07:58.354Z'),
  ('2412065a-3770-4b9d-966b-ca72d38e2bb1', '메뉴판을 가리키며 "______로 할게요."', 'Chỉ vào thực đơn và nói "Tôi sẽ chọn ______."', ARRAY['이거', '저기', '여기', '거기']::text[], '이거', '이거 thường được dùng khi gọi món bằng cách chỉ trực tiếp vào món trong thực đơn.', '48c02ad5-f2b0-4e60-8b61-89b8b4e7a5db', '2026-01-05T17:07:58.354Z', '2026-01-05T17:07:58.354Z'),
  ('f7486f8d-50aa-45c5-9b5d-0a0c9219dfae', '"김치찌개 하나 ______."', '"Cho tôi một phần kimchi jjigae ______."', ARRAY['주세요', '하세요', '보세요', '가세요']::text[], '주세요', '주세요 là cách nói lịch sự có nghĩa ''hãy cho tôi'', dùng để yêu cầu món ăn, đồ uống hoặc dịch vụ.', '8c40bf6a-b4f2-46c9-a7de-8ca3925e9199', '2026-01-05T17:07:58.354Z', '2026-01-05T17:07:58.354Z'),
  ('760cc400-00fd-4317-b337-717ed7ac92cd', '음식을 시킬 때 "______"를/을 문장 끝에 붙여요.', 'Khi gọi đồ ăn, thêm "______" vào cuối câu.', ARRAY['주세요', '있어요', '예요', '했어요']::text[], '주세요', '주세요 là hình thức lịch sự (존댓말) của 주다 (cho), rất quan trọng khi giao tiếp trong nhà hàng.', '8c40bf6a-b4f2-46c9-a7de-8ca3925e9199', '2026-01-05T17:07:58.354Z', '2026-01-05T17:07:58.354Z'),
  ('4ec6fd45-9853-49b0-b94c-c8f5cdd87cdd', '물건의 가격을 알고 싶을 때 "______?"라고 물어요.', 'Khi muốn biết giá của món đồ, hỏi "______?"', ARRAY['얼마예요', '뭐예요', '어디예요', '누구예요']::text[], '얼마예요', '얼마예요? là câu hỏi phổ biến để hỏi giá cả, dùng được trong nhiều tình huống mua sắm.', '873d527f-67ac-44b2-9270-9f2def7c178b', '2026-01-05T17:07:58.354Z', '2026-01-05T17:07:58.354Z'),
  ('9ab3e9f5-ae37-4423-9eed-1f7f01512484', '"이 음식 ______?"', '"Món ăn này ______?"', ARRAY['얼마예요', '뜨거워요', '맵아요', '시원해요']::text[], '얼마예요', '얼마예요? có thể dùng để hỏi giá của một món cụ thể hoặc toàn bộ hóa đơn.', '873d527f-67ac-44b2-9270-9f2def7c178b', '2026-01-05T17:07:58.354Z', '2026-01-05T17:07:58.354Z'),
  ('83ae43d4-328a-4e3a-9fd7-a23fe6bde322', '다 먹고 나서 ______합니다.', 'Sau khi ăn xong thì ______.', ARRAY['계산하다', '주문하다', '요리하다', '쉬다']::text[], '계산하다', '계산하다 là ''thanh toán, tính tiền'', là bước cuối cùng khi ăn ở nhà hàng.', '070942f8-8f1b-4d4a-93f9-7fbdee09758e', '2026-01-05T17:07:58.354Z', '2026-01-05T17:07:58.354Z'),
  ('436239fc-6bed-4196-a630-c48269b1dacd', '"______할게요."라고 말하면 내가 돈을 내겠다는 뜻이에요.', 'Nói "______" có nghĩa là tôi sẽ trả tiền.', ARRAY['계산해', '주문해', '먹을게', '갈게']::text[], '계산해', '계산하다 thường được dùng trong các tình huống như 계산할게요 (tôi sẽ trả), 계산해 주세요 (xin tính tiền giúp tôi).', '070942f8-8f1b-4d4a-93f9-7fbdee09758e', '2026-01-05T17:07:58.354Z', '2026-01-05T17:07:58.354Z'),
  ('01fc20ff-a4ef-488a-a021-5ca0b38a1ed8', '다 못 먹은 음식을 ______해서 집에 가져가요.', 'Tôi ______ đồ ăn không ăn hết và mang về nhà.', ARRAY['포장하다', '버리다', '나누다', '팔다']::text[], '포장하다', '포장하다 là ''gói lại, đóng gói'', thường dùng khi muốn mang đồ ăn thừa về nhà hoặc mua đồ ăn mang về.', 'c599f25d-9f56-4690-afd2-ede7605d60e9', '2026-01-05T17:07:58.354Z', '2026-01-05T17:07:58.354Z'),
  ('0f73bd2e-a107-4329-8a3b-4c567a4eeea5', '"______해서 가져갈게요."', '"Tôi sẽ ______ và mang đi."', ARRAY['포장', '주문', '계산', '먹고']::text[], '포장', '포장하다 có thể rút gọn thành 포장 khi dùng trong các cụm từ như 포장해 주세요, 포장해서 가져갈게요.', 'c599f25d-9f56-4690-afd2-ede7605d60e9', '2026-01-05T17:07:58.354Z', '2026-01-05T17:07:58.354Z');

COMMIT;