BEGIN;

-- LearningGroup: Mối quan hệ & Giao tiếp xã hội (인간관계 및 사교)
INSERT INTO "LearningGroup" (id, name, icon, "topikLevel", "createdAt", "updatedAt") VALUES ('bc4d20ce-2413-40af-b0ce-55e8123e6afd', 'Mối quan hệ & Giao tiếp xã hội (인간관계 및 사교)', NULL, 2, '2026-01-05T17:07:58.369Z', '2026-01-05T17:07:58.369Z');

-- Categories (10 categories)
INSERT INTO "Category" (id, name, description, icon, "order", "topikLevel", "groupId", "createdAt", "updatedAt") VALUES ('bc0cd68d-8b4e-4fbe-bbd7-a90301503eef', 'Gặp gỡ & Hẹn hò', 'Từ vựng về các mối quan hệ, hẹn hò và văn hóa tình cảm của giới trẻ Hàn Quốc', '💕', 1, 2, 'bc4d20ce-2413-40af-b0ce-55e8123e6afd', '2026-01-05T17:07:58.369Z', '2026-01-05T17:07:58.369Z'),
  ('da58e52e-a8b1-4bc2-8ca9-4de2f1795bae', 'Tính cách (Phần 1)', 'Từ vựng về các đặc điểm tính cách cơ bản, liên quan đến hướng ngoại/hướng nội và thái độ sống', '😊', 2, 2, 'bc4d20ce-2413-40af-b0ce-55e8123e6afd', '2026-01-05T17:07:58.369Z', '2026-01-05T17:07:58.369Z'),
  ('73713c0a-d02d-4649-a100-488f3845bb6d', 'Tính cách (Phần 2)', 'Từ vựng về các đặc điểm tính cách chi tiết hơn, liên quan đến cách làm việc, ứng xử và cảm xúc', '🤔', 3, 2, 'bc4d20ce-2413-40af-b0ce-55e8123e6afd', '2026-01-05T17:07:58.369Z', '2026-01-05T17:07:58.369Z'),
  ('3949c468-854d-47f8-9e9c-17a84637f7ca', 'Lời mời & Các cuộc gặp gỡ (초대 및 모임)', 'Từ vựng về việc mời mọc, tham dự và các loại hình tụ tập xã hội', '📅', 4, 2, 'bc4d20ce-2413-40af-b0ce-55e8123e6afd', '2026-01-05T17:07:58.369Z', '2026-01-05T17:07:58.369Z'),
  ('0322e57e-d706-4ecd-8624-7217e0a6ce57', 'Lễ cưới & Các sự kiện gia đình', 'Từ vựng về các nghi lễ truyền thống và sự kiện gia đình quan trọng trong văn hóa Hàn Quốc', '👨‍👩‍👧‍👦', 5, 2, 'bc4d20ce-2413-40af-b0ce-55e8123e6afd', '2026-01-05T17:07:58.369Z', '2026-01-05T17:07:58.369Z'),
  ('da2888af-dfa8-406f-a064-f9f5add9366d', 'Khen ngợi & Phê bình', 'Từ vựng về cách thức đưa ra và nhận phản hồi mang tính tích cực, động viên hoặc góp ý xây dựng trong giao tiếp', '💬', 6, 2, 'bc4d20ce-2413-40af-b0ce-55e8123e6afd', '2026-01-05T17:07:58.369Z', '2026-01-05T17:07:58.369Z'),
  ('9995bcf4-58c8-4184-8223-d9d1e45757d6', 'Từ chối & Xin lỗi (거절과 사과)', 'Từ vựng liên quan đến hành động từ chối, xin lỗi, giải quyết mâu thuẫn và ứng xử', '🙏', 7, 2, 'bc4d20ce-2413-40af-b0ce-55e8123e6afd', '2026-01-05T17:07:58.369Z', '2026-01-05T17:07:58.369Z'),
  ('1538a452-80df-4cb0-b791-969dda655f6a', 'Giải quyết xung đột (갈등 해결)', 'Từ vựng về các dạng xung đột, cách thức giải quyết và hòa giải', '⚖️', 8, 2, 'bc4d20ce-2413-40af-b0ce-55e8123e6afd', '2026-01-05T17:07:58.369Z', '2026-01-05T17:07:58.369Z'),
  ('b6475cbe-6fd3-4c1a-a0bc-827ce0528c88', 'Các kiểu người', 'Từ vựng về các loại tính cách, cá tính và phong cách sống của con người trong xã hội Hàn Quốc', '👥', 9, 2, 'bc4d20ce-2413-40af-b0ce-55e8123e6afd', '2026-01-05T17:07:58.369Z', '2026-01-05T17:07:58.369Z'),
  ('51aecf7e-4c8a-4c60-9423-dd5abc30772a', 'Tình bạn', 'Từ vựng về mối quan hệ bạn bè, tình cảm và các đặc trưng của một tình bạn đích thực', '👫', 10, 2, 'bc4d20ce-2413-40af-b0ce-55e8123e6afd', '2026-01-05T17:07:58.369Z', '2026-01-05T17:07:58.369Z');

-- Vocabulary Words
INSERT INTO "Vocabulary" (id, korean, hanja, vietnamese, pronunciation, example, "exampleTranslation", "categoryId", "createdAt", "updatedAt") VALUES ('582dba12-a400-46ed-b312-577e2bc152d5', '썸 타다', NULL, 'Giai đoạn tìm hiểu, "thả thính"', 'sseom tada', '우리 아직 사귀는 건 아니고 썸 타는 중이에요.', 'Chúng tôi chưa hẹn hò, chỉ đang trong giai đoạn tìm hiểu thôi.', 'bc0cd68d-8b4e-4fbe-bbd7-a90301503eef', '2026-01-05T17:07:58.369Z', '2026-01-05T17:07:58.369Z'),
  ('9283ed0e-406b-4cc3-a193-c160c09844ab', '소개팅', '紹介팅', 'Buổi xem mắt (do bạn bè giới thiệu)', 'sogaeting', '친구가 소개팅을 주선해 줬어요.', 'Bạn tôi đã sắp xếp cho tôi một buổi xem mắt.', 'bc0cd68d-8b4e-4fbe-bbd7-a90301503eef', '2026-01-05T17:07:58.369Z', '2026-01-05T17:07:58.369Z'),
  ('cbd0fcfd-7f66-4734-859b-196bcb28a744', '고백하다', '告白하다', 'Tỏ tình', 'gobaekhada', '용기를 내서 좋아하는 사람에게 고백했어요.', 'Tôi đã lấy hết can đảm để tỏ tình với người mình thích.', 'bc0cd68d-8b4e-4fbe-bbd7-a90301503eef', '2026-01-05T17:07:58.369Z', '2026-01-05T17:07:58.369Z'),
  ('88249951-a147-45ae-b41a-d7f8ffccdbac', '사귀다', NULL, 'Hẹn hò, quen nhau', 'sagwida', '우리 사귄 지 1년 됐어요.', 'Chúng tôi đã hẹn hò được 1 năm rồi.', 'bc0cd68d-8b4e-4fbe-bbd7-a90301503eef', '2026-01-05T17:07:58.369Z', '2026-01-05T17:07:58.369Z'),
  ('0e52c6d8-3a0c-4864-a2ca-1f8c44390bcf', '헤어지다', NULL, 'Chia tay', 'he-eojida', '그 커플은 결국 헤어졌어요.', 'Cặp đôi đó cuối cùng đã chia tay.', 'bc0cd68d-8b4e-4fbe-bbd7-a90301503eef', '2026-01-05T17:07:58.369Z', '2026-01-05T17:07:58.369Z'),
  ('542281ac-d244-4f0a-bdd6-4ee4becb4e6e', '차이다', NULL, 'Bị "đá", bị chia tay', 'cha-ida', '어제 남자친구한테 차였어요.', 'Hôm qua tôi đã bị bạn trai "đá".', 'bc0cd68d-8b4e-4fbe-bbd7-a90301503eef', '2026-01-05T17:07:58.369Z', '2026-01-05T17:07:58.369Z'),
  ('26a1bed6-c689-42e8-8491-7b394df65069', '이상형', '理想型', 'Hình mẫu lý tưởng', 'isanghyeong', '당신의 이상형은 어떤 사람이에요?', 'Hình mẫu lý tưởng của bạn là người như thế nào?', 'bc0cd68d-8b4e-4fbe-bbd7-a90301503eef', '2026-01-05T17:07:58.369Z', '2026-01-05T17:07:58.369Z'),
  ('ae4f9be7-35a9-4813-b417-afa9e75af88b', '외향적이다', '外向的이다', 'Hướng ngoại', 'oehyangjeogida', '저는 외향적이라서 사람 만나는 것을 좋아해요.', 'Tôi là người hướng ngoại nên thích gặp gỡ mọi người.', 'da58e52e-a8b1-4bc2-8ca9-4de2f1795bae', '2026-01-05T17:07:58.369Z', '2026-01-05T17:07:58.369Z'),
  ('a79de41b-a9ff-4fb2-ae83-b11b54109143', '내성적이다', '內省的이다', 'Hướng nội', 'naeseongjeogida', '제 동생은 내성적이라서 말이 별로 없어요.', 'Em tôi là người hướng nội nên không nói nhiều.', 'da58e52e-a8b1-4bc2-8ca9-4de2f1795bae', '2026-01-05T17:07:58.369Z', '2026-01-05T17:07:58.369Z'),
  ('e56c45ba-f57c-48b4-a782-4ce6682653aa', '활발하다', '活潑하다', 'Hoạt bát, năng nổ', 'hwalbalhada', '아이가 아주 활발해서 보기 좋아요.', 'Đứa trẻ rất hoạt bát nên trông rất thích.', 'da58e52e-a8b1-4bc2-8ca9-4de2f1795bae', '2026-01-05T17:07:58.369Z', '2026-01-05T17:07:58.369Z'),
  ('9d71b326-3516-46eb-badc-f1e23865b304', '긍정적이다', '肯定的이다', 'Tích cực', 'geungjeongjeogida', '그는 항상 긍정적으로 생각해요.', 'Anh ấy luôn suy nghĩ một cách tích cực.', 'da58e52e-a8b1-4bc2-8ca9-4de2f1795bae', '2026-01-05T17:07:58.369Z', '2026-01-05T17:07:58.369Z'),
  ('8f6ae715-583a-4d85-b23e-988409473449', '부정적이다', '否定的이다', 'Tiêu cực', 'bujeongjeogida', '너무 부정적으로 생각하지 마세요.', 'Đừng suy nghĩ tiêu cực quá.', 'da58e52e-a8b1-4bc2-8ca9-4de2f1795bae', '2026-01-05T17:07:58.369Z', '2026-01-05T17:07:58.369Z'),
  ('7a2805df-129f-4732-9012-f55ec89892a0', '솔직하다', '率直하다', 'Thẳng thắn, thật thà', 'soljikhada', '솔직하게 말해줘서 고마워요.', 'Cảm ơn vì đã nói chuyện một cách thẳng thắn.', 'da58e52e-a8b1-4bc2-8ca9-4de2f1795bae', '2026-01-05T17:07:58.369Z', '2026-01-05T17:07:58.369Z'),
  ('34fd6e16-e4e8-48cc-a1b1-4b338ef6d86c', '급하다', '急하다', 'Nóng vội, hấp tấp', 'geupada', '저는 성격이 급해서 실수를 자주 해요.', 'Tính tôi nóng vội nên thường hay mắc lỗi.', 'da58e52e-a8b1-4bc2-8ca9-4de2f1795bae', '2026-01-05T17:07:58.369Z', '2026-01-05T17:07:58.369Z'),
  ('ca0afd6b-f931-4e1b-8a6f-225ae443c47f', '꼼꼼하다', '', 'Tỉ mỉ, kỹ lưỡng', 'kkomkkomhada', '그 친구는 일을 꼼꼼하게 처리해요.', 'Người bạn đó xử lý công việc một cách rất tỉ mỉ.', '73713c0a-d02d-4649-a100-488f3845bb6d', '2026-01-05T17:07:58.369Z', '2026-01-05T17:07:58.369Z'),
  ('017940ce-6109-416d-a5a2-b473e7b7bcb9', '털털하다', '', 'Thoải mái, xuề xòa', 'teolteolhada', '제 친구는 성격이 털털해서 인기가 많아요.', 'Bạn tôi tính cách thoải mái nên được nhiều người yêu quý.', '73713c0a-d02d-4649-a100-488f3845bb6d', '2026-01-05T17:07:58.369Z', '2026-01-05T17:07:58.369Z'),
  ('3300c418-c6bb-49ee-9b98-2c396db7669b', '이기적이다', '利己的이다', 'Ích kỷ', 'igijeogida', '너무 이기적으로 행동하지 마세요.', 'Đừng hành động một cách ích kỷ như vậy.', '73713c0a-d02d-4649-a100-488f3845bb6d', '2026-01-05T17:07:58.369Z', '2026-01-05T17:07:58.369Z'),
  ('1d3ee6aa-b90c-475a-826d-06bb9c220564', '소심하다', '小心하다', 'Nhút nhát, rụt rè', 'sosimhada', '저는 소심해서 발표를 잘 못해요.', 'Tôi nhút nhát nên không giỏi phát biểu.', '73713c0a-d02d-4649-a100-488f3845bb6d', '2026-01-05T17:07:58.369Z', '2026-01-05T17:07:58.369Z'),
  ('dd4e00aa-eb31-4a1a-bc90-9b257855f2a3', '고집이 세다', '固執이 세다', 'Bướng bỉnh, cố chấp', 'gojibi seda', '그 아이는 고집이 너무 세서 설득하기 힘들어요.', 'Đứa trẻ đó quá bướng bỉnh nên khó mà thuyết phục.', '73713c0a-d02d-4649-a100-488f3845bb6d', '2026-01-05T17:07:58.369Z', '2026-01-05T17:07:58.369Z'),
  ('5618ae74-47aa-43af-8271-9ff44cc63cf4', '책임감이 강하다', '責任感이 강하다', 'Tinh thần trách nhiệm cao', 'chaegimgami ganghada', '팀장님은 책임감이 강해서 믿을 수 있어요.', 'Có thể tin tưởng trưởng nhóm vì anh ấy có tinh thần trách nhiệm cao.', '73713c0a-d02d-4649-a100-488f3845bb6d', '2026-01-05T17:07:58.369Z', '2026-01-05T17:07:58.369Z'),
  ('fe5d40d7-21db-43e0-8446-50a8b05e849c', '유머 감각이 있다', 'Humor 感覺이 있다', 'Có khiếu hài hước', 'yumeo gamgagi itda', '그는 유머 감각이 있어서 항상 주변을 즐겁게 해요.', 'Anh ấy có khiếu hài hước nên luôn làm cho mọi người xung quanh vui vẻ.', '73713c0a-d02d-4649-a100-488f3845bb6d', '2026-01-05T17:07:58.369Z', '2026-01-05T17:07:58.369Z'),
  ('6ec3bae0-29e5-4f9f-bd86-a6293f633c45', '초대하다', NULL, 'Mời', 'chodaehada', '집에 친구들을 초대했어요.', 'Tôi đã mời bạn bè đến nhà.', '3949c468-854d-47f8-9e9c-17a84637f7ca', '2026-01-05T17:07:58.369Z', '2026-01-05T17:07:58.369Z'),
  ('9fd247d4-114a-4939-9c24-1c8d60c1515e', '집들이', NULL, 'Tiệc tân gia', 'jipdeuri', '이번 주말에 친구 집들이에 가요.', 'Cuối tuần này tôi đi dự tiệc tân gia nhà bạn.', '3949c468-854d-47f8-9e9c-17a84637f7ca', '2026-01-05T17:07:58.369Z', '2026-01-05T17:07:58.369Z'),
  ('1fd5eefd-59e9-479c-bd91-b46f0b23617b', '모임', NULL, 'Buổi tụ tập', 'mo-im', '동창회 모임에 참석했어요.', 'Tôi đã tham dự buổi họp lớp.', '3949c468-854d-47f8-9e9c-17a84637f7ca', '2026-01-05T17:07:58.369Z', '2026-01-05T17:07:58.369Z'),
  ('7bfeb246-60c6-48d8-9017-25013aedcdfa', '약속을 잡다', NULL, 'Hẹn lịch, sắp xếp cuộc hẹn', 'yaksogeul japda', '친구와 저녁 약속을 잡았어요.', 'Tôi đã hẹn ăn tối với bạn.', '3949c468-854d-47f8-9e9c-17a84637f7ca', '2026-01-05T17:07:58.369Z', '2026-01-05T17:07:58.369Z'),
  ('9c56d0fa-ae99-45d8-a4ea-9d1c10eda68c', '참석하다', NULL, 'Tham dự', 'chamseokhada', '회의에 꼭 참석해 주세요.', 'Xin hãy nhất định tham dự cuộc họp.', '3949c468-854d-47f8-9e9c-17a84637f7ca', '2026-01-05T17:07:58.369Z', '2026-01-05T17:07:58.369Z'),
  ('ec0196a4-1aa3-46ed-b551-77f87418a4f3', '불참하다', NULL, 'Không tham dự', 'bulchamhada', '개인적인 사정으로 불참하게 되었습니다.', 'Vì việc riêng nên tôi sẽ không thể tham dự.', '3949c468-854d-47f8-9e9c-17a84637f7ca', '2026-01-05T17:07:58.369Z', '2026-01-05T17:07:58.369Z'),
  ('04de15ad-228d-439c-b077-93e6619c9a5e', '정모 / 번개', NULL, 'Họp mặt định kỳ / Họp mặt đột xuất', 'jeongmo / beon-gae', '동호회 정모가 한 달에 한 번 있어요.', 'Buổi họp mặt định kỳ của câu lạc bộ có một lần mỗi tháng.', '3949c468-854d-47f8-9e9c-17a84637f7ca', '2026-01-05T17:07:58.369Z', '2026-01-05T17:07:58.369Z'),
  ('c317d9aa-8a36-473b-97e6-ed940f418bb5', '결혼식', '結婚式', 'Lễ cưới', 'gyeolhonsik', '친구 결혼식에 다녀왔어요.', 'Tôi đã đi dự lễ cưới của bạn về.', '0322e57e-d706-4ecd-8624-7217e0a6ce57', '2026-01-05T17:07:58.369Z', '2026-01-05T17:07:58.369Z'),
  ('e3b50e5f-212e-447b-86ec-cec3dae52513', '청첩장', '請帖狀', 'Thiệp cưới', 'cheongcheopjang', '친구에게 청첩장을 받았어요.', 'Tôi đã nhận được thiệp cưới từ bạn tôi.', '0322e57e-d706-4ecd-8624-7217e0a6ce57', '2026-01-05T17:07:58.369Z', '2026-01-05T17:07:58.369Z'),
  ('b1f1db3e-3708-4875-b2f7-937dcb05be18', '축의금', '祝儀金', 'Tiền mừng cưới', 'chugi-geum', '축의금으로 얼마를 내야 할지 고민돼요.', 'Tôi đang phân vân không biết nên đi bao nhiêu tiền mừng cưới.', '0322e57e-d706-4ecd-8624-7217e0a6ce57', '2026-01-05T17:07:58.369Z', '2026-01-05T17:07:58.369Z'),
  ('df6ebb60-1891-4e85-837f-3215200fc299', '장례식', '葬禮式', 'Tang lễ', 'jangnyesik', '어제 할아버지 장례식에 다녀왔어요.', 'Hôm qua tôi đã đi dự tang lễ của ông tôi về.', '0322e57e-d706-4ecd-8624-7217e0a6ce57', '2026-01-05T17:07:58.369Z', '2026-01-05T17:07:58.369Z'),
  ('258a0d5b-2e00-47e0-9d41-b6648483f028', '조의금', '弔意金', 'Tiền phúng điếu', 'jo-ui-geum', '조의금을 준비해서 장례식장에 갔어요.', 'Tôi đã chuẩn bị tiền phúng điếu rồi đến nhà tang lễ.', '0322e57e-d706-4ecd-8624-7217e0a6ce57', '2026-01-05T17:07:58.369Z', '2026-01-05T17:07:58.369Z'),
  ('378ee384-53c0-4f09-b0d4-c2026924b9a3', '돌잔치', NULL, 'Tiệc thôi nôi', 'doljanchi', '조카의 돌잔치에 갈 거예요.', 'Tôi sẽ đi dự tiệc thôi nôi của cháu tôi.', '0322e57e-d706-4ecd-8624-7217e0a6ce57', '2026-01-05T17:07:58.369Z', '2026-01-05T17:07:58.369Z'),
  ('0aea314e-19ef-4c7a-bdcc-8d4c0268a3c6', '환갑', '還甲', 'Lễ mừng thọ 60 tuổi', 'hwan-gap', '내년에 아버지 환갑 잔치를 할 거예요.', 'Năm sau chúng tôi sẽ tổ chức tiệc mừng thọ 60 tuổi cho bố.', '0322e57e-d706-4ecd-8624-7217e0a6ce57', '2026-01-05T17:07:58.369Z', '2026-01-05T17:07:58.369Z'),
  ('08436805-17e5-48dd-be97-35e67f47de5f', '칭찬하다', '稱讚하다', 'Khen ngợi', 'chingchanhada', '부모님께 칭찬을 받아서 기분이 좋았어요.', 'Tôi đã cảm thấy vui vì được bố mẹ khen ngợi.', 'da2888af-dfa8-406f-a064-f9f5add9366d', '2026-01-05T17:07:58.369Z', '2026-01-05T17:07:58.369Z'),
  ('938340a3-9fd1-41fd-adc9-91b1f1254f6c', '비판하다', '批判하다', 'Phê bình', 'bipanhada', '다른 사람을 함부로 비판하면 안 돼요.', 'Không được tùy tiện phê bình người khác.', 'da2888af-dfa8-406f-a064-f9f5add9366d', '2026-01-05T17:07:58.369Z', '2026-01-05T17:07:58.369Z'),
  ('e90e5488-cfc3-4fec-9fd0-351e48c815e5', '격려하다', '激勵하다', 'Động viên, khích lệ', 'gyeongnyeohada', '시험에 떨어진 친구를 격려해 줬어요.', 'Tôi đã động viên người bạn bị trượt kỳ thi.', 'da2888af-dfa8-406f-a064-f9f5add9366d', '2026-01-05T17:07:58.369Z', '2026-01-05T17:07:58.369Z'),
  ('fd1a252b-1a94-4dc7-bc9a-9cbe9afc02f2', '조언하다', '助言하다', 'Khuyên bảo', 'jo-eonhada', '선배가 저에게 진심으로 조언해 줬어요.', 'Tiền bối đã chân thành khuyên bảo tôi.', 'da2888af-dfa8-406f-a064-f9f5add9366d', '2026-01-05T17:07:58.369Z', '2026-01-05T17:07:58.369Z'),
  ('419dbdad-1b09-4902-a05c-06622ce7e94f', '지적하다', '指摘하다', 'Chỉ ra, chỉ trích', 'jijeokhada', '제 보고서의 문제점을 지적해 주셨어요.', 'Anh ấy đã chỉ ra những vấn đề trong báo cáo của tôi.', 'da2888af-dfa8-406f-a064-f9f5add9366d', '2026-01-05T17:07:58.369Z', '2026-01-05T17:07:58.369Z'),
  ('47c710d7-44ee-412e-8321-c09bf34f6f5c', '긍정적인 피드백', '肯定的인 Feedback', 'Phản hồi tích cực', 'geungjeongjeogin pideubaek', '긍정적인 피드백은 우리를 성장하게 해요.', 'Phản hồi tích cực giúp chúng ta trưởng thành.', 'da2888af-dfa8-406f-a064-f9f5add9366d', '2026-01-05T17:07:58.369Z', '2026-01-05T17:07:58.369Z'),
  ('b290e6f0-656c-4aec-9ad4-09aa14e6243b', '건설적인 비판', '建設的인 批判', 'Phê bình mang tính xây dựng', 'geonseoljeogin bipan', '건설적인 비판은 언제나 환영입니다.', 'Chúng tôi luôn hoan nghênh những lời phê bình mang tính xây dựng.', 'da2888af-dfa8-406f-a064-f9f5add9366d', '2026-01-05T17:07:58.369Z', '2026-01-05T17:07:58.369Z'),
  ('55eb164c-cad4-4bfc-a311-e7f659bc7877', '거절하다', NULL, 'Từ chối', 'geojeolhada', '어려운 부탁이라서 거절할 수밖에 없었어요.', 'Vì là một lời nhờ vả khó nên tôi không còn cách nào khác ngoài từ chối.', '9995bcf4-58c8-4184-8223-d9d1e45757d6', '2026-01-05T17:07:58.369Z', '2026-01-05T17:07:58.369Z'),
  ('f40c3de1-6569-404c-9871-94a9e46779aa', '사과하다', NULL, 'Xin lỗi', 'sagwahada', '제가 실수한 것에 대해 진심으로 사과했어요.', 'Tôi đã chân thành xin lỗi về những gì mình đã làm sai.', '9995bcf4-58c8-4184-8223-d9d1e45757d6', '2026-01-05T17:07:58.369Z', '2026-01-05T17:07:58.369Z'),
  ('193b9b42-82a9-411f-9a1b-5de31287cda0', '용서하다', NULL, 'Tha thứ', 'yongseohada', '친구의 사과를 받고 용서해 줬어요.', 'Tôi đã chấp nhận lời xin lỗi của bạn và tha thứ cho cậu ấy.', '9995bcf4-58c8-4184-8223-d9d1e45757d6', '2026-01-05T17:07:58.369Z', '2026-01-05T17:07:58.369Z'),
  ('e71f0ae7-d2cb-4ff9-8d10-317350fbf8bf', '변명하다', NULL, 'Biện minh, bao biện', 'byeonmyeonghada', '잘못을 인정하지 않고 계속 변명만 했어요.', 'Cậu ấy không thừa nhận sai lầm mà chỉ liên tục bao biện.', '9995bcf4-58c8-4184-8223-d9d1e45757d6', '2026-01-05T17:07:58.369Z', '2026-01-05T17:07:58.369Z'),
  ('94024db8-b890-4dc4-b18a-a60e0bdccdc3', '정중하게', NULL, 'Một cách lịch sự, trang trọng', 'jeongjunghage', '정중하게 부탁을 거절했어요.', 'Tôi đã từ chối lời nhờ vả một cách lịch sự.', '9995bcf4-58c8-4184-8223-d9d1e45757d6', '2026-01-05T17:07:58.369Z', '2026-01-05T17:07:58.369Z'),
  ('eaca0f0d-27ca-431f-a176-081549e851e4', '오해', NULL, 'Sự hiểu lầm', 'ohae', '작은 오해 때문에 친구와 다퉜어요.', 'Tôi đã cãi nhau với bạn vì một hiểu lầm nhỏ.', '9995bcf4-58c8-4184-8223-d9d1e45757d6', '2026-01-05T17:07:58.369Z', '2026-01-05T17:07:58.369Z'),
  ('4eb29d5d-65bb-4fd6-ab4a-be020e2f664b', '갈등', NULL, 'Mâu thuẫn, xung đột', 'galdeung', '회사 동료와 갈등이 생겼어요.', 'Mâu thuẫn đã nảy sinh với đồng nghiệp công ty.', '1538a452-80df-4cb0-b791-969dda655f6a', '2026-01-05T17:07:58.369Z', '2026-01-05T17:07:58.369Z'),
  ('6e06ba31-5f3b-40e4-b933-78e7a5e544f6', '다투다 / 싸우다', NULL, 'Cãi nhau / Đánh nhau', 'datuda / ssauda', '사소한 일로 친구와 다퉜어요.', 'Tôi đã cãi nhau với bạn vì một chuyện nhỏ nhặt.', '1538a452-80df-4cb0-b791-969dda655f6a', '2026-01-05T17:07:58.369Z', '2026-01-05T17:07:58.369Z'),
  ('35567312-4372-463b-9179-45739a7f65dc', '화해하다', NULL, 'Làm hòa', 'hwahaehada', '우리는 서로 사과하고 화해했어요.', 'Chúng tôi đã xin lỗi lẫn nhau và làm hòa.', '1538a452-80df-4cb0-b791-969dda655f6a', '2026-01-05T17:07:58.369Z', '2026-01-05T17:07:58.369Z'),
  ('430edcac-4dd1-4536-a74c-f4768b4459cb', '해결하다', NULL, 'Giải quyết', 'haegyeolhada', '대화를 통해 문제를 해결하는 것이 중요해요.', 'Việc giải quyết vấn đề thông qua đối thoại là rất quan trọng.', '1538a452-80df-4cb0-b791-969dda655f6a', '2026-01-05T17:07:58.369Z', '2026-01-05T17:07:58.369Z'),
  ('80ca46d0-189d-4ec2-a7ff-fdef26b1317b', '양보하다', NULL, 'Nhượng bộ', 'yangbohada', '서로 조금씩 양보해서 갈등을 풀었어요.', 'Chúng tôi đã giải quyết mâu thuẫn bằng cách mỗi người nhượng bộ một chút.', '1538a452-80df-4cb0-b791-969dda655f6a', '2026-01-05T17:07:58.369Z', '2026-01-05T17:07:58.369Z'),
  ('f129511a-3780-4c95-89fb-589291e71ada', '말다툼', NULL, 'Cãi vã, tranh cãi bằng lời nói', 'maldatum', '부모님의 말다툼 소리에 잠이 깼어요.', 'Tôi đã tỉnh giấc vì tiếng cãi vã của bố mẹ.', '1538a452-80df-4cb0-b791-969dda655f6a', '2026-01-05T17:07:58.369Z', '2026-01-05T17:07:58.369Z'),
  ('46401ac2-40b4-4780-8194-5a5f506fbff7', '수다쟁이', NULL, 'Người nói nhiều', 'sudajaeng-i', '제 친구는 수다쟁이라서 전화하면 한 시간은 기본이에요.', 'Bạn tôi là một người nói nhiều nên mỗi khi gọi điện, một tiếng là cơ bản.', 'b6475cbe-6fd3-4c1a-a0bc-827ce0528c88', '2026-01-05T17:07:58.369Z', '2026-01-05T17:07:58.369Z'),
  ('a968bc2c-9949-4636-9637-1e9805c67096', '완벽주의자', '完美主義者', 'Người theo chủ nghĩa hoàn hảo', 'wanbyeokju-uija', '그는 완벽주의자라서 모든 일을 꼼꼼하게 해요.', 'Anh ấy là người cầu toàn nên làm mọi việc rất kỹ lưỡng.', 'b6475cbe-6fd3-4c1a-a0bc-827ce0528c88', '2026-01-05T17:07:58.369Z', '2026-01-05T17:07:58.369Z'),
  ('c36376d3-0ca1-42c9-94f8-1f782abd5732', '낙천주의자', '樂天主義者', 'Người lạc quan', 'nakcheonju-uija', '저는 낙천주의자라서 잘 걱정하지 않아요.', 'Tôi là người lạc quan nên không hay lo lắng.', 'b6475cbe-6fd3-4c1a-a0bc-827ce0528c88', '2026-01-05T17:07:58.369Z', '2026-01-05T17:07:58.369Z'),
  ('5d7fc495-3587-4c0a-ba28-7491e7da447d', '비관주의자', '悲觀主義者', 'Người bi quan', 'bigwanju-uija', '비관주의자는 항상 최악의 상황을 생각해요.', 'Người bi quan luôn nghĩ đến tình huống tồi tệ nhất.', 'b6475cbe-6fd3-4c1a-a0bc-827ce0528c88', '2026-01-05T17:07:58.369Z', '2026-01-05T17:07:58.369Z'),
  ('71ce76f8-6cdd-4577-a11f-cf9f2d664457', '현실주의자', '現實主義者', 'Người thực tế', 'hyeonsilju-uija', '저는 꿈보다 현실을 중요하게 생각하는 현실주의자예요.', 'Tôi là người thực tế, người coi trọng hiện thực hơn là ước mơ.', 'b6475cbe-6fd3-4c1a-a0bc-827ce0528c88', '2026-01-05T17:07:58.369Z', '2026-01-05T17:07:58.369Z'),
  ('83f15e58-eec1-4904-b2d7-562ad5a5c206', '분위기 메이커', NULL, 'Người tạo không khí', 'bun-wigi meikeo', '그 친구는 항상 분위기 메이커 역할을 해요.', 'Người bạn đó luôn đóng vai trò là người tạo không khí.', 'b6475cbe-6fd3-4c1a-a0bc-827ce0528c88', '2026-01-05T17:07:58.369Z', '2026-01-05T17:07:58.369Z'),
  ('11a945a2-69bf-4ff3-a9d1-aafbaca837b6', '우정', '友情', 'Tình bạn', 'ujeong', '우리의 우정은 영원할 거야.', 'Tình bạn của chúng ta sẽ là mãi mãi.', '51aecf7e-4c8a-4c60-9423-dd5abc30772a', '2026-01-05T17:07:58.369Z', '2026-01-05T17:07:58.369Z'),
  ('5f078fca-c32d-4672-82f1-fbad822ae63b', '친한 친구 (절친)', '親한 親舊 (絶親)', 'Bạn thân', 'chinhan chingu (jeolchin)', '저는 고민이 있으면 절친에게 이야기해요.', 'Nếu có phiền muộn, tôi sẽ nói chuyện với bạn thân của mình.', '51aecf7e-4c8a-4c60-9423-dd5abc30772a', '2026-01-05T17:07:58.369Z', '2026-01-05T17:07:58.369Z'),
  ('cf371375-12b4-4e97-b98a-e1932a07d9be', '의리가 있다', '義理가 있다', 'Có nghĩa khí, trọng nghĩa', 'uiriga itda', '그 친구는 의리가 있어서 어려울 때 항상 도와줘요.', 'Người bạn đó rất có nghĩa khí nên luôn giúp đỡ khi tôi gặp khó khăn.', '51aecf7e-4c8a-4c60-9423-dd5abc30772a', '2026-01-05T17:07:58.369Z', '2026-01-05T17:07:58.369Z'),
  ('4d147aa5-bdbd-428b-95a2-919b2b72a47b', '연락하다', '連絡하다', 'Liên lạc', 'yeollakhada', '오랜만에 고등학교 친구에게 연락했어요.', 'Lâu lắm rồi tôi mới liên lạc với bạn cấp ba.', '51aecf7e-4c8a-4c60-9423-dd5abc30772a', '2026-01-05T17:07:58.369Z', '2026-01-05T17:07:58.369Z'),
  ('d1de4c99-0a36-4fab-a372-04eea880e51f', '추억', '追憶', 'Kỷ niệm', 'chu-eok', '우리는 함께 만든 좋은 추억이 많아요.', 'Chúng tôi có nhiều kỷ niệm đẹp đã tạo ra cùng nhau.', '51aecf7e-4c8a-4c60-9423-dd5abc30772a', '2026-01-05T17:07:58.369Z', '2026-01-05T17:07:58.369Z'),
  ('252d4cb6-659e-469e-b8e1-4339cf6daaf4', '어울리다', '', 'Chơi chung, giao du', 'eo-ullida', '우리는 어렸을 때부터 같이 어울려 다녔어요.', 'Chúng tôi đã chơi chung với nhau từ khi còn nhỏ.', '51aecf7e-4c8a-4c60-9423-dd5abc30772a', '2026-01-05T17:07:58.369Z', '2026-01-05T17:07:58.369Z'),
  ('d3b43fae-0dbd-475a-bc7b-fc16da5d7f3f', '믿다', '', 'Tin tưởng', 'mitda', '진정한 친구는 서로를 믿어야 해요.', 'Những người bạn thực sự phải tin tưởng lẫn nhau.', '51aecf7e-4c8a-4c60-9423-dd5abc30772a', '2026-01-05T17:07:58.369Z', '2026-01-05T17:07:58.369Z');

-- Quiz Questions
INSERT INTO "QuizQuestion" (id, question, "questionTranslation", options, "correctAnswer", explanation, "VocabularyId", "createdAt", "updatedAt") VALUES ('7e36c39f-7808-436b-a1cf-849f70ccc3db', '서로 호감이 있지만 아직 연인 관계는 아닌 미묘한 사이를 표현하는 말은?', 'Từ diễn tả mối quan hệ tế nhị khi hai người có cảm tình với nhau nhưng chưa phải là người yêu?', ARRAY['사귀다', '썸 타다', '헤어지다', '고백하다']::text[], '썸 타다', '썸 타다 là thuật ngữ giới trẻ Hàn Quốc dùng chỉ giai đoạn ''tìm hiểu'', ''thả thính'' - có tình cảm nhưng chưa chính thức hẹn hò, thường có hành động như 밥 약속 (hẹn ăn cơm), 문자 자주 주고받기 (nhắn tin thường xuyên).', '582dba12-a400-46ed-b312-577e2bc152d5', '2026-01-05T17:07:58.369Z', '2026-01-05T17:07:58.369Z'),
  ('850d4327-beb8-421b-8afa-c7d06507a720', '"Some" 문화에서 가장 중요한 특징은 무엇인가요?', 'Đặc điểm quan trọng nhất trong văn hóa "Some" là gì?', ARRAY['공식적인 관계', '확실한 거절', '모호한 관계', '빠른 결혼']::text[], '모호한 관계', '썸 타는 관계는 모호한 관계 (mối quan hệ mơ hồ), 정확한 정의 없이 서로 테스트하는 기간으로, 한국에서는 드라마와 예능 프로그램에서 자주 다루어지는 소재입니다.', '582dba12-a400-46ed-b312-577e2bc152d5', '2026-01-05T17:07:58.369Z', '2026-01-05T17:07:58.369Z'),
  ('85ea5668-4d64-481c-b7c0-2a18fab9227c', '친구나 지인을 통해 미래의 연인 후보를 만나보는 자리를 뭐라고 하나요?', 'Buổi gặp mặt ứng viên người yêu tương lai thông qua bạn bè hoặc người quen được gọi là gì?', ARRAY['맛집 탐방', '소개팅', '회식', '동창회']::text[], '소개팅', '소개팅은 ''buổi xem mắt'' (blind date), 한국의 대표적인 만남 문화, 주로 카페나 식당에서 이루어지며, 성사되면 "잘 되고 있어요"라는 말을 합니다.', '9283ed0e-406b-4cc3-a193-c160c09844ab', '2026-01-05T17:07:58.369Z', '2026-01-05T17:07:58.369Z'),
  ('e79bf7dd-0d5b-4bed-83de-5946bdbc51d2', '한국에서 20~30대 미혼남녀가 연인을 찾는 일반적인 방법 중 하나는?', 'Một trong những cách phổ biến để nam nữ độc thân 20-30 tuổi tìm người yêu tại Hàn Quốc là gì?', ARRAY['신문 광고', '소개팅', '길거리 접근', '인터넷 투표']::text[], '소개팅', '소개팅은 한국의 전통적인 만남 방식으로, 최근에는 소개팅 앱과 소개팅 전문 업체도 많이 생겼습니다. 성공률을 높이기 위해 외모 관리와 대화 기술이 중요합니다.', '9283ed0e-406b-4cc3-a193-c160c09844ab', '2026-01-05T17:07:58.369Z', '2026-01-05T17:07:58.369Z'),
  ('7a82c85a-2771-4c44-a1e1-92068e83e059', '좋아하는 마음을 상대방에게 직접 말로 표현하는 것을 뭐라고 하나요?', 'Việc trực tiếp bày tỏ tình cảm yêu thích với đối phương bằng lời nói được gọi là gì?', ARRAY['이별하다', '고백하다', '만나다', '대화하다']::text[], '고백하다', '고백하다 có nghĩa là ''tỏ tình'', 한국에서는 특별한 날 (날짜)이나 장소 (địa điểm)를 선택해 로맨틱하게 고백하는 문화가 있습니다. 성공하면 "사귀게 되었다"고 말합니다.', 'cbd0fcfd-7f66-4734-859b-196bcb28a744', '2026-01-05T17:07:58.369Z', '2026-01-05T17:07:58.369Z'),
  ('a2ba9eb3-e96b-45b5-be67-bd1ae0a37405', '"사랑해요" 라는 말을 처음으로 하는 중요한 순간을 뭐라고 하나요?', 'Khoảnh khắc quan trọng khi lần đầu nói câu "Tôi yêu bạn" được gọi là gì?', ARRAY['작별 인사', '사랑 고백', '일상 대화', '친구 인사']::text[], '사랑 고백', '사랑 고백 (tỏ tình)은 관계의 전환점, 한국 드라마와 영화에서 클라이막스 장면으로 자주 등장하며, 문화적으로 매우 중요한 의미를 가집니다.', 'cbd0fcfd-7f66-4734-859b-196bcb28a744', '2026-01-05T17:07:58.369Z', '2026-01-05T17:07:58.369Z'),
  ('aa861f12-dda2-4167-b129-e4f11c733ecd', '두 사람이 공식적으로 연인 관계가 되는 것을 뭐라고 하나요?', 'Việc hai người chính thức trở thành người yêu của nhau được gọi là gì?', ARRAY['헤어지다', '사귀다', '썸 타다', '고백하다']::text[], '사귀다', '사귀다 có nghĩa là ''hẹn hò'', ''quen nhau'', 고백을 수락한 후 공식적으로 시작되는 관계로, 한국에서는 기념일 (ngày kỷ niệm)을 챙기고 커플 아이템 (đồ cặp)을 사용하는 문화가 있습니다.', '88249951-a147-45ae-b41a-d7f8ffccdbac', '2026-01-05T17:07:58.369Z', '2026-01-05T17:07:58.369Z'),
  ('e547d8aa-ff69-40e3-8519-f2726d8f3c67', '100일, 200일, 1년 등을 기념하는 한국 연인들의 문화는 어떤 관계에서 이루어지나요?', 'Văn hóa kỷ niệm 100 ngày, 200 ngày, 1 năm của các cặp đôi Hàn Quốc diễn ra trong mối quan hệ nào?', ARRAY['썸 타는 관계', '사귀는 관계', '헤어진 관계', '소개팅 관계']::text[], '사귀는 관계', '사귀는 관계에서는 100일 (백일), 200일 (이백일), 1년 (일년) 같은 기념일을 중요하게 생각하며, 선물 (quà tặng)과 특별한 데이트로 기념합니다.', '88249951-a147-45ae-b41a-d7f8ffccdbac', '2026-01-05T17:07:58.369Z', '2026-01-05T17:07:58.369Z'),
  ('3f6c678e-48e8-4b23-9ca6-6a37a96ab58f', '연인 관계가 끝나고 각자의 길을 가는 것을 뭐라고 하나요?', 'Việc mối quan hệ tình cảm kết thúc và mỗi người đi theo con đường riêng được gọi là gì?', ARRAY['사귀다', '헤어지다', '만나다', '고백하다']::text[], '헤어지다', '헤어지다 có nghĩa là ''chia tay'', 한국에서는 이별 (ly biệt)을 다루는 노래, 드라마, 영화가 매우 인기가 많으며, 이별의 아픔을 "상실감"이라고 표현합니다.', '0e52c6d8-3a0c-4864-a2ca-1f8c44390bcf', '2026-01-05T17:07:58.369Z', '2026-01-05T17:07:58.369Z'),
  ('45a283e3-47ad-4d85-8ea5-98408f60bc96', '상대방으로부터 이별 통보를 받는 것을 속되게 표현하는 말은?', 'Từ thông tục diễn tả việc nhận thông báo chia tay từ đối phương là gì?', ARRAY['차이다', '헤어지다', '만나다', '사귀다']::text[], '차이다', '차이다 là cách nói thông tục của ''bị chia tay'', ''bị đá'', 한국에서는 "차였다"라는 표현이 일상적으로 많이 사용되며, 이별의 고통을 강조하는 말입니다.', '542281ac-d244-4f0a-bdd6-4ee4becb4e6e', '2026-01-05T17:07:58.369Z', '2026-01-05T17:07:58.369Z'),
  ('151b08b9-9400-43a8-bf9c-3406de7e6d37', '한국에서 상대방이 갑자기 연락을 끊는 이별 방식을 뭐라고 하나요?', 'Cách chia tay mà đối phương đột ngột cắt đứt liên lạc ở Hàn Quốc được gọi là gì?', ARRAY['통화 이별', '문자 이별', '연락 두절', '작별 인사']::text[], '연락 두절', '연락 두절 (mất liên lạc)은 한국에서 "차이는" 방식 중 하나로, 상대방이 갑자기 연락을 하지 않아 자연스럽게 관계가 끝나는 경우를 말합니다.', '542281ac-d244-4f0a-bdd6-4ee4becb4e6e', '2026-01-05T17:07:58.369Z', '2026-01-05T17:07:58.369Z'),
  ('2d600dad-6276-412f-ba58-1d640959a794', '꿈꾸는 이상적인 연인의 조건이나 모습을 뭐라고 하나요?', 'Điều kiện hoặc hình mẫu lý tưởng của người yêu trong mơ được gọi là gì?', ARRAY['현실형', '이상형', '평균형', '일반형']::text[], '이상형', '이상형 là ''hình mẫu lý tưởng'', 한국에서는 "내 이상형은요..."로 시작하는 대화가 매우 흔하며, 외모 (ngoại hình), 성격 (tính cách), 직업 (nghề nghiệp) 등의 조건을 포함합니다.', '26a1bed6-c689-42e8-8491-7b394df65069', '2026-01-05T17:07:58.369Z', '2026-01-05T17:07:58.369Z'),
  ('cfbbe482-9a5f-4f86-a4a3-a8358f57b2cc', '연예인 인터뷰에서 자주 묻는 "당신의 ______은 누구인가요?"', 'Câu hỏi thường gặp trong phỏng vấn ngôi sao: "______ của bạn là ai?"', ARRAY['최애', '이상형', '라이벌', '후원자']::text[], '이상형', '이상형 질문은 한국 예능 프로그램과 연예인 인터뷰의 단골 질문으로, 대중의 호기심을 자극하고 시청자와의 공감대를 형성하는 역할을 합니다.', '26a1bed6-c689-42e8-8491-7b394df65069', '2026-01-05T17:07:58.369Z', '2026-01-05T17:07:58.369Z'),
  ('0919e8fd-e370-4556-a8eb-183efb5c31e2', '사람들과 어울리기를 좋아하고 활발한 성격은?', 'Tính cách thích giao du và hoạt bát là gì?', ARRAY['내성적이다', '외향적이다', '소심하다', '고집이 세다']::text[], '외향적이다', '외향적이다 có nghĩa là ''hướng ngoại''. Người có tính cách này thường tràn đầy năng lượng, dễ hòa đồng, thích các hoạt động xã hội và có xu hướng nói suy nghĩ của mình ra ngoài.', 'ae4f9be7-35a9-4813-b417-afa9e75af88b', '2026-01-05T17:07:58.369Z', '2026-01-05T17:07:58.369Z'),
  ('db8694c2-4e37-4fad-b1db-07254b9b797f', '혼자 있는 시간을 즐기고 생각이 깊은 성격은?', 'Tính cách tận hưởng thời gian một mình và suy nghĩ sâu sắc là gì?', ARRAY['외향적이다', '내성적이다', '털털하다', '이기적이다']::text[], '내성적이다', '내성적이다 có nghĩa là ''hướng nội''. Người có tính cách này thường trầm tĩnh, thích không gian yên tĩnh, quan sát nhiều hơn nói, và nạp lại năng lượng khi ở một mình hoặc với một vài người thân thiết.', 'a79de41b-a9ff-4fb2-ae83-b11b54109143', '2026-01-05T17:07:58.369Z', '2026-01-05T17:07:58.369Z'),
  ('1b12449a-ec0f-472f-8665-ae4ba59ca251', '생기 있고 에너지가 넘치며 적극적인 성격을 뭐라고 하나요?', 'Tính cách sinh động, tràn đầy năng lượng và tích cực được gọi là gì?', ARRAY['내성적이다', '활발하다', '소심하다', '긍정적이다']::text[], '활발하다', '활발하다 có nghĩa là ''hoạt bát'', ''năng nổ'' hoặc ''sôi nổi''. Đây là tính từ mô tả người luôn tràn đầy sức sống, thích vận động và mang lại không khí vui vẻ, năng động cho những người xung quanh.', 'e56c45ba-f57c-48b4-a782-4ce6682653aa', '2026-01-05T17:07:58.369Z', '2026-01-05T17:07:58.369Z'),
  ('6eaa917e-eb2c-4858-aa37-25ff96b57bee', '좋은 면을 보고 낙관적으로 생각하는 태도를 뭐라고 하나요?', 'Thái độ nhìn vào mặt tốt và suy nghĩ lạc quan được gọi là gì?', ARRAY['부정적이다', '긍정적이다', '이기적이다', '솔직하다']::text[], '긍정적이다', '긍정적이다 có nghĩa là ''tích cực''. Người có suy nghĩ 긍정적 thường lạc quan, nhìn thấy cơ hội trong khó khăn, có niềm tin vào kết quả tốt đẹp, và điều này thường ảnh hưởng tốt đến sức khỏe tinh thần và mối quan hệ xung quanh.', '9d71b326-3516-46eb-badc-f1e23865b304', '2026-01-05T17:07:58.369Z', '2026-01-05T17:07:58.369Z'),
  ('d357cba6-19c9-4ab1-8d6d-d9e71c41036c', '나쁜 결과를 예상하고 비관적으로 생각하는 태도는?', 'Thái độ dự đoán kết quả xấu và suy nghĩ bi quan là gì?', ARRAY['긍정적이다', '부정적이다', '솔직하다', '털털하다']::text[], '부정적이다', '부정적이다 có nghĩa là ''tiêu cực''. Đây là từ trái nghĩa của 긍정적이다. Suy nghĩ 부정적 có thể dẫn đến lo lắng, stress và cản trở hành động. Tuy nhiên, đôi khi việc xem xét các mặt tiêu cực cũng cần thiết để có sự chuẩn bị kỹ lưỡng.', '8f6ae715-583a-4d85-b23e-988409473449', '2026-01-05T17:07:58.369Z', '2026-01-05T17:07:58.369Z'),
  ('4a68006b-8cd1-4428-b75e-333b8e79b4cc', '거짓말이나 숨김 없이 진실을 말하는 성격은?', 'Tính cách nói sự thật mà không nói dối hoặc che giấu là gì?', ARRAY['거짓말하다', '솔직하다', '소심하다', '고집이 세다']::text[], '솔직하다', '솔직하다 có nghĩa là ''thẳng thắn'', ''thật thà'' hoặc ''chân thành''. Người 솔직하다 thường nói ra suy nghĩ và cảm xúc thật của mình, không vòng vo. Đây là đức tính được đánh giá cao trong giao tiếp, dù đôi khi cần sự khéo léo để tránh làm tổn thương người khác.', '7a2805df-129f-4732-9012-f55ec89892a0', '2026-01-05T17:07:58.369Z', '2026-01-05T17:07:58.369Z'),
  ('95f395b9-915e-442b-b95b-798f579a375b', '참을성이 없고 빨리 서두르려는 성격을 뭐라고 하나요?', 'Tính cách thiếu kiên nhẫn và luôn muốn làm mọi việc nhanh chóng được gọi là gì?', ARRAY['꼼꼼하다', '느긋하다', '급하다', '책임감이 강하다']::text[], '급하다', '급하다 có nghĩa là ''nóng vội'', ''hấp tấp'' hoặc ''vội vàng''. Người có 성격이 급하다 thường muốn mọi việc phải được hoàn thành ngay lập tức, dễ nổi nóng khi phải chờ đợi, và có thể bỏ qua các chi tiết quan trọng vì làm quá nhanh.', '34fd6e16-e4e8-48cc-a1b1-4b338ef6d86c', '2026-01-05T17:07:58.369Z', '2026-01-05T17:07:58.369Z'),
  ('f3b54c7f-2581-48a9-88b4-9b3fc02d4737', '작은 부분까지 신경 쓰며 정확하게 일하는 태도는?', 'Thái độ làm việc chính xác và chú ý đến cả những chi tiết nhỏ là gì?', ARRAY['덤벙대다', '꼼꼼하다', '급하다', '털털하다']::text[], '꼼꼼하다', '꼼꼼하다 có nghĩa là ''tỉ mỉ'', ''kỹ lưỡng'' hoặc ''cẩn thận''. Đây là một đức tính rất được coi trọng trong công việc và học tập. Người 꼼꼼하다 thường ít mắc lỗi và tạo ra sản phẩm chất lượng cao.', 'ca0afd6b-f931-4e1b-8a6f-225ae443c47f', '2026-01-05T17:07:58.369Z', '2026-01-05T17:07:58.369Z'),
  ('b40b6690-bba1-4377-94a2-defd444c21a5', '사소한 일에 얽매이지 않고 너그러우며 편안한 성격은?', 'Tính cách không bận tâm đến những việc nhỏ nhặt, rộng lượng và thoải mái là gì?', ARRAY['이기적이다', '털털하다', '소심하다', '고집이 세다']::text[], '털털하다', '털털하다 có nghĩa là ''thoải mái'', ''xuề xòa'' hoặc ''phóng khoáng''. Người có tính cách này thường dễ tính, không câu nệ tiểu tiết, ít khi để bụng và dễ dàng hòa đồng với mọi người, tạo cảm giác dễ chịu khi ở bên.', '017940ce-6109-416d-a5a2-b473e7b7bcb9', '2026-01-05T17:07:58.369Z', '2026-01-05T17:07:58.369Z'),
  ('9fa32a1c-944b-46e4-be27-27993b172056', '자신의 이익만을 생각하고 타인을 배려하지 않는 태도는?', 'Thái độ chỉ nghĩ đến lợi ích của bản thân và không quan tâm đến người khác là gì?', ARRAY['이타적이다', '이기적이다', '솔직하다', '책임감이 강하다']::text[], '이기적이다', '이기적이다 có nghĩa là ''ích kỷ''. Từ này mô tả người luôn đặt nhu cầu và mong muốn cá nhân lên trên hết, thậm chí bất chấp việc làm tổn hại đến người khác. Đây là một tính cách thường bị đánh giá tiêu cực trong xã hội.', '3300c418-c6bb-49ee-9b98-2c396db7669b', '2026-01-05T17:07:58.369Z', '2026-01-05T17:07:58.369Z'),
  ('4de68cba-079e-4d68-b03d-f712ce3f6eda', '용기가 부족하고 새로운 상황이나 사람들 앞에서 쉽게 위축되는 성격은?', 'Tính cách thiếu can đảm và dễ bị co rút trước những tình huống mới hoặc đám đông là gì?', ARRAY['대담하다', '소심하다', '활발하다', '고집이 세다']::text[], '소심하다', '소심하다 có nghĩa là ''nhút nhát'', ''rụt rè'' hoặc ''e dè''. Người 소심하다 thường hay lo lắng về việc người khác đánh giá mình, ngại thể hiện bản thân và có xu hướng tránh những tình huống xã hội đông người hoặc áp lực.', '1d3ee6aa-b90c-475a-826d-06bb9c220564', '2026-01-05T17:07:58.369Z', '2026-01-05T17:07:58.369Z'),
  ('9b6d4a70-7ca0-443d-b241-4c5065aa4a48', '자신의 의견이나 주장을 굽히지 않고 고수하려는 성향이 강한 것은?', 'Xu hướng mạnh mẽ trong việc không chịu thay đổi ý kiến hoặc lập trường của mình là gì?', ARRAY['유연하다', '고집이 세다', '털털하다', '꼼꼼하다']::text[], '고집이 세다', '고집이 세다 có nghĩa là ''bướng bỉnh'', ''cố chấp'' hoặc ''ngoan cố''. Người có tính cách này rất khó thay đổi ý kiến, ngay cả khi có bằng chứng hoặc lý lẽ thuyết phục. Điều này đôi khi có thể là sự kiên định, nhưng thường gây khó khăn trong giao tiếp và hợp tác.', 'dd4e00aa-eb31-4a1a-bc90-9b257855f2a3', '2026-01-05T17:07:58.369Z', '2026-01-05T17:07:58.369Z'),
  ('5bc0e59a-99c0-4dc6-900b-376c42534b52', '맡은 일에 대해 최선을 다하고 끝까지 해내려는 의지가 강한 것은?', 'Việc có ý chí mạnh mẽ trong việc cố gắng hết sức và hoàn thành đến cùng công việc được giao là gì?', ARRAY['무책임하다', '책임감이 강하다', '소심하다', '이기적이다']::text[], '책임감이 강하다', '책임감이 강하다 có nghĩa là ''có tinh thần trách nhiệm cao''. Đây là một phẩm chất rất quan trọng, đặc biệt trong công việc và các mối quan hệ. Người như vậy đáng tin cậy, luôn cố gắng hoàn thành nhiệm vụ đúng hạn và với chất lượng tốt nhất.', '5618ae74-47aa-43af-8271-9ff44cc63cf4', '2026-01-05T17:07:58.369Z', '2026-01-05T17:07:58.369Z'),
  ('24784b1b-501d-4168-942a-ea1a059a77be', '상황을 재미있게 만들고 사람들을 웃게 할 줄 아는 능력이 있는 것은?', 'Việc có khả năng tạo ra sự hài hước trong các tình huống và khiến mọi người cười là gì?', ARRAY['진지하다', '유머 감각이 있다', '무뚝뚝하다', '냉정하다']::text[], '유머 감각이 있다', '유머 감각이 있다 có nghĩa là ''có khiếu hài hước'' hoặc ''có óc hài hước''. Đây không chỉ là một kỹ năng giao tiếp quý giá giúp phá vỡ không khí căng thẳng, tạo sự gần gũi, mà còn là một phẩm chất tính cách được nhiều người yêu thích và ngưỡng mộ.', 'fe5d40d7-21db-43e0-8446-50a8b05e849c', '2026-01-05T17:07:58.369Z', '2026-01-05T17:07:58.369Z'),
  ('3691213d-d46a-43e2-bd7e-f450c1a2e894', '어떤 행사나 장소에 다른 사람을 오라고 부르는 것을 뭐라고 하나요?', 'Việc gọi người khác đến tham dự một sự kiện hoặc đến một địa điểm gọi là gì?', ARRAY['거절하다', '초대하다', '참석하다', '약속하다']::text[], '초대하다', '초대하다 có nghĩa là ''mời'', ''mời mọc''. Đây là hành động chủ động rủ hoặc mời ai đó tham dự một sự kiện, bữa tiệc hoặc đến thăm.', '6ec3bae0-29e5-4f9f-bd86-a6293f633c45', '2026-01-05T17:07:58.369Z', '2026-01-05T17:07:58.369Z'),
  ('f02d3ec3-5ebb-4fc9-a92d-7420ede402eb', '새 집으로 이사한 후에 친구나 지인들을 초대하여 함께 하는 자리는?', 'Buổi tiệc sau khi chuyển đến nhà mới, mời bạn bè, người quen đến cùng chung vui là gì?', ARRAY['모임', '생일파티', '집들이', '회의']::text[], '집들이', '집들이 có nghĩa là ''tiệc tân gia'', là buổi tiệc được tổ chức tại nhà mới để mừng nhà mới và thường khách mời sẽ mang quà hoặc vật dụng gia đình để tặng.', '9fd247d4-114a-4939-9c24-1c8d60c1515e', '2026-01-05T17:07:58.369Z', '2026-01-05T17:07:58.369Z'),
  ('f1c385d8-ab6b-4727-a634-47d296c60929', '여러 사람이 특정 목적을 가지고 한자리에 모이는 것을 뭐라고 하나요?', 'Việc nhiều người tụ tập một chỗ với một mục đích cụ thể được gọi là gì?', ARRAY['산책', '여행', '모임', '휴식']::text[], '모임', '모임 có nghĩa là ''buổi tụ tập'', ''buổi họp mặt'' hoặc ''cuộc hội họp''. Đây là sự kiện mà một nhóm người cùng nhau gặp gỡ, có thể là để họp lớp, họp nhóm bạn, hoặc thảo luận công việc.', '1fd5eefd-59e9-479c-bd91-b46f0b23617b', '2026-01-05T17:07:58.369Z', '2026-01-05T17:07:58.369Z'),
  ('035bd60e-cc81-4d8e-8ec4-fc994e59a755', '만날 시간과 장소를 정하는 것을 뭐라고 하나요?', 'Việc quyết định thời gian và địa điểm gặp mặt được gọi là gì?', ARRAY['약속을 깨다', '약속을 잡다', '약속을 잊다', '약속을 연기하다']::text[], '약속을 잡다', '약속을 잡다 có nghĩa là ''hẹn lịch'', ''sắp xếp cuộc hẹn''. Đây là hành động thống nhất với người khác về thời gian và địa điểm cho một cuộc gặp mặt sắp tới.', '7bfeb246-60c6-48d8-9017-25013aedcdfa', '2026-01-05T17:07:58.369Z', '2026-01-05T17:07:58.369Z'),
  ('8bcffafd-64b4-4aeb-a84a-b7e168444330', '회의나 행사 등에 참여하여 함께 하는 것을 뭐라고 하나요?', 'Việc tham gia và có mặt cùng mọi người trong một cuộc họp hay sự kiện gọi là gì?', ARRAY['개최하다', '참석하다', '기획하다', '주최하다']::text[], '참석하다', '참석하다 có nghĩa là ''tham dự'', ''có mặt tại''. Đây là hành động có mặt và tham gia vào một sự kiện đã được sắp xếp trước.', '9c56d0fa-ae99-45d8-a4ea-9d1c10eda68c', '2026-01-05T17:07:58.369Z', '2026-01-05T17:07:58.369Z'),
  ('85ef13c0-b09a-4ad0-a3dc-6a021e833f5b', '미리 약속한 모임이나 행사에 참여하지 못하는 것을 뭐라고 하나요?', 'Việc không thể tham dự vào một buổi tụ tập hoặc sự kiện đã hẹn trước gọi là gì?', ARRAY['지각하다', '참석하다', '불참하다', '주최하다']::text[], '불참하다', '불참하다 có nghĩa là ''vắng mặt'', ''không tham dự''. 불참 là từ ghép của ''không'' (불, 不) và ''tham dự'' (참, 參).', 'ec0196a4-1aa3-46ed-b551-77f87418a4f3', '2026-01-05T17:07:58.369Z', '2026-01-05T17:07:58.369Z'),
  ('ba90fdfd-add1-4097-9aea-4f73ac56404b', '정해진 주기로 하는 정기 모임(정모)과 계획 없이 즉흥적으로 소집하는 모임(번개)을 각각 뭐라고 하나요?', 'Cuộc họp mặt định kỳ theo chu kỳ cố định (정모) và cuộc họp mặt được triệu tập một cách bất ngờ, ngẫu hứng (번개) lần lượt gọi là gì?', ARRAY['야유회 / 소풍', '정모 / 번개', '회의 / 세미나', '파티 / 미팅']::text[], '정모 / 번개', '정모 là viết tắt của 정기 모임 (họp mặt định kỳ). 번개 (tia chớp) là tiếng lóng chỉ cuộc họp mặt được sắp xếp rất nhanh, đột xuất, thường thông qua nhắn tin tức thời.', '04de15ad-228d-439c-b077-93e6619c9a5e', '2026-01-05T17:07:58.369Z', '2026-01-05T17:07:58.369Z'),
  ('ac0e1cd5-7830-44b2-825c-e9b50a03fd5d', '두 사람이 부부가 되는 것을 축하하는 의식과 파티를 뭐라고 하나요?', 'Nghi lễ và tiệc mừng hai người trở thành vợ chồng được gọi là gì?', ARRAY['생일파티', '결혼식', '장례식', '돌잔치']::text[], '결혼식', '결혼식 là ''lễ cưới'', 한국 전통 결혼식에는 폐백, 한복 입기, 폐백 음식 등이 포함되며, 현대에는 웨딩홀에서 서양식 결혼식도 일반적입니다.', 'c317d9aa-8a36-473b-97e6-ed940f418bb5', '2026-01-05T17:07:58.369Z', '2026-01-05T17:07:58.369Z'),
  ('fa9aed36-7c38-4292-b7ce-19f88df9453a', '한국에서 보통 결혼식은 어디서 하나요?', 'Ở Hàn Quốc, đám cưới thường tổ chức ở đâu?', ARRAY['학교', '웨딩홀', '사무실', '공원']::text[], '웨딩홀', '웨딩홀 (wedding hall)은 한국에서 가장 일반적인 결혼식 장소로, 예식장, 피로연장, 신부 대기실 등이 한 건물에 모여 있습니다.', 'c317d9aa-8a36-473b-97e6-ed940f418bb5', '2026-01-05T17:07:58.369Z', '2026-01-05T17:07:58.369Z'),
  ('fb14669d-a46c-4f58-87ba-90b8807b9f51', '결혼식에 참석해 달라고 초대하는 공식 초대장을 뭐라고 하나요?', 'Thư mời chính thức mời tham dự lễ cưới được gọi là gì?', ARRAY['명함', '청첩장', '편지', '초대장']::text[], '청첩장', '청첩장 là ''thiệp cưới'', 한국의 청첩장에는 결혼식 날짜, 시간, 장소, 신랑신부 이름, 부모님 이름이 상세히 적혀 있으며, 최근에는 모바일 청첩장도 인기입니다.', 'e3b50e5f-212e-447b-86ec-cec3dae52513', '2026-01-05T17:07:58.369Z', '2026-01-05T17:07:58.369Z'),
  ('e9567567-5225-4dcd-ba58-c616f1ed39fb', '결혼식에 가기 전에 가장 먼저 확인해야 하는 것은?', 'Thứ cần kiểm tra đầu tiên trước khi đi dự đám cưới là gì?', ARRAY['예복', '청첩장', '선물', '교통편']::text[], '청첩장', '청첩장을 통해 정확한 날짜, 시간, 장소, 드레스 코드, 축의금 액수 등을 확인할 수 있어 매우 중요합니다.', 'e3b50e5f-212e-447b-86ec-cec3dae52513', '2026-01-05T17:07:58.369Z', '2026-01-05T17:07:58.369Z'),
  ('85423394-13c8-45e8-b427-0176e88074cf', '결혼식을 축하하는 의미로 신랑신부에게 주는 현금을 뭐라고 하나요?', 'Tiền mặt tặng cô dâu chú rể với ý nghĩa chúc mừng đám cưới được gọi là gì?', ARRAY['월급', '축의금', '보너스', '용돈']::text[], '축의금', '축의금 là ''tiền mừng cưới'', 한국에서는 흰 봉투에 넣어 전달하며, 관계에 따라 5만원~50만원 정도로, 신랑신부의 결혼 생활을 돕는 의미가 있습니다.', 'b1f1db3e-3708-4875-b2f7-937dcb05be18', '2026-01-05T17:07:58.369Z', '2026-01-05T17:07:58.369Z'),
  ('eea94065-e03d-4e52-aa33-a2f6eaa26d06', '한국 결혼식에서 가장 중요한 예물 중 하나는?', 'Một trong những món quà quan trọng nhất trong đám cưới Hàn Quốc là gì?', ARRAY['꽃다발', '축의금', '시계', '가전제품']::text[], '축의금', '축의금은 한국 결혼 문화의 필수 요소로, 현금이 가장 실용적이라고 여겨지며, 결혼식 비용을 보태는 역할을 합니다.', 'b1f1db3e-3708-4875-b2f7-937dcb05be18', '2026-01-05T17:07:58.369Z', '2026-01-05T17:07:58.369Z'),
  ('06148bf1-c375-4bd8-b651-ebbc35ec0c29', '고인을 추모하고 마지막으로 작별하는 의식을 뭐라고 하나요?', 'Nghi lễ tưởng nhớ người đã khuất và nói lời tạm biệt cuối cùng được gọi là gì?', ARRAY['생일파티', '장례식', '결혼식', '개업식']::text[], '장례식', '장례식 là ''tang lễ'', 한국의 장례식은 보통 3일장으로 진행되며, 조문객들은 검정색 정장을 입고 조의를 표합니다. 최근에는 장례식장에서 진행되는 경우가 많습니다.', 'df6ebb60-1891-4e85-837f-3215200fc299', '2026-01-05T17:07:58.369Z', '2026-01-05T17:07:58.369Z'),
  ('18efd158-4214-43d7-a0eb-4fb744715eb1', '장례식에서 고인의 가족에게 위로의 뜻으로 전하는 현금을 뭐라고 하나요?', 'Tiền mặt trao cho gia đình người đã khuất tại tang lễ với ý nghĩa chia buồn được gọi là gì?', ARRAY['축의금', '조의금', '보상금', '위자료']::text[], '조의금', '조의금 là ''tiền phúng điếu'', 흰 봉투에 넣어 전달하며, 장례 비용을 도와주는 의미가 있습니다. 한국에서는 상복을 입은 가족이 직접 받지 않고, 조문객이 명단에 기입하고 봉투를 넣는 곳에 둡니다.', '258a0d5b-2e00-47e0-9d41-b6648483f028', '2026-01-05T17:07:58.369Z', '2026-01-05T17:07:58.369Z'),
  ('2cecf34d-766c-4a32-aa3f-7aa98c4743ac', '장례식장에서 조문객이 하는 가장 중요한 예절 중 하나는?', 'Một trong những phép tắc quan trọng nhất mà người viếng tang thực hiện tại nhà tang lễ là gì?', ARRAY['웃으며 인사', '조의금 전달', '큰 소리로 말하기', '밝은 옷 입기']::text[], '조의금 전달', '조의금은 한국 장례 문화에서 중요한 부분으로, 조문의 의미를 담고 있으며, 적절한 금액과 함께 삼가 조의를 표하는 것이 예의입니다.', '258a0d5b-2e00-47e0-9d41-b6648483f028', '2026-01-05T17:07:58.369Z', '2026-01-05T17:07:58.369Z'),
  ('a4d7b733-5366-496f-b91c-25630eb0fdbe', '아기가 태어난 지 1년이 되는 날을 축하하는 잔치를 뭐라고 하나요?', 'Bữa tiệc chúc mừng ngày tròn 1 tuổi của em bé được gọi là gì?', ARRAY['생일파티', '돌잔치', '백일잔치', '크리스마스파티']::text[], '돌잔치', '돌잔치 là ''tiệc thôi nôi'', 한국의 중요한 전통 문화로, 돌잡이 (doljabi)라는 의식에서 아기가 여러 물건 중 하나를 잡아 미래를 점칩니다. 돌잔치용 한복을 입히는 것도 일반적입니다.', '378ee384-53c0-4f09-b0d4-c2026924b9a3', '2026-01-05T17:07:58.369Z', '2026-01-05T17:07:58.369Z'),
  ('def546a2-509a-4387-a8a6-fbed6729a97e', '한국에서 아이의 첫 생일을 무엇이라고 하나요?', 'Ở Hàn Quốc, sinh nhật đầu tiên của trẻ được gọi là gì?', ARRAY['백일', '돌', '환갑', '고희']::text[], '돌', '돌은 아이의 첫 번째 생일로, 과거 높은 영아 사망률을 극복한 기쁨과 건강한 성장을 기원하는 의미가 담긴 중요한 행사입니다.', '378ee384-53c0-4f09-b0d4-c2026924b9a3', '2026-01-05T17:07:58.369Z', '2026-01-05T17:07:58.369Z'),
  ('9f2f91d7-e38b-4b19-b102-2e381b210b1a', '60세가 되는 생일을 축하하는 잔치를 뭐라고 하나요?', 'Bữa tiệc chúc mừng sinh nhật tròn 60 tuổi được gọi là gì?', ARRAY['돌잔치', '환갑잔치', '백일잔치', '생일파티']::text[], '환갑잔치', '환갑잔치 là ''lễ mừng thọ 60 tuổi'', 한국 전통에서 갑자 (60간지)가 한 바퀴 돌아 다시 처음으로 돌아온다는 의미로, 건강과 장수를 기원하는 큰 잔치를 합니다.', '0aea314e-19ef-4c7a-bdcc-8d4c0268a3c6', '2026-01-05T17:07:58.369Z', '2026-01-05T17:07:58.369Z'),
  ('c91decbd-2a6f-491a-94bf-5c4fc6c55876', '한국의 60세 생일 축하 행사는 어떤 의미를 가지고 있나요?', 'Lễ chúc mừng sinh nhật 60 tuổi của Hàn Quốc mang ý nghĩa gì?', ARRAY['은퇴 선언', '인생의 새로운 시작', '아들 결혼', '집 구입']::text[], '인생의 새로운 시작', '환갑은 육십갑자가 완성되어 새로운 시작을 의미하며, 자식들이 부모님을 위한 큰 잔치를 베풀고, 보통 빨간색 한복을 입고 축하를 받습니다.', '0aea314e-19ef-4c7a-bdcc-8d4c0268a3c6', '2026-01-05T17:07:58.369Z', '2026-01-05T17:07:58.369Z'),
  ('b71dedf2-c0ae-4fd7-80c1-37e00e495b35', '다른 사람의 장점이나 좋은 점을 인정하며 말로 표현하는 행위는?', 'Hành động công nhận và dùng lời nói để thể hiện ưu điểm hoặc mặt tốt của người khác là gì?', ARRAY['비판하다', '지적하다', '무시하다', '칭찬하다']::text[], '칭찬하다', '칭찬하다 có nghĩa là ''khen ngợi''. Đây là một hành động giao tiếp quan trọng nhằm củng cố hành vi tích cực, xây dựng lòng tự trọng và tăng cường mối quan hệ. Lời khen cần chân thành (진심 어린) và cụ thể thì mới hiệu quả.', '08436805-17e5-48dd-be97-35e67f47de5f', '2026-01-05T17:07:58.369Z', '2026-01-05T17:07:58.369Z'),
  ('78e53ee6-8f5d-4fea-93f5-fe4715984a2f', '다른 사람의 의견이나 행동을 분석하고 그 잘못된 점을 지적하는 것은?', 'Việc phân tích ý kiến hoặc hành động của người khác và chỉ ra những điểm sai sót là gì?', ARRAY['동의하다', '비판하다', '지지하다', '묵인하다']::text[], '비판하다', '비판하다 có nghĩa là ''phê bình''. Hành động này có thể mang tính tiêu cực nếu chỉ trích một cách thiếu căn cứ hoặc có ác ý, nhưng cũng có thể là tích cực nếu xuất phát từ thiện chí và hướng tới mục đích cải thiện (건설적인 비판).', '938340a3-9fd1-41fd-adc9-91b1f1254f6c', '2026-01-05T17:07:58.369Z', '2026-01-05T17:07:58.369Z'),
  ('07209835-d83d-4f33-abc5-17a39f194280', '어려움을 겪는 사람에게 힘이 나도록 용기와 희망을 북돋워 주는 것은?', 'Việc khơi dậy lòng can đảm và hy vọng để người đang gặp khó khăn có thêm sức mạnh là gì?', ARRAY['좌절시키다', '비난하다', '격려하다', '방치하다']::text[], '격려하다', '격려하다 có nghĩa là ''động viên'', ''khích lệ''. Đây là hành động hỗ trợ tinh thần rất quan trọng, thường được dùng khi ai đó thất bại, mệt mỏi hoặc đối mặt với thử thách, giúp họ lấy lại tinh thần và tiếp tục cố gắng.', 'e90e5488-cfc3-4fec-9fd0-351e48c815e5', '2026-01-05T17:07:58.369Z', '2026-01-05T17:07:58.369Z'),
  ('f9c21e30-1f3e-46f1-add9-2f5a8b8dfc39', '자신의 경험과 지식을 바탕으로 다른 사람에게 도움이 될 만한 의견을 제시하는 것은?', 'Việc đưa ra những ý kiến hữu ích cho người khác dựa trên kinh nghiệm và kiến thức của bản thân là gì?', ARRAY['명령하다', '조언하다', '강요하다', '거부하다']::text[], '조언하다', '조언하다 có nghĩa là ''khuyên bảo'' hoặc ''cho lời khuyên''. Lời khuyên thường đến từ người có nhiều kinh nghiệm hơn (선배, 부모님, 멘토) và mang tính chất gợi ý, tham khảo hơn là mệnh lệnh.', 'fd1a252b-1a94-4dc7-bc9a-9cbe9afc02f2', '2026-01-05T17:07:58.369Z', '2026-01-05T17:07:58.369Z'),
  ('ff9263dd-d66e-41e4-add9-d097ca0867b9', '잘못된 점이나 문제점을 구체적으로 가리키는 행위는?', 'Hành động chỉ cụ thể vào những điểm sai hoặc vấn đề là gì?', ARRAY['무시하다', '지적하다', '칭찬하다', '암시하다']::text[], '지적하다', '지적하다 có nghĩa là ''chỉ ra'', ''chỉ trích'' hoặc ''phê bình''. Động từ này trung tính hơn ''비판하다'', thường mang nghĩa chỉ ra lỗi hoặc điểm cần sửa một cách cụ thể và trực tiếp. Trong bối cảnh công việc, đây là việc làm cần thiết để cải tiến chất lượng.', '419dbdad-1b09-4902-a05c-06622ce7e94f', '2026-01-05T17:07:58.369Z', '2026-01-05T17:07:58.369Z'),
  ('d89a5bed-a837-4cc7-80ab-a4048ce7f229', '잘한 점을 강조하고 장점을 인정하는 반응이나 의견은?', 'Phản ứng hoặc ý kiến nhấn mạnh vào những điểm làm tốt và công nhận ưu điểm là gì?', ARRAY['부정적인 피드백', '중립적인 피드백', '긍정적인 피드백', '무관심한 피드백']::text[], '긍정적인 피드백', '긍정적인 피드백 có nghĩa là ''phản hồi tích cực'' (Positive feedback). Loại phản hồi này tập trung vào việc củng cố những hành vi hoặc kết quả mong muốn, tạo động lực và khuyến khích người nhận tiếp tục phát huy. Nó thường được đưa ra cùng với lời khen cụ thể (칭찬).', '47c710d7-44ee-412e-8321-c09bf34f6f5c', '2026-01-05T17:07:58.369Z', '2026-01-05T17:07:58.369Z'),
  ('dcab7675-7892-49b8-ad92-6247e0192d53', '문제를 해결하거나 상황을 개선하기 위한 목적으로 제안과 함께 이루어지는 비판은?', 'Lời phê bình được đưa ra với mục đích giải quyết vấn đề hoặc cải thiện tình hình, đi kèm theo đề xuất, là gì?', ARRAY['파괴적인 비판', '건설적인 비판', '개인적인 비판', '모호한 비판']::text[], '건설적인 비판', '건설적인 비판 có nghĩa là ''phê bình mang tính xây dựng'' (Constructive criticism). Đây là dạng phản hồi tập trung vào vấn đề chứ không tấn công cá nhân, mô tả rõ ràng điều cần cải thiện và thường đề xuất các giải pháp khả thi. Mục đích cuối cùng là giúp người nhận tiến bộ và phát triển.', 'b290e6f0-656c-4aec-9ad4-09aa14e6243b', '2026-01-05T17:07:58.369Z', '2026-01-05T17:07:58.369Z'),
  ('d83204fe-519f-448d-b928-14ba8f2978bd', '다른 사람의 제안이나 부탁을 받아들이지 않고 싫다고 말하는 것을 뭐라고 하나요?', 'Việc không chấp nhận đề nghị hoặc yêu cầu của người khác và nói không được gọi là gì?', ARRAY['수락하다', '거절하다', '제안하다', '동의하다']::text[], '거절하다', '거절하다 có nghĩa là ''từ chối''. Đây là hành động không chấp nhận yêu cầu, đề nghị hay lời mời của người khác.', '55eb164c-cad4-4bfc-a311-e7f659bc7877', '2026-01-05T17:07:58.369Z', '2026-01-05T17:07:58.369Z'),
  ('c875b0e6-51f7-4cc4-941e-1536a48d9ae6', '자신의 잘못을 인정하고 미안함을 표현하는 행동은 무엇인가요?', 'Hành động thừa nhận lỗi lầm của bản thân và bày tỏ sự hối lỗi là gì?', ARRAY['자랑하다', '감사하다', '사과하다', '변명하다']::text[], '사과하다', '사과하다 có nghĩa là ''xin lỗi''. Đây là hành động thể hiện sự hối tiếc và nhận trách nhiệm về việc làm sai hoặc gây tổn thương cho người khác.', 'f40c3de1-6569-404c-9871-94a9e46779aa', '2026-01-05T17:07:58.369Z', '2026-01-05T17:07:58.369Z'),
  ('e6b03b9a-332f-4039-b5bc-2bb79d662d1b', '다른 사람의 잘못이나 실수를 더 이상 괘념치 않고 넘어가는 것을 뭐라고 하나요?', 'Việc không bận tâm và bỏ qua lỗi lầm hay sai sót của người khác gọi là gì?', ARRAY['비판하다', '용서하다', '기억하다', '반복하다']::text[], '용서하다', '용서하다 có nghĩa là ''tha thứ''. Đây là hành động chấp nhận lời xin lỗi và không còn giận hay trách móc người đã làm sai.', '193b9b42-82a9-411f-9a1b-5de31287cda0', '2026-01-05T17:07:58.369Z', '2026-01-05T17:07:58.369Z'),
  ('8cac0907-a725-47a2-9069-82349d4702e3', '자신의 잘못이나 실수에 대해 이유를 대며 설명하는 것을, 특히 책임을 피하기 위해 하는 것을 뭐라고 하나요?', 'Việc đưa ra lý do để giải thích cho lỗi lầm hoặc sai sót của mình, đặc biệt để tránh né trách nhiệm, gọi là gì?', ARRAY['고백하다', '변명하다', '보고하다', '인정하다']::text[], '변명하다', '변명하다 có nghĩa là ''biện minh'', ''bao biện''. Hành động này thường mang nghĩa tiêu cực khi người nói cố gắng đổ lỗi hoặc giảm nhẹ trách nhiệm cá nhân.', 'e71f0ae7-d2cb-4ff9-8d10-317350fbf8bf', '2026-01-05T17:07:58.369Z', '2026-01-05T17:07:58.369Z'),
  ('b96c3262-0bff-44b9-8f97-584b7b6b6bf3', '예의를 갖추고 공손한 태도로 행동하는 모습을 나타내는 부사는 무엇인가요?', 'Trạng từ chỉ cách hành xử có phép tắc và thái độ tôn trọng, lễ phép là gì?', ARRAY['무례하게', '정중하게', '급하게', '대충대충']::text[], '정중하게', '정중하게 có nghĩa là ''một cách lịch sự'', ''một cách trang trọng''. Từ này miêu tả thái độ tôn trọng, cẩn trọng trong giao tiếp, đặc biệt quan trọng khi từ chối hoặc đưa ra ý kiến nhạy cảm.', '94024db8-b890-4dc4-b18a-a60e0bdccdc3', '2026-01-05T17:07:58.369Z', '2026-01-05T17:07:58.369Z'),
  ('f11eaad7-9af5-41a5-87b2-58171ad2991b', '다른 사람의 말이나 행동을 잘못 이해하여 생기는 갈등의 원인은 무엇이라고 하나요?', 'Nguyên nhân gây ra mâu thuẫn do hiểu sai lời nói hoặc hành động của người khác gọi là gì?', ARRAY['확신', '오해', '진실', '약속']::text[], '오해', '오해 có nghĩa là ''sự hiểu lầm''. Đây là tình huống khi một người hiểu sai ý định, lời nói hoặc hành động của người khác, thường dẫn đến xung đột không đáng có.', 'eaca0f0d-27ca-431f-a176-081549e851e4', '2026-01-05T17:07:58.369Z', '2026-01-05T17:07:58.369Z'),
  ('a494d3de-1a73-4a87-acd7-9a2678073730', '서로의 의견, 이해관계가 맞지 않아서 생기는 상태를 뭐라고 하나요?', 'Trạng thái phát sinh do ý kiến hay lợi ích của các bên không phù hợp với nhau gọi là gì?', ARRAY['협력', '화합', '갈등', '친목']::text[], '갈등', '''갈등'' có nghĩa là ''mâu thuẫn'', ''xung đột'', thường chỉ sự đối lập, va chạm giữa các cá nhân hay nhóm.', '4eb29d5d-65bb-4fd6-ab4a-be020e2f664b', '2026-01-05T17:07:58.369Z', '2026-01-05T17:07:58.369Z'),
  ('9b2df42b-024e-4247-be4b-5857a771b5f9', '말로 서로 의견을 맞대며 격렬하게 언쟁하는 것(다투다)과 몸싸움을 벌이는 것(싸우다)을 각각 뭐라고 하나요?', 'Việc tranh luận gay gắt bằng lời nói (다투다) và việc xô xát, đánh nhau bằng tay chân (싸우다) lần lượt gọi là gì?', ARRAY['토론하다 / 경쟁하다', '다투다 / 싸우다', '협상하다 / 대립하다', '화해하다 / 반발하다']::text[], '다투다 / 싸우다', '''다투다'' thường chỉ tranh cãi, cãi vã bằng lời nói. ''싸우다'' nghĩa rộng hơn, có thể là cãi nhau hoặc đánh nhau thể xác.', '6e06ba31-5f3b-40e4-b933-78e7a5e544f6', '2026-01-05T17:07:58.369Z', '2026-01-05T17:07:58.369Z'),
  ('65a6c3b4-c37d-46f3-812f-a28fe606fd0c', '다툰 후에 서로 잘못을 용서하고 좋은 관계로 돌아가는 것을 뭐라고 하나요?', 'Sau khi cãi nhau, việc tha thứ lỗi lầm cho nhau và trở lại mối quan hệ tốt đẹp gọi là gì?', ARRAY['갈등하다', '단절하다', '화해하다', '회피하다']::text[], '화해하다', '''화해하다'' có nghĩa là ''làm hòa'', ''giảng hòa''. Đây là hành động chấm dứt xung đột và khôi phục mối quan hệ thân thiện.', '35567312-4372-463b-9179-45739a7f65dc', '2026-01-05T17:07:58.369Z', '2026-01-05T17:07:58.369Z'),
  ('47dca863-8961-4d67-9129-b8f9d8b5e22b', '어려운 문제나 갈등을 처리하여 끝내는 것을 뭐라고 하나요?', 'Việc xử lý và chấm dứt một vấn đề khó khăn hay mâu thuẫn gọi là gì?', ARRAY['발생하다', '악화하다', '해결하다', '유지하다']::text[], '해결하다', '''해결하다'' có nghĩa là ''giải quyết'', ''xử lý ổn thỏa''. Đây là hành động tìm ra phương án để chấm dứt vấn đề hoặc xung đột.', '430edcac-4dd1-4536-a74c-f4768b4459cb', '2026-01-05T17:07:58.369Z', '2026-01-05T17:07:58.369Z'),
  ('67835da4-e740-4c82-b86e-c6e2f4b65a7b', '자기의 주장이나 이익을 조금 포기하고 상대방에게 맞추는 것을 뭐라고 하나요?', 'Việc từ bỏ một phần chủ kiến hay lợi ích của bản thân để chiều theo đối phương gọi là gì?', ARRAY['주장하다', '강요하다', '양보하다', '무시하다']::text[], '양보하다', '''양보하다'' có nghĩa là ''nhượng bộ'', ''chịu thiệt''. Đây là hành động quan trọng trong thương lượng và giải quyết xung đột.', '80ca46d0-189d-4ec2-a7ff-fdef26b1317b', '2026-01-05T17:07:58.369Z', '2026-01-05T17:07:58.369Z'),
  ('7ad87e3e-f8a0-4f56-9c52-61d58fc14513', '말로 서로 옥신각신하며 싸우는 것을 뭐라고 하나요?', 'Việc cãi nhau, giành giật hơn thua bằng lời nói được gọi là gì?', ARRAY['대화', '토론', '말다툼', '협상']::text[], '말다툼', '''말다툼'' là danh từ, chỉ việc ''cãi vã'', ''tranh cãi'' bằng lời nói, thường mang tính chất gay gắt, tiêu cực.', 'f129511a-3780-4c95-89fb-589291e71ada', '2026-01-05T17:07:58.369Z', '2026-01-05T17:07:58.369Z'),
  ('f6e640ab-8ae8-44a5-acf7-54952b49d7a0', '말을 아주 많이 하고 좋아하는 사람을 뭐라고 하나요?', 'Người thích nói và nói rất nhiều được gọi là gì?', ARRAY['말없는 사람', '수다쟁이', '과묵한 사람', '침묵주의자']::text[], '수다쟁이', '수다쟁이 là ''người nói nhiều'', 한국에서는 수다를 떠는 것을 친밀감의 표현으로 여기기도 하지만, 과도하면 예의에 어긋난다고 볼 수 있습니다.', '46401ac2-40b4-4780-8194-5a5f506fbff7', '2026-01-05T17:07:58.369Z', '2026-01-05T17:07:58.369Z'),
  ('ab501004-2dd8-4f60-ba75-0b2681164686', '한국에서 ''찻잔 속의 태풍''이라는 속담이 가리키는 사람은?', 'Người mà câu tục ngữ Hàn Quốc ''cơn bão trong tách trà'' chỉ đến là ai?', ARRAY['조용한 사람', '수다쟁이', '현명한 사람', '침착한 사람']::text[], '수다쟁이', '수다쟁이는 작은 일을 크게 떠들어대는 경향이 있어 ''찻잔 속의 태풍''이라는 표현이 적절합니다. 한국 사회에서는 적절한 대화량이 중요하게 여겨집니다.', '46401ac2-40b4-4780-8194-5a5f506fbff7', '2026-01-05T17:07:58.369Z', '2026-01-05T17:07:58.369Z'),
  ('e1d06550-02ce-4f0a-b715-774564c363d0', '모든 일을 완벽하게 하려고 노력하고 작은 실수도 용납하지 않는 사람은?', 'Người cố gắng làm mọi việc một cách hoàn hảo và không chấp nhận sai sót nhỏ là gì?', ARRAY['대충주의자', '완벽주의자', '낙천주의자', '현실주의자']::text[], '완벽주의자', '완벽주의자는 ''người cầu toàn'', 한국 직장 문화에서 높은 평가를 받지만, 스트레스와 업무 효율성 저하를 초래할 수 있어 균형이 필요합니다.', 'a968bc2c-9949-4636-9637-1e9805c67096', '2026-01-05T17:07:58.369Z', '2026-01-05T17:07:58.369Z'),
  ('4c385882-ea08-48c5-9249-6df396767cda', '한국에서 ''똥손''과 반대되는 성격의 사람을 나타내는 말은?', 'Từ chỉ người có tính cách trái ngược với ''bàn tay phân'' ở Hàn Quốc là gì?', ARRAY['완벽주의자', '낙천주의자', '현실주의자', '비관주의자']::text[], '완벽주의자', '완벽주의자는 ''금손'' (bàn tay vàng)과 유사한 의미로, 모든 일을 정확하고 완벽하게 해내는 사람을 의미합니다.', 'a968bc2c-9949-4636-9637-1e9805c67096', '2026-01-05T17:07:58.369Z', '2026-01-05T17:07:58.369Z'),
  ('13e734be-00fc-4bd3-9237-54985737a04c', '항상 긍정적으로 생각하고 미래를 밝게 보는 사람을 뭐라고 하나요?', 'Người luôn suy nghĩ tích cực và nhìn tương lai một cách tươi sáng được gọi là gì?', ARRAY['비관주의자', '낙천주의자', '회의주의자', '냉소주의자']::text[], '낙천주의자', '낙천주의자는 ''người lạc quan'', 한국 사회에서 긍정적인 마인드는 성공과 행복의 중요한 요소로 여겨집니다. ''낙천적인 성격''은 대인 관계에서도 장점입니다.', 'c36376d3-0ca1-42c9-94f8-1f782abd5732', '2026-01-05T17:07:58.369Z', '2026-01-05T17:07:58.369Z'),
  ('2cb0a5e0-1623-4f19-9ff7-935d3954a874', '한국 속담 ''구름 갈고 닦아 밥 먹겠다''는 어떤 사람을 묘사하나요?', 'Tục ngữ Hàn Quốc ''mài mây để ăn cơm'' miêu tả người như thế nào?', ARRAY['비관주의자', '낙천주의자', '현실주의자', '완벽주의자']::text[], '낙천주의자', '낙천주의자는 현실적이지 않은 긍정적 사고를 가진 사람을 의미하기도 합니다. 한국에서는 지나친 낙천주의를 비판적으로 보는 경우도 있습니다.', 'c36376d3-0ca1-42c9-94f8-1f782abd5732', '2026-01-05T17:07:58.369Z', '2026-01-05T17:07:58.369Z'),
  ('a5eb268d-06ea-4bad-9d0c-c9105e2ec17c', '항상 부정적으로 생각하고 최악의 경우를 가정하는 사람을 뭐라고 하나요?', 'Người luôn suy nghĩ tiêu cực và giả định trường hợp xấu nhất được gọi là gì?', ARRAY['낙천주의자', '비관주의자', '회의주의자', '낙관주의자']::text[], '비관주의자', '비관주의자는 ''người bi quan'', 한국어 속담 ''될성부른 나무는 떡잎부터 알아본다''의 반대 의미로, 항상 부정적인 전망을 가진 사람을 말합니다.', '5d7fc495-3587-4c0a-ba28-7491e7da447d', '2026-01-05T17:07:58.369Z', '2026-01-05T17:07:58.369Z'),
  ('b7c661f3-ae17-41a7-b863-c766a91afa3f', '이상보다는 현실을 중시하고 실제 상황에 기반하여 판단하는 사람은?', 'Người coi trọng thực tế hơn lý tưởng và đưa ra quyết định dựa trên tình huống thực tế là gì?', ARRAY['낙천주의자', '현실주의자', '이상주의자', '낭만주의자']::text[], '현실주의자', '현실주의자는 ''người thực tế'', 한국 사회에서는 ''현실 감각''이 있는 사람을 높이 평가하며, 특히 직장에서 현실적인 접근 방식은 큰 장점입니다.', '71ce76f8-6cdd-4577-a11f-cf9f2d664457', '2026-01-05T17:07:58.369Z', '2026-01-05T17:07:58.369Z'),
  ('0c9eee0f-d67e-4f9e-be23-415ab236d868', '한국에서 ''꿈은 꿈일 뿐''이라고 말하는 사람은 어떤 유형인가요?', 'Người nói ''ước mơ chỉ là ước mơ thôi'' ở Hàn Quốc thuộc loại nào?', ARRAY['낭만주의자', '현실주의자', '이상주의자', '낙천주의자']::text[], '현실주의자', '현실주의자는 실용적이고 논리적인 사고를 중시하며, 한국의 빠른 경제 발전을 이끈 ''현실 감각''이 중요한 가치로 여겨집니다.', '71ce76f8-6cdd-4577-a11f-cf9f2d664457', '2026-01-05T17:07:58.369Z', '2026-01-05T17:07:58.369Z'),
  ('3ccbb563-3b41-4325-9476-b18429470a90', '모임이나 모둠에서 분위기를 밝게 만들고 즐겁게 하는 사람을 뭐라고 하나요?', 'Người làm sáng không khí và tạo niềm vui trong cuộc họp hoặc nhóm được gọi là gì?', ARRAY['분위기 메이커', '분위기 깨는 사람', '조용한 관찰자', '과묵한 사람']::text[], '분위기 메이커', '분위기 메이커 là ''người tạo không khí'', 한국의 모임 문화에서 매우 중요한 역할을 하며, 유머 감각과 사회적 기술이 뛰어난 사람을 의미합니다.', '83f15e58-eec1-4904-b2d7-562ad5a5c206', '2026-01-05T17:07:58.369Z', '2026-01-05T17:07:58.369Z'),
  ('3d9675b5-d985-4c74-8b89-79519753f385', '한국 회식 자리에서 가장 환영받는 사람은?', 'Người được chào đón nhất tại bữa tiệc công ty Hàn Quốc là ai?', ARRAY['일찍 가는 사람', '분위기 메이커', '술 안 마시는 사람', '조용한 사람']::text[], '분위기 메이커', '분위기 메이커는 회식 분위기를 살리고 동료 간의 유대감을 강화하는 역할을 하여 한국 직장 문화에서 높이 평가받습니다.', '83f15e58-eec1-4904-b2d7-562ad5a5c206', '2026-01-05T17:07:58.369Z', '2026-01-05T17:07:58.369Z'),
  ('86637385-7503-4efc-bd38-994550e54717', '친구 사이에 서로 느끼는 깊은 애정과 신뢰의 감정을 뭐라고 하나요?', 'Cảm xúc yêu mến và tin tưởng sâu sắc giữa những người bạn được gọi là gì?', ARRAY['사랑', '우정', '존경', '호감']::text[], '우정', '우정 có nghĩa là ''tình bạn'' (Friendship). Đây là một mối quan hệ tình cảm tự nguyện và cá nhân, được xây dựng dựa trên sự tin tưởng, quan tâm, hỗ trợ lẫn nhau và chia sẻ sở thích chung. ''진정한 우정'' (tình bạn chân chính) là điều quý giá trong cuộc sống.', '11a945a2-69bf-4ff3-a9d1-aafbaca837b6', '2026-01-05T17:07:58.369Z', '2026-01-05T17:07:58.369Z'),
  ('3042b4f9-d8a4-4ced-b6d5-bcf0b645c486', '가장 가깝고 아주 친밀한 관계에 있는 친구를 뭐라고 하나요?', 'Người bạn có mối quan hệ gần gũi và thân thiết nhất được gọi là gì?', ARRAY['동창', '지인', '친한 친구', '동료']::text[], '친한 친구', '친한 친구 có nghĩa là ''bạn thân'' (Close friend). ''절친'' là từ viết tắt của ''절대로 친한 친구'' (người bạn cực kỳ thân), nhấn mạnh độ thân thiết cao nhất. Đây là người bạn có thể chia sẻ mọi bí mật, vui buồn và luôn ở bên cạnh bạn trong mọi hoàn cảnh.', '5f078fca-c32d-4672-82f1-fbad822ae63b', '2026-01-05T17:07:58.369Z', '2026-01-05T17:07:58.369Z'),
  ('d57c16f5-4065-4b94-abcb-51e3dd1555e2', '어려움에 처한 친구를 저버리지 않고 도와주는 의리 있는 마음을 가진 것을 뭐라고 하나요?', 'Việc sở hữu một trái tim trọng nghĩa, không bỏ rơi bạn bè khi họ gặp khó khăn mà luôn giúp đỡ, được gọi là gì?', ARRAY['의리가 없다', '의리가 있다', '이기적이다', '냉정하다']::text[], '의리가 있다', '의리가 있다 có nghĩa là ''có nghĩa khí'', ''trọng nghĩa'' hoặc ''có tình có nghĩa''. Trong văn hóa Hàn Quốc, ''의리'' là một đức tính rất được coi trọng trong tình bạn và các mối quan hệ xã hội. Người ''의리가 있다'' luôn giữ lời hứa, sẵn sàng giúp đỡ bạn bè mà không tính toán thiệt hơn.', 'cf371375-12b4-4e97-b98a-e1932a07d9be', '2026-01-05T17:07:58.369Z', '2026-01-05T17:07:58.369Z'),
  ('38e62e2f-d72d-4bda-9f5b-aefd05f841a5', '전화, 문자, 메신저 등으로 친구와 소통하는 행위는?', 'Hành động giao tiếp với bạn bè qua điện thoại, tin nhắn, ứng dụng nhắn tin, v.v... là gì?', ARRAY['만나다', '연락하다', '떠나다', '기다리다']::text[], '연락하다', '연락하다 có nghĩa là ''liên lạc''. Duy trì việc thường xuyên 연락하다 là cách quan trọng để nuôi dưỡng tình bạn, đặc biệt khi không thể gặp mặt trực tiếp thường xuyên. ''연락이 뜸하다'' có nghĩa là liên lạc thưa thớt dần, có thể là dấu hiệu của một tình bạn phai nhạt.', '4d147aa5-bdbd-428b-95a2-919b2b72a47b', '2026-01-05T17:07:58.369Z', '2026-01-05T17:07:58.369Z'),
  ('84546a0c-7bd5-42bf-9ad4-052d7b5a52e5', '과거에 겪었던 기억, 특히 친구와 함께한 즐거웠던 기억을 뭐라고 하나요?', 'Những ký ức về quá khứ, đặc biệt là những ký ức vui vẻ đã trải qua cùng bạn bè, được gọi là gì?', ARRAY['계획', '추억', '희망', '공포']::text[], '추억', '추억 có nghĩa là ''ký ức'' hoặc ''kỷ niệm''. ''좋은 추억'' (kỷ niệm đẹp) là những khoảnh khắc quý giá cùng bạn bè như đi du lịch, trải qua những sự kiện quan trọng, hay thậm chí là những cuộc trò chuyện thường ngày. Chúng là nền tảng gắn kết và nuôi dưỡng tình bạn lâu dài.', 'd1de4c99-0a36-4fab-a372-04eea880e51f', '2026-01-05T17:07:58.369Z', '2026-01-05T17:07:58.369Z'),
  ('278bc0a7-be64-4d88-8c22-818c2ec94ec8', '친구들과 함께 모여서 시간을 보내는 것을 뭐라고 하나요?', 'Việc tụ tập và dành thời gian bên cạnh bạn bè được gọi là gì?', ARRAY['혼자 지내다', '어울리다', '떠나다', '다투다']::text[], '어울리다', '어울리다 có nghĩa là ''chơi chung'', ''giao du'' hoặc ''hòa hợp''. Động từ này mô tả việc dành thời gian cùng nhau một cách vui vẻ và thoải mái. ''잘 어울리다'' có nghĩa là hợp nhau, ăn ý với nhau. Các hoạt động ''어울리다'' giúp củng cố tình cảm và tạo ra những ''추억'' mới.', '252d4cb6-659e-469e-b8e1-4339cf6daaf4', '2026-01-05T17:07:58.369Z', '2026-01-05T17:07:58.369Z'),
  ('5902076d-88b4-4446-bac0-22288657b580', '친구의 말과 행동을 의심하지 않고 받아들이는 것은?', 'Việc chấp nhận lời nói và hành động của bạn bè mà không nghi ngờ là gì?', ARRAY['의심하다', '믿다', '시기하다', '비난하다']::text[], '믿다', '믿다 có nghĩa là ''tin tưởng''. ''믿음'' (sự tin tưởng) là yếu tố nền tảng, cốt lõi của mọi tình bạn chân chính (진정한 우정). Nó có nghĩa là bạn có thể tin tưởng vào sự trung thực, lòng tốt và sự hỗ trợ của người bạn đó. Khi niềm tin bị phá vỡ (믿음을 저버리다), tình bạn có thể bị tổn thương nghiêm trọng.', 'd3b43fae-0dbd-475a-bc7b-fc16da5d7f3f', '2026-01-05T17:07:58.369Z', '2026-01-05T17:07:58.369Z');

COMMIT;