BEGIN;

-- LearningGroup: Nhà cửa & Đời sống (주거 및 생활)
INSERT INTO "LearningGroup" (id, name, icon, "topikLevel", "createdAt", "updatedAt") VALUES ('82bad2d6-eac5-4b15-a873-bd42748b0f86', 'Nhà cửa & Đời sống (주거 및 생활)', NULL, 2, '2026-01-05T17:07:58.370Z', '2026-01-05T17:07:58.370Z');

-- Categories (10 categories)
INSERT INTO "Category" (id, name, description, icon, "order", "topikLevel", "groupId", "createdAt", "updatedAt") VALUES ('b1a9c83f-f4f4-4ec7-a564-40843db1f5d0', 'Các loại hình nhà ở', 'Từ vựng về các loại hình nhà ở và bất động sản phổ biến tại Hàn Quốc', '🏠', 1, 2, '82bad2d6-eac5-4b15-a873-bd42748b0f86', '2026-01-05T17:07:58.370Z', '2026-01-05T17:07:58.370Z'),
  ('b59c5f94-3cb4-4c4a-bd05-ec6260f9dbf5', 'Tìm nhà & Hợp đồng thuê', 'Từ vựng về các loại hình thuê nhà, thủ tục và các khoản chi phí liên quan đến việc tìm và thuê nhà ở Hàn Quốc', '🏠', 2, 2, '82bad2d6-eac5-4b15-a873-bd42748b0f86', '2026-01-05T17:07:58.370Z', '2026-01-05T17:07:58.370Z'),
  ('c46874e7-ca77-45cf-92d3-76d2f0657e44', 'Đồ gia dụng (가전제품)', 'Từ vựng về các thiết bị điện gia dụng phổ biến trong nhà', '🏠', 3, 2, '82bad2d6-eac5-4b15-a873-bd42748b0f86', '2026-01-05T17:07:58.370Z', '2026-01-05T17:07:58.370Z'),
  ('2314ba0b-9f1b-440c-af92-629b01b3e8b1', 'Nội thất', 'Từ vựng về các loại đồ nội thất và trang trí nhà cửa tại Hàn Quốc', '🛋️', 4, 2, '82bad2d6-eac5-4b15-a873-bd42748b0f86', '2026-01-05T17:07:58.370Z', '2026-01-05T17:07:58.370Z'),
  ('d22eb1a4-11f2-4df2-a61e-adb6345d62d0', 'Việc nhà', 'Từ vựng về các công việc nội trợ, dọn dẹp và sinh hoạt hàng ngày trong gia đình', '🧹', 5, 2, '82bad2d6-eac5-4b15-a873-bd42748b0f86', '2026-01-05T17:07:58.370Z', '2026-01-05T17:07:58.370Z'),
  ('c3609d1b-8562-4804-b571-68eb28256181', 'Phân loại rác (분리수거)', 'Từ vựng liên quan đến các loại rác và quy tắc phân loại, xử lý rác thải', '🗑️', 6, 2, '82bad2d6-eac5-4b15-a873-bd42748b0f86', '2026-01-05T17:07:58.370Z', '2026-01-05T17:07:58.370Z'),
  ('239ceb12-d7bc-4eb2-8f78-b7ecadfe8c17', 'Sửa chữa trong nhà', 'Từ vựng về các vấn đề hư hỏng trong nhà và quy trình sửa chữa tại Hàn Quốc', '🔧', 7, 2, '82bad2d6-eac5-4b15-a873-bd42748b0f86', '2026-01-05T17:07:58.370Z', '2026-01-05T17:07:58.370Z'),
  ('fe962e00-5397-491a-920e-f8f955e9a5bd', 'Hàng xóm', 'Từ vựng về mối quan hệ, tương tác và các tình huống thường gặp với những người sống gần nhà', '🏘️', 8, 2, '82bad2d6-eac5-4b15-a873-bd42748b0f86', '2026-01-05T17:07:58.370Z', '2026-01-05T17:07:58.370Z'),
  ('c4585b39-2c07-4c7f-9000-4ef034bdc769', 'Chuyển nhà (이사)', 'Từ vựng liên quan đến quá trình và các dịch vụ chuyển nhà', '🚚', 9, 2, '82bad2d6-eac5-4b15-a873-bd42748b0f86', '2026-01-05T17:07:58.370Z', '2026-01-05T17:07:58.370Z'),
  ('e509230f-205f-4864-a522-649885016a81', 'Hóa đơn sinh hoạt (공과금)', 'Từ vựng về các loại hóa đơn sinh hoạt hàng tháng', '🧾', 10, 2, '82bad2d6-eac5-4b15-a873-bd42748b0f86', '2026-01-05T17:07:58.370Z', '2026-01-05T17:07:58.370Z');

-- Vocabulary Words
INSERT INTO "Vocabulary" (id, korean, hanja, vietnamese, pronunciation, example, "exampleTranslation", "categoryId", "createdAt", "updatedAt") VALUES ('dae50817-9919-4008-9234-119217689e8c', '아파트', NULL, 'Chung cư', 'apateu', '저는 아파트 15층에 살아요.', 'Tôi sống ở tầng 15 của một khu chung cư.', 'b1a9c83f-f4f4-4ec7-a564-40843db1f5d0', '2026-01-05T17:07:58.370Z', '2026-01-05T17:07:58.370Z'),
  ('f467f4a1-f4e9-4b32-882b-3f6c647ee827', '주택', '住宅', 'Nhà riêng', 'jutek', '마당이 있는 주택에서 살고 싶어요.', 'Tôi muốn sống trong một ngôi nhà riêng có sân.', 'b1a9c83f-f4f4-4ec7-a564-40843db1f5d0', '2026-01-05T17:07:58.370Z', '2026-01-05T17:07:58.370Z'),
  ('8e1bd914-b7ec-40ba-9782-e02f4edfeb3a', '원룸', NULL, 'Căn hộ studio (một phòng)', 'wonrum', '대학생들은 보통 원룸에서 자취해요.', 'Sinh viên đại học thường sống tự lập trong các căn hộ studio.', 'b1a9c83f-f4f4-4ec7-a564-40843db1f5d0', '2026-01-05T17:07:58.370Z', '2026-01-05T17:07:58.370Z'),
  ('3c3a308d-c7d1-43f4-9765-b53cde07b51e', '오피스텔', NULL, 'Căn hộ officetel (văn phòng + nhà ở)', 'opiseutel', '오피스텔은 교통이 편리해서 인기가 많아요.', 'Officetel được yêu thích vì giao thông thuận tiện.', 'b1a9c83f-f4f4-4ec7-a564-40843db1f5d0', '2026-01-05T17:07:58.370Z', '2026-01-05T17:07:58.370Z'),
  ('b47b57e7-372d-4b72-b277-8e14a455e2d6', '빌라', NULL, 'Chung cư thấp tầng', 'billa', '이 빌라는 지은 지 얼마 안 돼서 깨끗해요.', 'Khu chung cư này sạch sẽ vì mới được xây không lâu.', 'b1a9c83f-f4f4-4ec7-a564-40843db1f5d0', '2026-01-05T17:07:58.370Z', '2026-01-05T17:07:58.370Z'),
  ('afaaaf20-28f8-4111-9a89-2b2a7cc357cd', '보증금', '保證金', 'Tiền đặt cọc', 'bojeung-geum', '이 집은 보증금이 1000만 원이에요.', 'Nhà này có tiền đặt cọc là 10 triệu won.', 'b59c5f94-3cb4-4c4a-bd05-ec6260f9dbf5', '2026-01-05T17:07:58.370Z', '2026-01-05T17:07:58.370Z'),
  ('e14c2600-0eca-41fc-8b9b-95136310edf5', '월세', '月貰', 'Tiền thuê nhà hàng tháng', 'wolse', '월세는 매달 50만 원입니다.', 'Tiền thuê nhà hàng tháng là 500,000 won.', 'b59c5f94-3cb4-4c4a-bd05-ec6260f9dbf5', '2026-01-05T17:07:58.370Z', '2026-01-05T17:07:58.370Z'),
  ('ba4666b6-b22a-4a9f-a05a-28303c3ceccf', '전세', '傳貰', 'Thuê nhà trả trước một cục tiền lớn', 'jeonse', '요즘 서울에서 전세 구하기가 어려워요.', 'Dạo này rất khó để tìm nhà cho thuê kiểu jeonse ở Seoul.', 'b59c5f94-3cb4-4c4a-bd05-ec6260f9dbf5', '2026-01-05T17:07:58.370Z', '2026-01-05T17:07:58.370Z'),
  ('e19594ca-6d06-4d34-afd6-7161851f4505', '관리비', '管理費', 'Phí quản lý', 'gwallibi', '관리비에는 수도, 전기 요금이 포함돼요.', 'Phí quản lý bao gồm cả tiền nước và tiền điện.', 'b59c5f94-3cb4-4c4a-bd05-ec6260f9dbf5', '2026-01-05T17:07:58.370Z', '2026-01-05T17:07:58.370Z'),
  ('33c6df5f-0f1d-4fef-a398-c9eab73022b2', '계약하다', '契約하다', 'Ký hợp đồng', 'gyeyakhada', '마음에 드는 집이 있어서 바로 계약했어요.', 'Có một ngôi nhà vừa ý nên tôi đã ký hợp đồng ngay.', 'b59c5f94-3cb4-4c4a-bd05-ec6260f9dbf5', '2026-01-05T17:07:58.370Z', '2026-01-05T17:07:58.370Z'),
  ('c68c3651-2462-4a5d-a224-d55d4d6e252e', '부동산 중개인', '不動産 仲介人', 'Người môi giới bất động sản', 'budongsan jung-gaein', '부동산 중개인을 통해 집을 구했어요.', 'Tôi đã tìm được nhà thông qua người môi giới bất động sản.', 'b59c5f94-3cb4-4c4a-bd05-ec6260f9dbf5', '2026-01-05T17:07:58.370Z', '2026-01-05T17:07:58.370Z'),
  ('206fc391-4e56-4805-b331-7b93f1dab9d3', '냉장고', NULL, 'Tủ lạnh', 'naengjang-go', '음식을 냉장고에 넣어 두세요.', 'Hãy để thức ăn vào trong tủ lạnh.', 'c46874e7-ca77-45cf-92d3-76d2f0657e44', '2026-01-05T17:07:58.370Z', '2026-01-05T17:07:58.370Z'),
  ('d67470af-7413-4c07-9324-4b8eb7fc9313', '세탁기', NULL, 'Máy giặt', 'setakgi', '세탁기가 고장 나서 빨래를 못 해요.', 'Máy giặt bị hỏng nên tôi không thể giặt đồ.', 'c46874e7-ca77-45cf-92d3-76d2f0657e44', '2026-01-05T17:07:58.370Z', '2026-01-05T17:07:58.370Z'),
  ('8f132197-5665-4a42-9051-5c24037c3044', '에어컨', NULL, 'Điều hòa', 'e-eokeon', '너무 더워서 에어컨을 켰어요.', 'Nóng quá nên tôi đã bật điều hòa.', 'c46874e7-ca77-45cf-92d3-76d2f0657e44', '2026-01-05T17:07:58.370Z', '2026-01-05T17:07:58.370Z'),
  ('a5658726-878e-41e9-8448-7924219e18cf', '전자레인지', NULL, 'Lò vi sóng', 'jeonjareinji', '음식을 전자레인지에 1분 돌리세요.', 'Hãy quay thức ăn trong lò vi sóng 1 phút.', 'c46874e7-ca77-45cf-92d3-76d2f0657e44', '2026-01-05T17:07:58.370Z', '2026-01-05T17:07:58.370Z'),
  ('4c7fa30a-78ee-43e4-8cc0-bfbb1a44991a', '청소기', NULL, 'Máy hút bụi', 'cheongsogi', '청소기로 방을 깨끗하게 청소했어요.', 'Tôi đã dọn phòng sạch sẽ bằng máy hút bụi.', 'c46874e7-ca77-45cf-92d3-76d2f0657e44', '2026-01-05T17:07:58.370Z', '2026-01-05T17:07:58.370Z'),
  ('1cf2caf2-50bd-493d-8457-d067735107e3', '밥솥', NULL, 'Nồi cơm điện', 'papsot', '한국 가정에는 보통 밥솥이 다 있어요.', 'Các gia đình Hàn Quốc thường đều có nồi cơm điện.', 'c46874e7-ca77-45cf-92d3-76d2f0657e44', '2026-01-05T17:07:58.370Z', '2026-01-05T17:07:58.370Z'),
  ('ad9eb5aa-bd16-4000-b214-236e911b0b10', '소파', NULL, 'Ghế sofa', 'sopa', '거실에 새 소파를 놓았어요.', 'Tôi đã đặt một chiếc ghế sofa mới ở phòng khách.', '2314ba0b-9f1b-440c-af92-629b01b3e8b1', '2026-01-05T17:07:58.370Z', '2026-01-05T17:07:58.370Z'),
  ('e99a5df5-0d28-4206-a4fa-88a2c9adfb1b', '책장', '冊欌', 'Tủ sách', 'chaekjang', '책을 책장에 정리했어요.', 'Tôi đã sắp xếp sách lên tủ sách.', '2314ba0b-9f1b-440c-af92-629b01b3e8b1', '2026-01-05T17:07:58.370Z', '2026-01-05T17:07:58.370Z'),
  ('e584c45e-4f85-4dd9-949c-5e376ae60c5b', '식탁', '食卓', 'Bàn ăn', 'siktak', '가족들이 식탁에 둘러앉아 식사를 해요.', 'Cả gia đình quây quần bên bàn ın và dùng bữa.', '2314ba0b-9f1b-440c-af92-629b01b3e8b1', '2026-01-05T17:07:58.370Z', '2026-01-05T17:07:58.370Z'),
  ('41b8a761-cba3-428e-b2ac-997fde3344ba', '서랍장', NULL, 'Tủ ngăn kéo', 'seorapjang', '옷을 서랍장에 넣어 두었어요.', 'Tôi đã cất quần áo vào trong tủ ngăn kéo.', '2314ba0b-9f1b-440c-af92-629b01b3e8b1', '2026-01-05T17:07:58.370Z', '2026-01-05T17:07:58.370Z'),
  ('b61e44b6-c129-4b47-ace1-27f072524648', '화장대', '化粧臺', 'Bàn trang điểm', 'hwajangdae', '화장대 위에 화장품이 많아요.', 'Có rất nhiều mỹ phẩm trên bàn trang điểm.', '2314ba0b-9f1b-440c-af92-629b01b3e8b1', '2026-01-05T17:07:58.370Z', '2026-01-05T17:07:58.370Z'),
  ('7566f84a-20c4-4503-bd99-f32e72d0acdb', '조명', '照明', 'Đèn (chiếu sáng)', 'jomyeong', '방 조명이 너무 어두워요.', 'Đèn phòng tối quá.', '2314ba0b-9f1b-440c-af92-629b01b3e8b1', '2026-01-05T17:07:58.370Z', '2026-01-05T17:07:58.370Z'),
  ('0a7e8f8a-658f-4b42-b78a-42dbcecb89f0', '청소하다', '淸掃하다', 'Dọn dẹp', 'cheongsohada', '주말에 집을 대청소했어요.', 'Cuối tuần tôi đã tổng vệ sinh nhà cửa.', 'd22eb1a4-11f2-4df2-a61e-adb6345d62d0', '2026-01-05T17:07:58.370Z', '2026-01-05T17:07:58.370Z'),
  ('de325bb3-e20b-444a-8e98-48b1bbdbfced', '빨래를 하다/널다/개다', '', 'Giặt/Phơi/Gấp quần áo', 'ppallereul hada/neolda/gaeda', '빨래를 하고 나서 베란다에 널었어요.', 'Sau khi giặt đồ, tôi đã phơi chúng ở ban công.', 'd22eb1a4-11f2-4df2-a61e-adb6345d62d0', '2026-01-05T17:07:58.370Z', '2026-01-05T17:07:58.370Z'),
  ('f2ed43bb-8043-4e27-a9ee-c7bacb81c650', '설거지를 하다', '', 'Rửa bát', 'seolgeojireul hada', '밥을 먹고 나서 바로 설거지를 해요.', 'Tôi rửa bát ngay sau khi ăn cơm xong.', 'd22eb1a4-11f2-4df2-a61e-adb6345d62d0', '2026-01-05T17:07:58.370Z', '2026-01-05T17:07:58.370Z'),
  ('921e9a8c-2372-4ae6-bb87-671d7cb9673c', '요리하다', '料理하다', 'Nấu ăn', 'yorihada', '저는 집에서 요리하는 것을 좋아해요.', 'Tôi thích nấu ăn ở nhà.', 'd22eb1a4-11f2-4df2-a61e-adb6345d62d0', '2026-01-05T17:07:58.370Z', '2026-01-05T17:07:58.370Z'),
  ('7159dafc-2d7e-44a0-b9a2-7d950c40f7f0', '장을 보다', '欌을 보다', 'Đi chợ, mua sắm thực phẩm', 'jang-eul boda', '퇴근하는 길에 마트에 들러서 장을 봤어요.', 'Trên đường đi làm về tôi đã ghé siêu thị để mua đồ ăn.', 'd22eb1a4-11f2-4df2-a61e-adb6345d62d0', '2026-01-05T17:07:58.370Z', '2026-01-05T17:07:58.370Z'),
  ('b4bdf6f5-fd45-4b64-8530-6ff5f0046af5', '일반 쓰레기', NULL, 'Rác thông thường', 'ilban sseuregi', '재활용이 안 되는 것은 일반 쓰레기예요.', 'Những thứ không thể tái chế là rác thông thường.', 'c3609d1b-8562-4804-b571-68eb28256181', '2026-01-05T17:07:58.370Z', '2026-01-05T17:07:58.370Z'),
  ('af51b2ee-24c7-4eba-9dd2-a6a89a924626', '음식물 쓰레기', NULL, 'Rác thực phẩm', 'eumsingmul sseuregi', '음식물 쓰레기는 따로 버려야 해요.', 'Phải vứt rác thực phẩm riêng.', 'c3609d1b-8562-4804-b571-68eb28256181', '2026-01-05T17:07:58.370Z', '2026-01-05T17:07:58.370Z'),
  ('bfc11796-d8b5-4ce5-9c93-455b12a0859e', '재활용품', NULL, 'Đồ tái chế', 'jaehwalyongpum', '종이, 플라스틱, 캔은 재활용품이에요.', 'Giấy, nhựa, lon là đồ tái chế.', 'c3609d1b-8562-4804-b571-68eb28256181', '2026-01-05T17:07:58.370Z', '2026-01-05T17:07:58.370Z'),
  ('c81084a1-a462-42b0-980e-dbfddf8f8b46', '버리다', NULL, 'Vứt, bỏ đi', 'beorida', '쓰레기를 아무 데나 버리면 안 돼요.', 'Không được vứt rác bừa bãi.', 'c3609d1b-8562-4804-b571-68eb28256181', '2026-01-05T17:07:58.370Z', '2026-01-05T17:07:58.370Z'),
  ('69e5f7b6-49c4-4be5-82d2-cc617875fadc', '종량제 봉투', NULL, 'Túi rác trả phí theo khối lượng', 'jongnyangje bongtu', '일반 쓰레기는 종량제 봉투에 넣어서 버려야 해요.', 'Rác thông thường phải được cho vào túi trả phí và vứt đi.', 'c3609d1b-8562-4804-b571-68eb28256181', '2026-01-05T17:07:58.370Z', '2026-01-05T17:07:58.370Z'),
  ('2242cf38-bdfe-466a-be38-efaa8c1efd5e', '막히다', NULL, 'Bị tắc, bị nghẹt', 'makhida', '화장실 변기가 막혔어요.', 'Bồn cầu nhà vệ sinh bị tắc rồi.', '239ceb12-d7bc-4eb2-8f78-b7ecadfe8c17', '2026-01-05T17:07:58.370Z', '2026-01-05T17:07:58.370Z'),
  ('def0c242-8b0b-4188-b71c-b85fc846c3f1', '물이 새다', NULL, 'Rò rỉ nước', 'muri saeda', '천장에서 물이 새고 있어요.', 'Nước đang rò rỉ từ trần nhà.', '239ceb12-d7bc-4eb2-8f78-b7ecadfe8c17', '2026-01-05T17:07:58.370Z', '2026-01-05T17:07:58.370Z'),
  ('cd2cd201-3bf2-4766-9620-9a812674cc37', '전구가 나가다', '電球가 나가다', 'Bóng đèn bị cháy', 'jeon-guga nagada', '방 전구가 나가서 갈아야 해요.', 'Bóng đèn phòng bị cháy nên phải thay.', '239ceb12-d7bc-4eb2-8f78-b7ecadfe8c17', '2026-01-05T17:07:58.370Z', '2026-01-05T17:07:58.370Z'),
  ('9ad19e72-b5c7-44f7-98ce-55d8dd5da36f', '수리 기사', '修理 技師', 'Thợ sửa chữa', 'suri gisa', '수리 기사님을 불러서 에어컨을 고쳤어요.', 'Tôi đã gọi thợ sửa chữa đến và sửa điều hòa.', '239ceb12-d7bc-4eb2-8f78-b7ecadfe8c17', '2026-01-05T17:07:58.370Z', '2026-01-05T17:07:58.370Z'),
  ('4fe7ce27-06d4-493e-b875-8b6d94f266e0', '고치다', NULL, 'Sửa chữa', 'gochida', '컴퓨터가 고장 나서 고쳐야 해요.', 'Máy tính bị hỏng nên phải sửa.', '239ceb12-d7bc-4eb2-8f78-b7ecadfe8c17', '2026-01-05T17:07:58.370Z', '2026-01-05T17:07:58.370Z'),
  ('ad29ae3f-41b7-4c2d-af6b-4658b0fe8606', '이웃', '', 'Hàng xóm', 'i-ut', '우리 옆집 이웃은 아주 친절해요.', 'Hàng xóm nhà bên cạnh của chúng tôi rất thân thiện.', 'fe962e00-5397-491a-920e-f8f955e9a5bd', '2026-01-05T17:07:58.370Z', '2026-01-05T17:07:58.370Z'),
  ('3e002c51-9d2e-4d22-8757-1e50dfed7210', '층간 소음', '層間 騷音', 'Tiếng ồn giữa các tầng', 'cheung-gan so-eum', '밤늦게 층간 소음 때문에 잠을 못 잤어요.', 'Tôi không thể ngủ được vì tiếng ồn giữa các tầng vào đêm khuya.', 'fe962e00-5397-491a-920e-f8f955e9a5bd', '2026-01-05T17:07:58.370Z', '2026-01-05T17:07:58.370Z'),
  ('851f0a88-1ae5-47f1-9015-e4da05211a1e', '마주치다', '', 'Chạm mặt, tình cờ gặp', 'majuchida', '엘리베이터에서 이웃과 자주 마주쳐요.', 'Tôi thường xuyên chạm mặt hàng xóm trong thang máy.', 'fe962e00-5397-491a-920e-f8f955e9a5bd', '2026-01-05T17:07:58.370Z', '2026-01-05T17:07:58.370Z'),
  ('06a53502-d978-4f0e-be18-3e8afe69c58b', '인사하다', '人事하다', 'Chào hỏi', 'insahada', '이웃을 만나면 먼저 인사하는 것이 좋아요.', 'Tốt nhất là nên chào hỏi trước khi gặp hàng xóm.', 'fe962e00-5397-491a-920e-f8f955e9a5bd', '2026-01-05T17:07:58.370Z', '2026-01-05T17:07:58.370Z'),
  ('bad98862-d28c-4d53-b66c-35dfd50b48f4', '불편을 주다', '不便을 주다', 'Gây bất tiện', 'bulpyeoneul juda', '너무 시끄럽게 해서 이웃에게 불편을 줬어요.', 'Tôi đã gây bất tiện cho hàng xóm vì làm ồn quá.', 'fe962e00-5397-491a-920e-f8f955e9a5bd', '2026-01-05T17:07:58.370Z', '2026-01-05T17:07:58.370Z'),
  ('34c2fadc-ba80-471d-91a9-8ad503a88656', '이사하다', NULL, 'Chuyển nhà', 'isahada', '다음 달에 서울로 이사 갈 계획이에요.', 'Tôi có kế hoạch chuyển đến Seoul vào tháng tới.', 'c4585b39-2c07-4c7f-9000-4ef034bdc769', '2026-01-05T17:07:58.370Z', '2026-01-05T17:07:58.370Z'),
  ('4348589b-1320-4b4c-a45f-57d4a435f5a1', '이삿짐', NULL, 'Đồ đạc chuyển nhà', 'isatjim', '이삿짐을 싸는 것이 정말 힘들어요.', 'Việc đóng gói đồ đạc chuyển nhà thật sự rất mệt.', 'c4585b39-2c07-4c7f-9000-4ef034bdc769', '2026-01-05T17:07:58.370Z', '2026-01-05T17:07:58.370Z'),
  ('60619ef9-f054-4c42-9406-84d9c3369bbc', '이삿짐센터', NULL, 'Công ty dịch vụ chuyển nhà', 'isatjim-senteo', '이삿짐센터에 전화해서 예약을 했어요.', 'Tôi đã gọi điện cho công ty chuyển nhà và đặt lịch.', 'c4585b39-2c07-4c7f-9000-4ef034bdc769', '2026-01-05T17:07:58.370Z', '2026-01-05T17:07:58.370Z'),
  ('09fcba3d-18ea-4fa3-a40b-634e2da971ce', '짐을 싸다/풀다', NULL, 'Đóng gói/Dỡ đồ', 'jimeul ssada/pulda', '새집에 도착해서 짐을 풀기 시작했어요.', 'Sau khi đến nhà mới, tôi bắt đầu dỡ đồ.', 'c4585b39-2c07-4c7f-9000-4ef034bdc769', '2026-01-05T17:07:58.370Z', '2026-01-05T17:07:58.370Z'),
  ('e9baf111-cc98-4db4-8396-2a31bbf4d56d', '정리하다', NULL, 'Sắp xếp, dọn dẹp', 'jeongnihada', '이삿짐을 다 풀고 정리하는 데 며칠 걸렸어요.', 'Mất vài ngày để dỡ hết đồ và sắp xếp chúng.', 'c4585b39-2c07-4c7f-9000-4ef034bdc769', '2026-01-05T17:07:58.370Z', '2026-01-05T17:07:58.370Z'),
  ('e8bbdc21-59bf-476f-a986-fd128ee53769', '공과금', '公課金', 'Các loại phí sinh hoạt công', 'gong-gwageum', '매달 내야 하는 공과금이 많아요.', 'Có rất nhiều loại phí sinh hoạt phải trả hàng tháng.', 'e509230f-205f-4864-a522-649885016a81', '2026-01-05T17:07:58.370Z', '2026-01-05T17:07:58.370Z'),
  ('44769c11-8123-4f7f-91de-801b410fd5ae', '전기 요금', '電氣料金', 'Tiền điện', 'jeon-gi yogeum', '여름에는 에어컨 때문에 전기 요금이 많이 나와요.', 'Vào mùa hè, tiền điện ra nhiều vì điều hòa.', 'e509230f-205f-4864-a522-649885016a81', '2026-01-05T17:07:58.370Z', '2026-01-05T17:07:58.370Z'),
  ('ec7b0e29-ba5e-4647-9a85-227633ededac', '가스 요금', NULL, 'Tiền ga', 'gaseu yogeum', '겨울에는 난방 때문에 가스 요금이 비싸요.', 'Vào mùa đông, tiền ga đắt vì hệ thống sưởi.', 'e509230f-205f-4864-a522-649885016a81', '2026-01-05T17:07:58.370Z', '2026-01-05T17:07:58.370Z'),
  ('a6db7ece-7be0-4c7e-9840-ab46891a0f65', '수도 요금', '水道料金', 'Tiền nước', 'sudo yogeum', '이번 달 수도 요금은 얼마 안 나왔어요.', 'Tiền nước tháng này không ra nhiều.', 'e509230f-205f-4864-a522-649885016a81', '2026-01-05T17:07:58.370Z', '2026-01-05T17:07:58.370Z'),
  ('ace35148-7cb9-4b69-b237-94aab9086ebb', '통신비', '通信費', 'Phí viễn thông', 'tongsinbi', '핸드폰 요금이랑 인터넷 요금을 합쳐서 통신비라고 해요.', 'Phí điện thoại và phí internet gộp lại gọi là phí viễn thông.', 'e509230f-205f-4864-a522-649885016a81', '2026-01-05T17:07:58.370Z', '2026-01-05T17:07:58.370Z'),
  ('691cafb6-873d-4aba-a4b2-21cb90c8230f', '요금을 내다', '料金을 내다', 'Trả tiền phí', 'yogeumeul naeda', '은행에 가서 공과금 요금을 냈어요.', 'Tôi đã đến ngân hàng và trả các loại phí sinh hoạt.', 'e509230f-205f-4864-a522-649885016a81', '2026-01-05T17:07:58.370Z', '2026-01-05T17:07:58.370Z');

-- Quiz Questions
INSERT INTO "QuizQuestion" (id, question, "questionTranslation", options, "correctAnswer", explanation, "VocabularyId", "createdAt", "updatedAt") VALUES ('11783911-1c64-4870-8096-00ccc2944efd', '여러 가구가 한 건물 안에 살며 공동 관리 시스템이 있는 주거 형태는?', 'Loại hình nhà ở mà nhiều hộ gia đình sống trong một tòa nhà và có hệ thống quản lý chung là gì?', ARRAY['주택', '아파트', '원룸', '빌라']::text[], '아파트', '아파트 là ''chung cư'', 한국의 가장 대표적인 주거 형태로, 높은 층고와 현대적 편의시설을 갖춘 단지 형태로 개발됩니다.', 'dae50817-9919-4008-9234-119217689e8c', '2026-01-05T17:07:58.370Z', '2026-01-05T17:07:58.370Z'),
  ('6f4b1309-171f-4a1f-be6c-a87bf0418d27', '한국에서 가장 선호되는 주거 형태이자 집값 상승의 주요 대상은?', 'Loại hình nhà ở được ưa chuộng nhất tại Hàn Quốc và là đối tượng chính của việc tăng giá nhà là gì?', ARRAY['주택', '아파트', '원룸', '오피스텔']::text[], '아파트', '아파트는 한국인들의 꿈의 주거지로, 교육 환경, 교통 편의, 보안 시스템이 우수한 ''학군 좋은 아파트''는 특히 고가에 거래됩니다.', 'dae50817-9919-4008-9234-119217689e8c', '2026-01-05T17:07:58.370Z', '2026-01-05T17:07:58.370Z'),
  ('73081af1-0c9f-4c8d-b262-5240386b42c2', '독립된 건물로 한 가구만 거주하는 주거 형태를 뭐라고 하나요?', 'Loại hình nhà ở là tòa nhà độc lập chỉ một hộ gia đình sinh sống được gọi là gì?', ARRAY['아파트', '주택', '원룸', '오피스텔']::text[], '주택', '주택 là ''nhà riêng'', 한국에서는 단독주택 (nhà riêng độc lập), 다가구주택 (nhà nhiều hộ), 연립주택 (nhà liền kề) 등으로 분류됩니다.', 'f467f4a1-f4e9-4b32-882b-3f6c647ee827', '2026-01-05T17:07:58.370Z', '2026-01-05T17:07:58.370Z'),
  ('b93791aa-5d2c-4c14-9f1a-cfa35683433f', '한옥이나 전통적인 마당이 있는 집은 어떤 주거 형태에 속하나요?', 'Nhà có Hanok hoặc sân truyền thống thuộc loại hình nhà ở nào?', ARRAY['아파트', '주택', '원룸', '빌라']::text[], '주택', '주택은 다양한 형태가 있으며, 전통 한옥에서 현대식 단독주택까지 포함합니다. 최근에는 도시 재생 사업으로 한옥이 젊은 층에게 인기를 끌고 있습니다.', 'f467f4a1-f4e9-4b32-882b-3f6c647ee827', '2026-01-05T17:07:58.370Z', '2026-01-05T17:07:58.370Z'),
  ('2ef600ad-3aa4-4a37-b025-71131191aae0', '방 하나에 부엌, 화장실 등 기본 생활 공간이 모두 포함된 작은 주거 공간은?', 'Không gian sống nhỏ gồm một phòng có đầy đủ không gian sinh hoạt cơ bản như bếp, nhà tắm là gì?', ARRAY['아파트', '주택', '원룸', '빌라']::text[], '원룸', '원룸 là ''căn hộ studio'' (one-room), 한국에서는 대학생, 직장인 1인 가구에게 가장 인기 있는 주거 형태로, 보증금과 월세로 계약합니다.', '8e1bd914-b7ec-40ba-9782-e02f4edfeb3a', '2026-01-05T17:07:58.370Z', '2026-01-05T17:07:58.370Z'),
  ('4130c974-886c-4549-8754-7c7a7067721f', '한국에서 1인 가구가 가장 많이 선택하는 경제적인 주거 형태는?', 'Loại hình nhà ở kinh tế nhất mà hộ gia đình một người tại Hàn Quốc lựa chọn nhiều nhất là gì?', ARRAY['펜트하우스', '원룸', '주택', '아파트']::text[], '원룸', '원룸은 저렴한 가격과 편리한 위치로 인기가 많으며, 서울의 대학가와 직장 밀집 지역에 밀집해 있습니다.', '8e1bd914-b7ec-40ba-9782-e02f4edfeb3a', '2026-01-05T17:07:58.370Z', '2026-01-05T17:07:58.370Z'),
  ('4434789f-6668-4897-909d-bc4e77122d7e', '사무실과 주거 기능이 결합된 다목적 건물의 주거 공간을 뭐라고 하나요?', 'Không gian sống trong tòa nhà đa chức năng kết hợp chức năng văn phòng và nhà ở được gọi là gì?', ARRAY['아파트', '주택', '오피스텔', '빌라']::text[], '오피스텔', '오피스텔은 ''căn hộ officetel'' (office + hotel), 주로 도심 지역에 위치하며, 작은 사무실이나 개인 사업자, 젊은 직장인들에게 인기가 있습니다.', '3c3a308d-c7d1-43f4-9765-b53cde07b51e', '2026-01-05T17:07:58.370Z', '2026-01-05T17:07:58.370Z'),
  ('4045a32e-2fa8-457c-8fb5-1ba4aaab5864', '한국에서 자영업자나 프리랜서가 사무실 겸 거주지로 많이 이용하는 것은?', 'Thứ mà người tự kinh doanh hoặc freelancer ở Hàn Quốc thường sử dụng làm văn phòng kiêm nơi ở là gì?', ARRAY['주택', '오피스텔', '아파트', '원룸']::text[], '오피스텔', '오피스텔은 업무 공간과 생활 공간이 통합되어 있어 출퇴근 시간을 절약할 수 있어 창업 초기 자영업자에게 이상적입니다.', '3c3a308d-c7d1-43f4-9765-b53cde07b51e', '2026-01-05T17:07:58.370Z', '2026-01-05T17:07:58.370Z'),
  ('f9bb31de-1929-401b-8729-d67ee8b3959b', '보통 4~5층 정도의 낮은 층고로 된 공동 주택을 뭐라고 하나요?', 'Căn hộ chung có độ cao tầng thấp thường từ 4-5 tầng được gọi là gì?', ARRAY['아파트', '빌라', '원룸', '주택']::text[], '빌라', '빌라 là ''chung cư thấp tầng'', 아파트보다 규모가 작고 층수가 적으며, 상대적으로 저렴한 가격으로 중산층에게 인기가 있습니다.', 'b47b57e7-372d-4b72-b277-8e14a455e2d6', '2026-01-05T17:07:58.370Z', '2026-01-05T17:07:58.370Z'),
  ('a57e3c94-12e3-43c1-b5c8-7aa8f1333791', '한국에서 ''반지하''나 ''옥탑방''이 있는 주로 작은 규모의 공동주택은?', 'Loại hình nhà chung chủ yếu quy mô nhỏ có ''bán tầng hầm'' hoặc ''phòng gác mái'' ở Hàn Quốc là gì?', ARRAY['아파트', '빌라', '오피스텔', '주택']::text[], '빌라', '빌라는 종종 반지하나 옥탑방이 있어 저렴한 월세 옵션을 제공합니다. 드라마 ''기생충''에서 반지하 집이 빌라의 전형적인 예입니다.', 'b47b57e7-372d-4b72-b277-8e14a455e2d6', '2026-01-05T17:07:58.370Z', '2026-01-05T17:07:58.370Z'),
  ('a572ba00-50c4-40f8-ba2f-4d0f987dc320', '임대차 계약 시 임대인에게 보증으로 지불하는 일정 금액은?', 'Khoản tiền nhất định được trả cho chủ nhà như một khoản đảm bảo khi ký hợp đồng thuê nhà là gì?', ARRAY['월세', '관리비', '보증금', '계약금']::text[], '보증금', '보증금 có nghĩa là ''tiền đặt cọc'' (Deposit). Đây là số tiền người thuê (임차인) đặt cọc cho chủ nhà (임대인) khi bắt đầu hợp đồng. Khi kết thúc hợp đồng, nếu nhà không bị hư hỏng và các hóa đơn đã thanh toán đủ, 보증금 sẽ được hoàn trả (부분 또는 전액).', 'afaaaf20-28f8-4111-9a89-2b2a7cc357cd', '2026-01-05T17:07:58.370Z', '2026-01-05T17:07:58.370Z'),
  ('b644b994-f692-400b-b259-993a90fecc1e', '매월 일정 금액을 집 주인에게 지불하며 집을 빌리는 방식은?', 'Hình thức thuê nhà bằng cách trả một khoản tiền cố định hàng tháng cho chủ nhà là gì?', ARRAY['전세', '월세', '매매', '공유']::text[], '월세', '월세 có nghĩa là ''tiền thuê nhà hàng tháng'' hoặc ''cho thuê theo tháng''. Đây là hình thức phổ biến nhất trên toàn thế giới. Người thuê trả một khoản 보증금 (보증금) tương đối thấp và tiền thuê hàng tháng (월세). Công thức thường thấy là ''X/X'' (ví dụ: 500/50) nghĩa là 보증금 500만 원 và 월세 50만 원.', 'e14c2600-0eca-41fc-8b9b-95136310edf5', '2026-01-05T17:07:58.370Z', '2026-01-05T17:07:58.370Z'),
  ('8b7894a6-0c52-4bd0-ad85-5ea7edb67850', '월세를 내지 않고 큰 금액의 보증금만을 내고 집을 사용하는 한국 특유의 임대 방식은?', 'Hình thức thuê nhà đặc thù của Hàn Quốc, nơi người thuê chỉ cần đặt một khoản tiền cọc rất lớn và không phải trả tiền thuê hàng tháng, là gì?', ARRAY['월세', '전세', '반전세', '단기임대']::text[], '전세', '전세 là một hệ thống cho thuê nhà độc đáo của Hàn Quốc. Người thuê (전세차인) đặt một khoản tiền ký quỹ (전세금) rất lớn (thường bằng 40-80% giá trị ngôi nhà) cho chủ nhà trong thời hạn hợp đồng (thường 2 năm). Khi hết hạn, toàn bộ 전세금 được hoàn lại. Chủ nhà sử dụng số tiền này để đầu tư sinh lời thay vì thu 월세.', 'ba4666b6-b22a-4a9f-a05a-28303c3ceccf', '2026-01-05T17:07:58.370Z', '2026-01-05T17:07:58.370Z'),
  ('5cd27930-1a21-4841-a322-68a5a69b01b0', '아파트나 오피스텔의 청소, 경비, 난방, 수도, 전기 등 공동 설비 유지에 드는 비용은?', 'Chi phí cho việc duy trì các thiết bị chung như dọn dẹp, bảo vệ, sưởi ấm, nước, điện của một căn hộ hoặc officetel là gì?', ARRAY['임대료', '관리비', '세금', '보험료']::text[], '관리비', '관리비 có nghĩa là ''phí quản lý'' (Maintenance fee/Management fee). Khoản phí này thường được trả hàng tháng bên cạnh 월세 hoặc 전세금. 관리비 có thể bao gồm chi phí cho hệ thống sưởi trung tâm (난방), nước nóng, thang máy, dọn dẹp khu vực chung và bảo vệ. Nội dung cụ thể cần được kiểm tra kỹ trong hợp đồng.', 'e19594ca-6d06-4d34-afd6-7161851f4505', '2026-01-05T17:07:58.370Z', '2026-01-05T17:07:58.370Z'),
  ('29ce67a4-c3ff-4de5-b42f-fee0a92c8f0c', '임대인과 임차인이 임대차 조건에 합의하고 공식 문서에 서명하는 행위는?', 'Hành động mà chủ nhà và người thuê đồng ý với các điều kiện cho thuê và ký tên vào một văn bản chính thức là gì?', ARRAY['조회하다', '계약하다', '거절하다', '확인하다']::text[], '계약하다', '계약하다 có nghĩa là ''ký hợp đồng''. Sau khi tìm được nhà ưng ý, việc ''계약하다'' là bước quan trọng và có tính ràng buộc pháp lý. Hợp đồng thuê nhà (임대차 계약서) phải ghi rõ 보증금, 월세/전세금, 관리비, thời hạn (계약 기간) và các điều khoản khác. Thường cần có người làm chứng hoặc đăng ký với chính quyền (확정일자) để bảo vệ quyền lợi.', '33c6df5f-0f1d-4fef-a398-c9eab73022b2', '2026-01-05T17:07:58.370Z', '2026-01-05T17:07:58.370Z'),
  ('7a63d70a-ae68-4c93-915c-53c05ce45eaa', '집을 사거나 빌리려는 사람과 팔거나 임대하려는 사람 사이에서 연결해 주고 중개 수수료를 받는 사람은?', 'Người đứng giữa kết nối người muốn mua/thuê nhà với người muốn bán/cho thuê và nhận phí môi giới là ai?', ARRAY['법무사', '부동산 중개인', '은행원', '건설사']::text[], '부동산 중개인', '부동산 중개인 có nghĩa là ''người môi giới bất động sản'' (Real estate agent/broker). Ở Hàn Quốc, hầu hết việc mua bán và thuê nhà đều được thực hiện thông qua các ''부동산 중개사무소'' (văn phòng môi giới bất động sản). Họ giúp tìm kiếm bất động sản, sắp xếp xem nhà, đàm phán điều khoản và chuẩn bị hợp đồng, và nhận ''중개 수수료'' (phí môi giới) theo quy định của pháp luật.', 'c68c3651-2462-4a5d-a224-d55d4d6e252e', '2026-01-05T17:07:58.370Z', '2026-01-05T17:07:58.370Z'),
  ('6569e6ed-dbc9-49ef-bb46-4023eb3f2d23', '음식을 차갑게 보관하는 가전제품은 무엇인가요?', 'Thiết bị điện gia dụng dùng để bảo quản thực phẩm trong môi trường lạnh là gì?', ARRAY['세탁기', '냉장고', '전자레인지', '에어컨']::text[], '냉장고', '냉장고 có nghĩa là ''tủ lạnh''. Đây là thiết bị thiết yếu trong nhà bếp để bảo quản thực phẩm tươi sống và các đồ cần giữ lạnh.', '206fc391-4e56-4805-b331-7b93f1dab9d3', '2026-01-05T17:07:58.370Z', '2026-01-05T17:07:58.370Z'),
  ('c4a793c1-01a2-4f02-aecb-f7a25e8799f6', '옷을 자동으로 세탁해 주는 기계는 무엇인가요?', 'Loại máy tự động giặt sạch quần áo là gì?', ARRAY['청소기', '세탁기', '밥솥', '에어컨']::text[], '세탁기', '세탁기 có nghĩa là ''máy giặt''. Thiết bị này thường đặt ở phòng giặt, giúp giặt và vắt quần áo một cách tự động.', 'd67470af-7413-4c07-9324-4b8eb7fc9313', '2026-01-05T17:07:58.370Z', '2026-01-05T17:07:58.370Z'),
  ('970e075d-dfb6-4c85-b5d5-0537a627f564', '실내의 온도를 낮추어 시원하게 해주는 가전제품은 무엇인가요?', 'Thiết bị điện gia dụng làm giảm nhiệt độ trong phòng để tạo cảm giác mát mẻ là gì?', ARRAY['전자레인지', '에어컨', '밥솥', '냉장고']::text[], '에어컨', '에어컨 có nghĩa là ''điều hòa không khí'' (máy lạnh). Đây là thiết bị làm mát phổ biến, đặc biệt quan trọng vào mùa hè.', '8f132197-5665-4a42-9051-5c24037c3044', '2026-01-05T17:07:58.370Z', '2026-01-05T17:07:58.370Z'),
  ('fea1c26c-3730-4f51-b762-0e3f1f4ba24d', '전자파를 이용해 음식을 빠르게 데우거나 요리하는 기구는 무엇인가요?', 'Dụng cụ sử dụng sóng vi ba (sóng điện từ) để hâm nóng hoặc nấu chín thức ăn một cách nhanh chóng là gì?', ARRAY['밥솥', '가스레인지', '전자레인지', '오븐']::text[], '전자레인지', '전자레인지 có nghĩa là ''lò vi sóng''. Đây là thiết bị nhà bếp tiện lợi, dùng để hâm nóng, rã đông hoặc nấu một số món ăn đơn giản.', 'a5658726-878e-41e9-8448-7924219e18cf', '2026-01-05T17:07:58.370Z', '2026-01-05T17:07:58.370Z'),
  ('69276b19-c48a-4e2e-9089-cffd95d78466', '흡입력을 이용해 바닥이나 카펫의 먼지를 빨아들이는 청소 도구는 무엇인가요?', 'Công cụ vệ sinh sử dụng lực hút để hút bụi bẩn trên sàn nhà hoặc thảm là gì?', ARRAY['걸레', '빗자루', '청소기', '세제']::text[], '청소기', '청소기 có nghĩa là ''máy hút bụi''. Thiết bị này giúp việc dọn dẹp nhà cửa trở nên hiệu quả và ít bụi hơn so với chổi quét thông thường.', '4c7fa30a-78ee-43e4-8cc0-bfbb1a44991a', '2026-01-05T17:07:58.370Z', '2026-01-05T17:07:58.370Z'),
  ('3e54aa83-1183-442b-a523-2ebbd7cfceb4', '쌀을 전기로 자동으로 지어주는 주방 기기는 무엇인가요?', 'Thiết bị nhà bếp dùng điện để nấu cơm tự động từ gạo là gì?', ARRAY['가스레인지', '전자레인지', '밥솥', '냄비']::text[], '밥솥', '밥솥 có nghĩa là ''nồi cơm điện''. Đây là thiết bị không thể thiếu trong căn bếp Hàn Quốc, giúp nấu cơm chín đều, ngon và giữ ấm lâu.', '1cf2caf2-50bd-493d-8457-d067735107e3', '2026-01-05T17:07:58.370Z', '2026-01-05T17:07:58.370Z'),
  ('cdd42d79-9982-429b-a4f6-27619146630c', '거실에서 여러 사람이 함께 앉을 수 있는 큰 의자를 뭐라고 하나요?', 'Chiếc ghế lớn trong phòng khách mà nhiều người có thể ngồi cùng nhau được gọi là gì?', ARRAY['의자', '소파', '책상', '식탁']::text[], '소파', '소파 là ''ghế sofa'', 한국 가정의 거실 필수 가구로, 2인용, 3인용, 코너형 등 다양한 디자인이 있습니다.', 'ad9eb5aa-bd16-4000-b214-236e911b0b10', '2026-01-05T17:07:58.370Z', '2026-01-05T17:07:58.370Z'),
  ('af708eed-968c-419d-8f43-07e3dcb9304b', '한국에서 가족이 함께 TV를 보거나 대화할 때 주로 사용하는 가구는?', 'Đồ nội thất chủ yếu được sử dụng khi gia đình Hàn Quốc cùng xem TV hoặc trò chuyện là gì?', ARRAY['책상', '소파', '식탁', '서랍장']::text[], '소파', '소파는 한국 가정의 중심 공간인 거실의 핵심 가구로, 가족 모임과 휴식의 장소 역할을 합니다. 최근에는 리클라이너 기능이 있는 소파도 인기가 많습니다.', 'ad9eb5aa-bd16-4000-b214-236e911b0b10', '2026-01-05T17:07:58.370Z', '2026-01-05T17:07:58.370Z'),
  ('c9cf70cb-7643-4e7f-9ace-09e15ea03528', '책을 꽂아 두기 위해 선반으로 이루어진 가구를 뭐라고 하나요?', 'Đồ nội thất gồm các ngăn để xếp sách được gọi là gì?', ARRAY['서랍장', '책장', '화장대', '식탁']::text[], '책장', '책장 là ''tủ sách'', 한국에서는 벽면 전체를 활용한 시스템 책장이 인기가 많으며, 책뿐만 아니라 소품을 전시하는 데도 사용됩니다.', 'e99a5df5-0d28-4206-a4fa-88a2c9adfb1b', '2026-01-05T17:07:58.370Z', '2026-01-05T17:07:58.370Z'),
  ('1a6b63ac-eba1-4bcc-b7dd-7a2ec6a6a1b5', '식사를 할 때 사용하는 가구로, 주방이나 식당에 놓는 테이블을 뭐라고 하나요?', 'Đồ nội thất là bàn được đặt ở nhà bếp hoặc phòng ăn để sử dụng khi ăn uống được gọi là gì?', ARRAY['책상', '식탁', '소파', '화장대']::text[], '식탁', '식탁 là ''bàn ăn'', 한국 가정에서는 원목, 유리, 대리석 등 다양한 소재의 식탁이 있으며, 확장형 식탁도 인기가 있습니다.', 'e584c45e-4f85-4dd9-949c-5e376ae60c5b', '2026-01-05T17:07:58.370Z', '2026-01-05T17:07:58.370Z'),
  ('6c842a2f-3bde-4cc1-a37f-f45473e6f257', '한국 가정에서 가족이 하루 중 가장 많이 모이는 공간의 중심 가구는?', 'Đồ nội thất trung tâm của không gian mà gia đình Hàn Quốc tập trung nhiều nhất trong ngày là gì?', ARRAY['소파', '식탁', '책장', '서랍장']::text[], '식탁', '식탁은 한국 가정에서 아침, 점심, 저녁 식사와 대화를 나누는 중요한 공간으로, 가족 유대감을 형성하는 데 핵심적인 역할을 합니다.', 'e584c45e-4f85-4dd9-949c-5e376ae60c5b', '2026-01-05T17:07:58.370Z', '2026-01-05T17:07:58.370Z'),
  ('a202515f-9af5-4e62-aba6-5c2b292e032f', '여러 개의 서랍으로 구성되어 물건을 정리하는 가구를 뭐라고 하나요?', 'Đồ nội thất gồm nhiều ngăn kéo để sắp xếp đồ đạc được gọi là gì?', ARRAY['책장', '서랍장', '화장대', '소파']::text[], '서랍장', '서랍장 là ''tủ ngăn kéo'', 한국에서는 속옷, 양말, 소품 등을 정리하는 데 사용하며, 침실이나 드레스룸에 주로 배치됩니다.', '41b8a761-cba3-428e-b2ac-997fde3344ba', '2026-01-05T17:07:58.370Z', '2026-01-05T17:07:58.370Z'),
  ('b532a798-2548-4dca-9468-04ec7f23c691', '화장품을 놓고 거울을 보며 화장을 하는 데 사용하는 가구는?', 'Đồ nội thất được sử dụng để đặt mỹ phẩm và trang điểm trong khi nhìn gương là gì?', ARRAY['식탁', '화장대', '책상', '소파']::text[], '화장대', '화장대 là ''bàn trang điểm'', 한국에서는 LED 거울이 장착된 모던한 디자인의 화장대가 인기가 많으며, 침실이나 화장실에 배치됩니다.', 'b61e44b6-c129-4b47-ace1-27f072524648', '2026-01-05T17:07:58.370Z', '2026-01-05T17:07:58.370Z'),
  ('09b92236-fad7-4927-a8db-bdf4abd9f1df', '한국 여성들이 스킨케어와 메이크업을 위해 필수적으로 가지고 있는 가구는?', 'Đồ nội thất mà phụ nữ Hàn Quốc bắt buộc phải có để chăm sóc da và trang điểm là gì?', ARRAY['식탁', '화장대', '책장', '서랍장']::text[], '화장대', '화장대는 한국의 뷰티 문화에서 중요한 가구로, 다양한 화장품과 스킨케어 제품을 정리하고 관리하는 공간입니다.', 'b61e44b6-c129-4b47-ace1-27f072524648', '2026-01-05T17:07:58.370Z', '2026-01-05T17:07:58.370Z'),
  ('eea384d7-fd21-4b7b-a553-68fd8fa18a4f', '어두운 공간을 밝히기 위해 사용하는 전기 기구나 설비를 통틀어 뭐라고 하나요?', 'Thiết bị hoặc hệ thống điện được sử dụng để làm sáng không gian tối được gọi chung là gì?', ARRAY['가전제품', '조명', '가구', '장식품']::text[], '조명', '조명 là ''đèn chiếu sáng'', 한국에서는 매립등, 스탠드, 펜던트 등 다양한 디자인의 조명이 있으며, 분위기에 따라 온도와 밝기를 조절할 수 있는 스마트 조명도 인기가 많습니다.', '7566f84a-20c4-4503-bd99-f32e72d0acdb', '2026-01-05T17:07:58.370Z', '2026-01-05T17:07:58.370Z'),
  ('0ee32af6-255d-4af0-8f2e-235a3f3bd294', '한국 인테리어에서 분위기를 결정하는 가장 중요한 요소 중 하나는?', 'Một trong những yếu tố quan trọng nhất quyết định không khí trong thiết kế nội thất Hàn Quốc là gì?', ARRAY['벽지', '조명', '커튼', '바닥재']::text[], '조명', '조명은 한국 인테리어 디자인의 핵심 요소로, 간접 조명, 태스크 라이트, 분위기 조명 등을 적절히 배치하여 공간의 분위기를 완성합니다.', '7566f84a-20c4-4503-bd99-f32e72d0acdb', '2026-01-05T17:07:58.370Z', '2026-01-05T17:07:58.370Z'),
  ('8020fee2-39b0-4c36-9349-0771f4bd2fb6', '집이나 방을 깨끗이 치우고 닦는 일을 뭐라고 하나요?', 'Việc dọn dẹp và lau chùi nhà cửa hay phòng ốc cho sạch sẽ gọi là gì?', ARRAY['요리하다', '청소하다', '쇼핑하다', '세탁하다']::text[], '청소하다', '청소하다 có nghĩa là ''dọn dẹp'' hoặc ''lau dọn''. Đây là việc nhà cơ bản bao gồm quét nhà (쓸다), lau nhà (닦다), hút bụi (청소기로 청소하다). ''대청소'' là tổng vệ sinh, dọn dẹp kỹ lưỡng toàn bộ ngôi nhà.', '0a7e8f8a-658f-4b42-b78a-42dbcecb89f0', '2026-01-05T17:07:58.370Z', '2026-01-05T17:07:58.370Z'),
  ('cac44d9c-5c0d-4cc5-97e8-5ce212a0e7fa', '더러운 옷을 세탁기로 씻는 것, 햇볕에 말리는 것, 그리고 개어서 정리하는 일련의 과정은?', 'Quá trình bao gồm việc giặt quần áo bẩn bằng máy giặt, phơi khô dưới nắng, và gấp lại ngăn nắp là gì?', ARRAY['요리 과정', '청소 과정', '빨래 과정', '장보기 과정']::text[], '빨래 과정', 'Đây là ba bước chính của việc giặt giũ: 1) **빨래를 하다**: ''Giặt đồ'' (bằng tay hoặc máy giặt). 2) **빨래를 널다**: ''Phơi đồ'' (trên dây phơi, móc áo). 3) **빨래를 개다**: ''Gấp đồ'', ''Xếp đồ'' cho gọn gàng sau khi khô. Cả quá trình này thường được gọi chung là ''빨래''.', 'de325bb3-e20b-444a-8e98-48b1bbdbfced', '2026-01-05T17:07:58.370Z', '2026-01-05T17:07:58.370Z'),
  ('6dbfa0f2-090f-4179-a356-3976019fe600', '식사 후에 더러워진 그릇과 식기를 씻는 일을 뭐라고 하나요?', 'Việc rửa bát đĩa và dụng cụ ăn uống bị bẩn sau bữa ăn được gọi là gì?', ARRAY['정리하다', '설거지를 하다', '요리하다', '닦다']::text[], '설거지를 하다', '설거지를 하다 có nghĩa là ''rửa bát đĩa''. ''설거지'' chỉ việc rửa các đồ dùng nhà bếp sau khi nấu nướng và ăn uống. Ngày nay, nhiều gia đình sử dụng ''식기 세척기'' (máy rửa bát) để công việc này trở nên dễ dàng hơn.', 'f2ed43bb-8043-4e27-a9ee-c7bacb81c650', '2026-01-05T17:07:58.370Z', '2026-01-05T17:07:58.370Z'),
  ('f2eb7ca3-40bd-4613-aea1-0182a41e41e7', '재료를 손질하고 불에 익혀 음식을 만드는 행위는?', 'Hành động sơ chế nguyên liệu và làm chín bằng lửa để tạo ra món ăn là gì?', ARRAY['먹다', '요리하다', '씻다', '썰다']::text[], '요리하다', '요리하다 có nghĩa là ''nấu ăn''. Đây là một việc nhà quan trọng, bao gồm nhiều bước như 썰다 (cắt, thái), 볶다 (xào), 끓이다 (ninh, luộc), 굽다 (nướng). ''집밥'' (cơm nhà) thường được coi trọng vì đảm bảo vệ sinh và dinh dưỡng.', '921e9a8c-2372-4ae6-bb87-671d7cb9673c', '2026-01-05T17:07:58.370Z', '2026-01-05T17:07:58.370Z'),
  ('a6e5435f-1aa2-4369-8fa0-2546fa42109c', '식재료나 생활용품을 사기 위해 시장이나 마트에 가는 것을 뭐라고 하나요?', 'Việc đi đến chợ hoặc siêu thị để mua nguyên liệu nấu ăn hoặc đồ dùng sinh hoạt được gọi là gì?', ARRAY['여행하다', '장을 보다', '산책하다', '퇴근하다']::text[], '장을 보다', '장을 보다 có nghĩa là ''đi chợ'', ''mua sắm thực phẩm''. Từ ''장'' ở đây có nghĩa là ''chợ''. Bạn có thể ''장을 보다'' ở ''전통 시장'' (chợ truyền thống), ''대형 마트'' (siêu thị lớn), hoặc ''슈퍼마켓'' (cửa hàng tạp hóa). Đây là bước chuẩn bị cần thiết trước khi ''요리하다''.', '7159dafc-2d7e-44a0-b9a2-7d950c40f7f0', '2026-01-05T17:07:58.370Z', '2026-01-05T17:07:58.370Z'),
  ('e82b7768-90be-444d-8e4f-303c1a713564', '재활용이 되지 않고, 음식물도 아닌 일반적인 폐기물은 무엇이라고 하나요?', 'Loại chất thải thông thường không thể tái chế và cũng không phải là rác thực phẩm được gọi là gì?', ARRAY['재활용품', '음식물 쓰레기', '일반 쓰레기', '종량제 봉투']::text[], '일반 쓰레기', '일반 쓰레기 có nghĩa là ''rác thông thường''. Đây là loại rác không thuộc nhóm tái chế (종이, 플라스틱, 유리 등) và cũng không phải là rác thực phẩm, ví dụ như băng vệ sinh, găng tay cao su, tro than, v.v.', 'b4bdf6f5-fd45-4b64-8530-6ff5f0046af5', '2026-01-05T17:07:58.370Z', '2026-01-05T17:07:58.370Z'),
  ('7cfa7b23-de28-43bf-be55-367c9775ae6a', '음식을 만들거나 먹고 남은 찌꺼기, 식재료의 껍질 등 식품과 관련된 폐기물은 무엇인가요?', 'Loại chất thải liên quan đến thực phẩm như cặn bã sau khi nấu ăn hoặc ăn uống, vỏ nguyên liệu,... là gì?', ARRAY['일반 쓰레기', '유해 폐기물', '음식물 쓰레기', '재활용품']::text[], '음식물 쓰레기', '음식물 쓰레기 có nghĩa là ''rác thực phẩm''. Đây là loại rác hữu cơ dễ phân hủy như cơm thừa, rau củ quả hư hỏng, vỏ trái cây, xương cá thịt nhỏ. Ở Hàn Quốc, loại rác này phải được phân loại riêng và bỏ vào túi chuyên dụng.', 'af51b2ee-24c7-4eba-9dd2-a6a89a924626', '2026-01-05T17:07:58.370Z', '2026-01-05T17:07:58.370Z'),
  ('4c56b679-21e1-48d2-944f-d21de27e96a1', '다시 가공하여 새로운 제품을 만드는 데 사용할 수 있는 폐기물은 무엇이라고 하나요?', 'Loại chất thải có thể được tái chế, xử lý để tạo ra sản phẩm mới được gọi là gì?', ARRAY['음식물 쓰레기', '재활용품', '일반 쓰레기', '대형 폐기물']::text[], '재활용품', '재활용품 có nghĩa là ''vật phẩm/đồ có thể tái chế''. Nhóm này bao gồm giấy (종이), nhựa (플라스틱), thủy tinh (유리), kim loại (캔) và ở một số nơi còn có nhựa PS (스티로폼). Chúng cần được làm sạch và phân loại đúng trước khi vứt.', 'bfc11796-d8b5-4ce5-9c93-455b12a0859e', '2026-01-05T17:07:58.370Z', '2026-01-05T17:07:58.370Z'),
  ('c68c70fb-0054-4688-96de-351b015dad28', '필요 없게 된 물건이나 쓰레기를 지정된 장소에 두는 행동을 뭐라고 하나요?', 'Hành động đặt những đồ vật không còn cần thiết hoặc rác thải vào đúng nơi quy định gọi là gì?', ARRAY['주우다', '버리다', '모으다', '사다']::text[], '버리다', '버리다 có nghĩa là ''vứt bỏ'', ''ném đi''. Đây là động từ chỉ hành động loại bỏ thứ gì đó không còn dùng được nữa. Trong ngữ cảnh phân loại rác, nó nhấn mạnh việc vứt bỏ đúng cách.', 'c81084a1-a462-42b0-980e-dbfddf8f8b46', '2026-01-05T17:07:58.370Z', '2026-01-05T17:07:58.370Z'),
  ('5ca83a09-6a85-4f32-b365-5454bb20951e', '쓰레기의 양에 따라 수수료를 내고 구매하는, 일반 쓰레기를 버릴 때 사용하는 지정 봉투는 무엇인가요?', 'Loại túi được chỉ định để đựng rác thông thường, được mua với chi phí tính theo khối lượng rác, là gì?', ARRAY['쇼핑백', '비닐봉투', '종량제 봉투', '재활용 봉투']::text[], '종량제 봉투', '종량제 봉투 có nghĩa là ''túi rác trả phí theo khối lượng''. Đây là chính sách môi trường của Hàn Quốc. Người dân phải mua các loại túi này (có dung tích khác nhau như 2L, 5L, 10L,...) để đựng rác thông thường. Chi phí mua túi chính là phí xử lý rác.', '69e5f7b6-49c4-4be5-82d2-cc617875fadc', '2026-01-05T17:07:58.370Z', '2026-01-05T17:07:58.370Z'),
  ('215c717d-380d-410a-8b2d-927d75b72f85', '배수관이나 하수구가 통하지 않고 물이 잘 내려가지 않는 상태를 뭐라고 하나요?', 'Tình trạng đường ống thoát nước hoặc cống không thông và nước không chảy xuống được gọi là gì?', ARRAY['새다', '막히다', '나가다', '고장나다']::text[], '막히다', '막히다 có nghĩa là ''bị tắc, bị nghẹt'', 한국에서는 머리카락, 음식물찌꺼기, 휴지 등으로 인해 변기나 싱크대가 자주 막힙니다. 이 경우 배관청소 서비스를 이용합니다.', '2242cf38-bdfe-466a-be38-efaa8c1efd5e', '2026-01-05T17:07:58.370Z', '2026-01-05T17:07:58.370Z'),
  ('0473a346-70a7-48ea-a3c4-4cd74d88f4c5', '한국에서 가장 흔한 가정의 수리 문제 중 하나는 무엇인가요?', 'Một trong những vấn đề sửa chữa phổ biến nhất trong gia đình Hàn Quốc là gì?', ARRAY['벽 균열', '변기 막힘', '도어락 고장', '창문 파손']::text[], '변기 막힘', '변기 막힘은 한국 아파트 생활에서 가장 빈번하게 발생하는 문제로, 특히 전세나 월세 주택에서는 관리비용을 누가 부담할지 논의가 필요합니다.', '2242cf38-bdfe-466a-be38-efaa8c1efd5e', '2026-01-05T17:07:58.370Z', '2026-01-05T17:07:58.370Z'),
  ('a01b53a6-e823-4619-a9f6-04ccb3e83496', '배관이나 지붕에서 물이 새어나오는 현상을 뭐라고 하나요?', 'Hiện tượng nước rò rỉ từ đường ống hoặc mái nhà được gọi là gì?', ARRAY['막히다', '새다', '나가다', '고장나다']::text[], '새다', '물이 새다 là ''rò rỉ nước'', 한국에서는 특히 옥상, 배관 이음새, 창문 주변에서 발생하며, 이웃과의 관계에 문제가 될 수 있어 신속한 수리가 필요합니다.', 'def0c242-8b0b-4188-b71c-b85fc846c3f1', '2026-01-05T17:07:58.370Z', '2026-01-05T17:07:58.370Z'),
  ('da6a4c6e-9f6c-48b5-b92d-9799ef39e7ae', '전구가 더 이상 빛을 내지 못하게 되는 현상을 뭐라고 하나요?', 'Hiện tượng bóng đèn không còn phát sáng được nữa gọi là gì?', ARRAY['막히다', '새다', '나가다', '고장나다']::text[], '나가다', '전구가 나가다 là ''bóng đèn bị cháy'', 한국에서는 LED 전구로 교체하는 것이 일반적이며, 직접 교체할 수 있는 간단한 수리 작업입니다.', 'cd2cd201-3bf2-4766-9620-9a812674cc37', '2026-01-05T17:07:58.370Z', '2026-01-05T17:07:58.370Z'),
  ('5303aeaa-f240-4988-84b4-dccde8231f3f', '한국 가정에서 가장 쉽게 직접 해결할 수 있는 수리 문제는?', 'Vấn đề sửa chữa dễ tự giải quyết nhất trong gia đình Hàn Quốc là gì?', ARRAY['전구 교체', '배관 수리', '전기 배선', '지붕 보수']::text[], '전구 교체', '전구 교체는 한국에서 ''셀프 인테리어'' 문화의 일부로, 많은 사람들이 유튜브 등을 참고하여 직접 해결합니다.', 'cd2cd201-3bf2-4766-9620-9a812674cc37', '2026-01-05T17:07:58.370Z', '2026-01-05T17:07:58.370Z'),
  ('899a9eea-7084-483f-90c3-73b6b65c904e', '고장난 가전제품이나 시설을 전문적으로 수리하는 기술자를 뭐라고 하나요?', 'Kỹ thuật viên chuyên sửa chữa thiết bị gia dụng hoặc cơ sở vật chất bị hỏng được gọi là gì?', ARRAY['건축가', '수리 기사', '디자이너', '감독관']::text[], '수리 기사', '수리 기사 là ''thợ sửa chữa'', 한국에는 에어컨 수리 기사, 냉장고 수리 기사, 배관 공 등 다양한 전문 분야의 수리 기사가 있습니다.', '9ad19e72-b5c7-44f7-98ce-55d8dd5da36f', '2026-01-05T17:07:58.370Z', '2026-01-05T17:07:58.370Z'),
  ('89a61980-8a86-467c-a39d-1089373311a9', '한국에서 가전제품이 고장났을 때 일반적으로 이용하는 서비스는?', 'Dịch vụ thường sử dụng khi thiết bị gia dụng hỏng ở Hàn Quốc là gì?', ARRAY['직접 수리', '수리 기사 방문', '바로 폐기', '이웃 도움']::text[], '수리 기사 방문', '한국에는 A/S (애프터 서비스) 문화가 발달해 있어, 대부분의 가전제품은 제조사 수리 기사나 전문 수리 업체를 통해 수리됩니다.', '9ad19e72-b5c7-44f7-98ce-55d8dd5da36f', '2026-01-05T17:07:58.370Z', '2026-01-05T17:07:58.370Z'),
  ('b01835cf-f4d7-4cf9-af61-d21f4f5291cb', '고장난 물건이나 시설을 원래 상태로 되돌리는 작업을 뭐라고 하나요?', 'Công việc khôi phục đồ vật hoặc cơ sở vật chất bị hỏng về trạng thái ban đầu được gọi là gì?', ARRAY['파괴하다', '고치다', '버리다', '새로 사다']::text[], '고치다', '고치다 có nghĩa là ''sửa chữa'', 한국에서는 ''고쳐 쓰다'' 문화가 있어 고장 난 물건을 수리하여 오래 사용하는 것을 미덕으로 여깁니다.', '4fe7ce27-06d4-493e-b875-8b6d94f266e0', '2026-01-05T17:07:58.370Z', '2026-01-05T17:07:58.370Z'),
  ('b08048e8-e057-4cde-a505-611b1c49c599', '한국 속담 ''가는 날이 장날''과 관련이 있는 상황은?', 'Tình huống liên quan đến tục ngữ Hàn Quốc ''Ngày đi lại là ngày chợ'' là gì?', ARRAY['물건 구매', '고장 수리', '여행 계획', '모임 준비']::text[], '고장 수리', '이 속담은 필요할 때 우연히 해결책이 나타나는 상황을 말하며, 집수리 문제가 생겼을 때 마침 관련 기술자가 지나가는 경우 등에 사용됩니다.', '4fe7ce27-06d4-493e-b875-8b6d94f266e0', '2026-01-05T17:07:58.370Z', '2026-01-05T17:07:58.370Z'),
  ('9b73b8e4-d7fd-4a80-bc7d-cfbf76095c8c', '가까이 살고 있는 다른 집 사람들을 뭐라고 하나요?', 'Những người sống trong các căn nhà lân cận được gọi là gì?', ARRAY['친척', '친구', '이웃', '동료']::text[], '이웃', '이웃 có nghĩa là ''hàng xóm'' hoặc ''láng giềng''. Mối quan hệ tốt với 이웃 (좋은 이웃 관계) rất quan trọng, đặc biệt trong các khu chung cư đông đúc ở Hàn Quốc, vì nó ảnh hưởng trực tiếp đến chất lượng cuộc sống hàng ngày.', 'ad29ae3f-41b7-4c2d-af6b-4658b0fe8606', '2026-01-05T17:07:58.370Z', '2026-01-05T17:07:58.370Z'),
  ('540d1027-142a-4211-ab64-8b2acb2e6344', '아파트나 다세대 주택에서 위아래 층 사이에서 발생하는 소음을 뭐라고 하나요?', 'Tiếng ồn phát sinh giữa các tầng trên và dưới trong căn hộ chung cư hoặc nhà nhiều hộ được gọi là gì?', ARRAY['교통 소음', '공사장 소음', '층간 소음', '자연 소음']::text[], '층간 소음', '층간 소음 có nghĩa là ''tiếng ồn giữa các tầng'' (Floor noise/Noise between floors). Đây là một vấn đề xã hội nghiêm trọng (사회 문제) ở Hàn Quốc, thường do trẻ em chạy nhảy, tiếng bước chân, tiếng kéo ghế hoặc tiếng tivi lớn từ các căn hộ trên gây ra, dẫn đến nhiều mâu thuẫn (갈등) giữa các 이웃.', '3e002c51-9d2e-4d22-8757-1e50dfed7210', '2026-01-05T17:07:58.370Z', '2026-01-05T17:07:58.370Z'),
  ('55013f72-f48c-45b5-b6ec-4ec9d05d70d9', '우연히 길에서 아는 사람을 만나 눈이 마주치는 것을 뭐라고 하나요?', 'Việc tình cờ gặp và ánh mắt chạm nhau với một người quen trên đường được gọi là gì?', ARRAY['기다리다', '마주치다', '찾아가다', '떠나다']::text[], '마주치다', '마주치다 có nghĩa là ''chạm mặt'', ''tình cờ gặp'' hoặc ''đối diện''. Trong cuộc sống chung cư, việc 마주치다 với 이웃 ở hành lang, thang máy, bãi đỗ xe là chuyện thường xuyên. Đây là cơ hội để duy trì mối quan hệ thân thiện thông qua một lời chào (인사) đơn giản.', '851f0a88-1ae5-47f1-9015-e4da05211a1e', '2026-01-05T17:07:58.370Z', '2026-01-05T17:07:58.370Z'),
  ('07647f43-5b2f-4a69-a5c9-9b17dd9cb383', '다른 사람을 만났을 때 예의상 머리를 숙이거나 말로 하는 것은?', 'Việc cúi đầu hoặc dùng lời nói như một phép lịch sự khi gặp người khác là gì?', ARRAY['다투다', '인사하다', '무시하다', '도망가다']::text[], '인사하다', '인사하다 có nghĩa là ''chào hỏi''. Một câu chào đơn giản như ''안녕하세요'' khi 마주치다 với 이웃 là cách cơ bản để thể hiện sự tôn trọng và duy trì mối quan hệ hòa bình. ''먼저 인사하다'' (chào hỏi trước) được coi là một phép lịch sự tốt.', '06a53502-d978-4f0e-be18-3e8afe69c58b', '2026-01-05T17:07:58.370Z', '2026-01-05T17:07:58.370Z'),
  ('a3c7f9d6-5a34-4d58-b88a-85689bc68dfe', '다른 사람이 어렵거나 힘들게 느끼도록 하는 행동을 뭐라고 하나요?', 'Hành động khiến người khác cảm thấy khó khăn hoặc phiền toái được gọi là gì?', ARRAY['도움을 주다', '불편을 주다', '기쁨을 주다', '위로를 주다']::text[], '불편을 주다', '불편을 주다 có nghĩa là ''gây bất tiện'', ''gây phiền phức''. Trong bối cảnh quan hệ hàng xóm, các hành động như tạo ra 층간 소음, để rác không đúng nơi quy định, hoặc chiếm dụng không gian chung đều có thể ''이웃에게 불편을 주다''. Việc ý thức và tránh gây phiền hà là nền tảng của ''좋은 이웃 생활'' (cuộc sống hàng xóm tốt đẹp).', 'bad98862-d28c-4d53-b66c-35dfd50b48f4', '2026-01-05T17:07:58.370Z', '2026-01-05T17:07:58.370Z'),
  ('191dd68f-deea-4353-ade9-832bfd78f8f6', '한 집에서 다른 집으로 거처를 옮기는 것을 뭐라고 하나요?', 'Việc chuyển chỗ ở từ nhà này sang nhà khác được gọi là gì?', ARRAY['여행하다', '출장하다', '이사하다', '입주하다']::text[], '이사하다', '이사하다 có nghĩa là ''chuyển nhà'', ''dọn nhà''. Đây là động từ chỉ toàn bộ quá trình rời khỏi nơi ở cũ và chuyển đến sinh sống ở nơi ở mới.', '34c2fadc-ba80-471d-91a9-8ad503a88656', '2026-01-05T17:07:58.370Z', '2026-01-05T17:07:58.370Z'),
  ('41d345b6-d1a7-48c4-9475-214b5c40f75a', '이사할 때 옮기는 가구나 짐들을 통틀어 뭐라고 하나요?', 'Những đồ đạc, hành lý được chuyển đi khi dọn nhà được gọi chung là gì?', ARRAY['여행가방', '신발장', '이삿짐', '수하물']::text[], '이삿짐', '이삿짐 có nghĩa là ''đồ đạc chuyển nhà''. Từ này ghép bởi ''이사'' (chuyển nhà) và ''짐'' (hành lý, đồ đạc), chỉ tất cả tài sản cá nhân cần được đóng gói và vận chuyển.', '4348589b-1320-4b4c-a45f-57d4a435f5a1', '2026-01-05T17:07:58.370Z', '2026-01-05T17:07:58.370Z'),
  ('75a2e51b-b453-4a6b-bef2-b73974dbacd4', '이사할 때 짐을 포장하고 수송해 주는 전문 회사를 뭐라고 하나요?', 'Công ty chuyên nghiệp cung cấp dịch vụ đóng gói và vận chuyển đồ đạc khi chuyển nhà được gọi là gì?', ARRAY['택배회사', '이삿짐센터', '관광안내소', '공항']::text[], '이삿짐센터', '이삿짐센터 có nghĩa là ''trung tâm/công ty dịch vụ chuyển nhà''. Đây là các công ty chuyên cung cấp dịch vụ trọn gói từ đóng gói, vận chuyển đến bốc xếp đồ đạc, giúp quá trình chuyển nhà trở nên dễ dàng hơn.', '60619ef9-f054-4c42-9406-84d9c3369bbc', '2026-01-05T17:07:58.370Z', '2026-01-05T17:07:58.370Z'),
  ('429691da-d4c5-437d-bd79-b3bc6dade444', '이사하기 전에 짐을 상자에 넣는 행동(싸다)과 이사한 후에 짐을 상자에서 꺼내는 행동(풀다)을 합쳐서 뭐라고 하나요?', 'Hai hành động bỏ đồ vào thùng khi chuẩn bị chuyển nhà (싸다) và lấy đồ ra khỏi thùng sau khi chuyển đến nhà mới (풀다) được gọi chung là gì?', ARRAY['짐을 옮기다', '짐을 찾다', '짐을 싸다/풀다', '짐을 버리다']::text[], '짐을 싸다/풀다', '짐을 싸다 có nghĩa là ''đóng gói đồ đạc''. 짐을 풀다 có nghĩa là ''dỡ đồ đạc'', ''mở đồ đạc ra''. Đây là hai công đoạn quan trọng và tốn nhiều công sức nhất trong quá trình chuyển nhà.', '09fcba3d-18ea-4fa3-a40b-634e2da971ce', '2026-01-05T17:07:58.370Z', '2026-01-05T17:07:58.370Z'),
  ('b2df02df-8d5e-4d52-a987-d87444e866a0', '흩어져 있거나 어수선한 물건들을 가지런히 놓고 정돈하는 것을 뭐라고 하나요?', 'Việc sắp xếp ngăn nắp những đồ vật bừa bộn hoặc nằm lung tung gọi là gì?', ARRAY['파괴하다', '어지르다', '정리하다', '찢다']::text[], '정리하다', '정리하다 có nghĩa là ''sắp xếp'', ''dọn dẹp'', ''tổ chức lại''. Sau khi dỡ đồ ở nhà mới, đây là bước cuối cùng để mọi thứ trở về trật tự và sẵn sàng cho cuộc sống mới.', 'e9baf111-cc98-4db4-8396-2a31bbf4d56d', '2026-01-05T17:07:58.370Z', '2026-01-05T17:07:58.370Z'),
  ('478352a3-2b1c-4b7b-89dc-a7b871cede88', '매달 집에서 내는 전기, 가스, 수도 요금을 모두 합쳐서 뭐라고 하나요?', 'Các khoản tiền điện, ga, nước phải trả hàng tháng cho nhà ở gọi chung là gì?', ARRAY['생활비', '공과금', '급여', '세금']::text[], '공과금', '공과금 là thuật ngữ chung chỉ các loại phí sinh hoạt công cộng phải trả định kỳ như tiền điện, nước, ga.', 'e8bbdc21-59bf-476f-a986-fd128ee53769', '2026-01-05T17:07:58.370Z', '2026-01-05T17:07:58.370Z'),
  ('82f4f308-e19c-4a90-abc3-75b798b785a3', '"______을/를 내다"라는 표현은 무엇을 의미하나요?', 'Cụm từ "______을/를 내다" có nghĩa là gì?', ARRAY['물건을 사다', '요금을 지불하다', '음식을 주문하다', '친구를 만나다']::text[], '요금을 지불하다', '"요금을 내다" có nghĩa là trả tiền phí, thanh toán hóa đơn cho các dịch vụ sinh hoạt.', 'e8bbdc21-59bf-476f-a986-fd128ee53769', '2026-01-05T17:07:58.370Z', '2026-01-05T17:07:58.370Z'),
  ('0652afb2-91b6-4b1a-95d4-d9c5579eeee2', '에어컨, 냉장고, 텔레비전을 사용하면 무엇이 증가하나요?', 'Khi sử dụng điều hòa, tủ lạnh, TV thì cái gì sẽ tăng lên?', ARRAY['수도 요금', '가스 요금', '전기 요금', '통신비']::text[], '전기 요금', 'Các thiết bị điện như điều hòa, tủ lạnh, TV khi sử dụng sẽ làm tăng lượng điện tiêu thụ, dẫn đến tiền điện (전기 요금) cao hơn.', '44769c11-8123-4f7f-91de-801b410fd5ae', '2026-01-05T17:07:58.370Z', '2026-01-05T17:07:58.370Z'),
  ('6ed6148b-a012-46f7-978f-b500a2624613', '한국에서 전기를 공급하는 대표적인 회사는?', 'Ở Hàn Quốc, công ty cung cấp điện tiêu biểu là?', ARRAY['한국가스공사', '한국수자원공사', '한국전력공사', 'SK텔레콤']::text[], '한국전력공사', '한국전력공사 (KEPCO) là công ty điện lực quốc gia chính cung cấp điện cho toàn Hàn Quốc.', '44769c11-8123-4f7f-91de-801b410fd5ae', '2026-01-05T17:07:58.370Z', '2026-01-05T17:07:58.370Z'),
  ('9131a059-ea63-4b08-8ab3-f63c54ddb525', '보일러를 이용해 집을 따뜻하게 하면 무엇이 증가하나요?', 'Khi sử dụng lò sưởi để làm ấm nhà, cái gì sẽ tăng lên?', ARRAY['전기 요금', '수도 요금', '가스 요금', '통신비']::text[], '가스 요금', 'Nhiều hệ thống sưởi ấm ở Hàn Quốc sử dụng gas (보일러) để hoạt động, vì vậy vào mùa đông, tiền gas (가스 요금) thường tăng cao.', 'ec7b0e29-ba5e-4647-9a85-227633ededac', '2026-01-05T17:07:58.370Z', '2026-01-05T17:07:58.370Z'),
  ('6e487440-d693-4bdd-9330-812ba3be5ac6', '요리를 할 때 사용하는 도시가스 비용은 어떤 요금에 포함되나요?', 'Chi phí gas thành phố sử dụng khi nấu ăn được tính vào loại phí nào?', ARRAY['전기 요금', '가스 요금', '수도 요금', '관리비']::text[], '가스 요금', 'Gas sử dụng cho bếp (요리) cũng được tính vào hóa đơn gas (가스 요금) hàng tháng.', 'ec7b0e29-ba5e-4647-9a85-227633ededac', '2026-01-05T17:07:58.370Z', '2026-01-05T17:07:58.370Z'),
  ('a27da22b-6426-4448-9f3d-44a76b73c954', '샤워를 자주 하거나 빨래를 많이 하면 무엇이 증가하나요?', 'Khi tắm thường xuyên hoặc giặt nhiều quần áo, cái gì sẽ tăng lên?', ARRAY['전기 요금', '가스 요금', '수도 요금', '통신비']::text[], '수도 요금', 'Các hoạt động sử dụng nhiều nước như tắm, giặt đồ sẽ làm tăng lượng nước tiêu thụ, dẫn đến tiền nước (수도 요금) cao hơn.', 'a6db7ece-7be0-4c7e-9840-ab46891a0f65', '2026-01-05T17:07:58.370Z', '2026-01-05T17:07:58.370Z'),
  ('f38645a0-fb4d-4377-a959-44cb7e4d24b6', '"요금이 나오다"라는 표현은 무슨 뜻인가요?', 'Cụm từ "요금이 나오다" có nghĩa là gì?', ARRAY['요금을 지불하다', '요금이 계산되다/결정되다', '요금이 싸다', '요금을 확인하다']::text[], '요금이 계산되다/결정되다', '"요금이 나오다" là cách nói thông dụng có nghĩa là hóa đơn/số tiền phải trả đã được tính toán và thông báo.', 'a6db7ece-7be0-4c7e-9840-ab46891a0f65', '2026-01-05T17:07:58.370Z', '2026-01-05T17:07:58.370Z'),
  ('57c7f0c2-f9b6-4f1f-9436-cf95a7ca583e', '스마트폰으로 전화하고 데이터를 쓰면 내야 하는 비용은?', 'Chi phí phải trả khi gọi điện và sử dụng dữ liệu trên điện thoại thông minh là gì?', ARRAY['수도 요금', '통신비', '가스 요금', '전기 요금']::text[], '통신비', '통신비 bao gồm chi phí cho dịch vụ di động (핸드폰 요금), internet cố định, truyền hình cáp, v.v.', 'ace35148-7cb9-4b69-b237-94aab9086ebb', '2026-01-05T17:07:58.370Z', '2026-01-05T17:07:58.370Z'),
  ('5b7c4a05-6313-444c-b2b9-f6becdefa71b', '통신비를 납부할 수 있는 대표적인 통신사는?', 'Các công ty viễn thông tiêu biểu có thể thanh toán phí viễn thông là?', ARRAY['한국전력', '한국가스공사', 'SKT, KT, LG U+', '아파트 관리사무소']::text[], 'SKT, KT, LG U+', 'SK텔레콤(SKT), KT, LG U+ là ba nhà mạng di động và viễn thông chính tại Hàn Quốc, nơi người dùng thanh toán 통신비.', 'ace35148-7cb9-4b69-b237-94aab9086ebb', '2026-01-05T17:07:58.370Z', '2026-01-05T17:07:58.370Z'),
  ('c21dee14-c2a8-40bf-b567-451a60615a46', '공과금 고지서를 받고 은행이나 편의점에서 하는 행동은?', 'Hành động thực hiện tại ngân hàng hoặc cửa hàng tiện lợi sau khi nhận được hóa đơn tiện ích là gì?', ARRAY['요금을 내다', '요금을 받다', '요금을 모으다', '요금을 계산하다']::text[], '요금을 내다', '"요금을 내다" có nghĩa là thực hiện thanh toán, trả tiền cho các hóa đơn dịch vụ.', '691cafb6-873d-4aba-a4b2-21cb90c8230f', '2026-01-05T17:07:58.370Z', '2026-01-05T17:07:58.370Z'),
  ('385684cc-37cd-45a4-b6b5-a2e0235c87d6', '요금을 내는 방법으로 적절하지 않은 것은?', 'Phương thức nào sau đây KHÔNG phù hợp để thanh toán hóa đơn?', ARRAY['은행 이체', '신용카드 결제', '편의점에서 현금 납부', '남에게 돈을 빌리기']::text[], '남에게 돈을 빌리기', '은행 이체, 신용카드 결제, 편의점 현금 납부 là những cách phổ biến để "요금을 내다". "빌리다" (mượn) không phải là phương thức thanh toán trực tiếp.', '691cafb6-873d-4aba-a4b2-21cb90c8230f', '2026-01-05T17:07:58.370Z', '2026-01-05T17:07:58.370Z');

COMMIT;