BEGIN;

-- LearningGroup: Nhà cửa & Học tập
INSERT INTO "LearningGroup" (id, name, icon, "order", "topikLevel", "createdAt", "updatedAt") VALUES ('63917eb6-bbd2-4fda-96ba-da9a66829456', 'Nhà cửa & Học tập', '🏠', 6, 1, '2026-01-11T09:51:05.036Z', '2026-01-11T09:51:05.036Z');

-- Categories (2 categories)
INSERT INTO "Category" (id, name, description, icon, "order", "topikLevel", "groupId", "createdAt", "updatedAt") VALUES ('83e44f2b-0ec6-46d7-bd8d-b50f2606dfe8', 'Đồ vật trong phòng (방 안의 물건)', 'Từ vựng về các đồ vật và nội thất cơ bản trong phòng', '🛋️', 1, 1, '63917eb6-bbd2-4fda-96ba-da9a66829456', '2026-01-11T09:51:05.036Z', '2026-01-11T09:51:05.036Z'),
  ('cf96d314-4237-4919-a1e1-5bbd8c934ffb', 'Đồ dùng học tập', 'Từ vựng về các dụng cụ học tập cần thiết', '📚', 2, 1, '63917eb6-bbd2-4fda-96ba-da9a66829456', '2026-01-11T09:51:05.036Z', '2026-01-11T09:51:05.036Z');

-- Vocabulary Words
INSERT INTO "Vocabulary" (id, korean, hanja, vietnamese, pronunciation, example, "exampleTranslation", "categoryId", "createdAt", "updatedAt") VALUES ('b52c3696-2cd2-4e18-aa3f-807a1a8e19ca', '방', '房', 'Phòng', 'bang', '제 방은 아주 깨끗해요.', 'Phòng của tôi rất sạch sẽ.', '83e44f2b-0ec6-46d7-bd8d-b50f2606dfe8', '2026-01-11T09:51:05.036Z', '2026-01-11T09:51:05.036Z'),
  ('c1848a5a-1ee4-429c-93f5-531755accd1c', '침대', '寢臺', 'Giường', 'chimdae', '침대에서 잠을 자요.', 'Tôi ngủ trên giường.', '83e44f2b-0ec6-46d7-bd8d-b50f2606dfe8', '2026-01-11T09:51:05.036Z', '2026-01-11T09:51:05.036Z'),
  ('6a502981-c4b9-4c74-a65e-484d3fed72e6', '책상', '冊床', 'Bàn học/Bàn làm việc', 'chaeksang', '책상 위에서 공부해요.', 'Tôi học bài trên bàn.', '83e44f2b-0ec6-46d7-bd8d-b50f2606dfe8', '2026-01-11T09:51:05.036Z', '2026-01-11T09:51:05.036Z'),
  ('ee4c3f2b-27fc-40a1-a836-3521581b3ed7', '의자', '椅子', 'Ghế', 'uija', '이 의자에 앉으세요.', 'Mời bạn ngồi vào ghế này.', '83e44f2b-0ec6-46d7-bd8d-b50f2606dfe8', '2026-01-11T09:51:05.036Z', '2026-01-11T09:51:05.036Z'),
  ('12aa830b-b863-4bf4-ab51-2ccf3b5eb0d6', '옷장', '衣欌', 'Tủ quần áo', 'otjang', '옷을 옷장에 넣으세요.', 'Hãy cất quần áo vào tủ.', '83e44f2b-0ec6-46d7-bd8d-b50f2606dfe8', '2026-01-11T09:51:05.036Z', '2026-01-11T09:51:05.036Z'),
  ('e4ee7e4f-1fb1-4623-8165-585d11a5a6c8', '창문', '窓門', 'Cửa sổ', 'changmun', '창문을 열어 주세요.', 'Xin hãy mở cửa sổ.', '83e44f2b-0ec6-46d7-bd8d-b50f2606dfe8', '2026-01-11T09:51:05.036Z', '2026-01-11T09:51:05.036Z'),
  ('61aef7a1-3c0d-48a6-aaf3-5dbbe0f54254', '문', '門', 'Cửa ra vào', 'mun', '문을 닫아 주세요.', 'Xin hãy đóng cửa lại.', '83e44f2b-0ec6-46d7-bd8d-b50f2606dfe8', '2026-01-11T09:51:05.036Z', '2026-01-11T09:51:05.036Z'),
  ('65ce411d-34db-4841-8bef-10bc2cfaff4e', '컴퓨터', NULL, 'Máy tính', 'keompyuteo', '저는 컴퓨터로 게임을 해요.', 'Tôi chơi game bằng máy tính.', '83e44f2b-0ec6-46d7-bd8d-b50f2606dfe8', '2026-01-11T09:51:05.036Z', '2026-01-11T09:51:05.036Z'),
  ('8ab4b60c-f688-47c5-af4d-0b3a9e5ba38e', '시계', '時計', 'Đồng hồ', 'sigye', '벽에 시계가 걸려 있어요.', 'Có một cái đồng hồ treo trên tường.', '83e44f2b-0ec6-46d7-bd8d-b50f2606dfe8', '2026-01-11T09:51:05.036Z', '2026-01-11T09:51:05.036Z'),
  ('a77b7307-2e31-4a24-8cd5-ee66c91090ab', '책', '冊', 'Sách', 'chaek', '이 책은 아주 재미있어요.', 'Quyển sách này rất thú vị.', 'cf96d314-4237-4919-a1e1-5bbd8c934ffb', '2026-01-11T09:51:05.036Z', '2026-01-11T09:51:05.036Z'),
  ('f1542e61-88ff-4494-923e-5c02e7684459', '공책', '空冊', 'Vở', 'gongchaek', '공책에 이름을 쓰세요.', 'Hãy viết tên vào vở.', 'cf96d314-4237-4919-a1e1-5bbd8c934ffb', '2026-01-11T09:51:05.036Z', '2026-01-11T09:51:05.036Z'),
  ('e5988f87-c3f5-48a2-84cf-2aac7b83a6da', '연필', '鉛筆', 'Bút chì', 'yeonpil', '연필로 그림을 그려요.', 'Tôi vẽ tranh bằng bút chì.', 'cf96d314-4237-4919-a1e1-5bbd8c934ffb', '2026-01-11T09:51:05.036Z', '2026-01-11T09:51:05.036Z'),
  ('5aef224f-bb5d-4daa-8814-54226cd544bb', '볼펜', NULL, 'Bút bi', 'bolpen', '저는 파란색 볼펜을 써요.', 'Tôi dùng bút bi màu xanh.', 'cf96d314-4237-4919-a1e1-5bbd8c934ffb', '2026-01-11T09:51:05.036Z', '2026-01-11T09:51:05.036Z'),
  ('e79edaf6-41f7-4f67-9592-4a194e02fd3b', '지우개', NULL, 'Cục tẩy', 'jiugae', '지우개 좀 빌려주세요.', 'Cho tôi mượn cục tẩy một chút.', 'cf96d314-4237-4919-a1e1-5bbd8c934ffb', '2026-01-11T09:51:05.036Z', '2026-01-11T09:51:05.036Z'),
  ('9274cc2c-de06-4528-b143-048d4b59f04b', '자', '尺', 'Thước kẻ', 'ja', '자로 선을 그어요.', 'Tôi kẻ đường bằng thước.', 'cf96d314-4237-4919-a1e1-5bbd8c934ffb', '2026-01-11T09:51:05.036Z', '2026-01-11T09:51:05.036Z'),
  ('52e4a5c0-b422-4619-8a18-7bc02c0005ec', '필통', '筆筒', 'Hộp bút', 'piltong', '필통 안에 펜이 많아요.', 'Có nhiều bút trong hộp bút.', 'cf96d314-4237-4919-a1e1-5bbd8c934ffb', '2026-01-11T09:51:05.036Z', '2026-01-11T09:51:05.036Z'),
  ('2659e780-9e57-4f78-8b44-21baed996ce5', '가방', NULL, 'Cặp, túi xách', 'gabang', '가방이 너무 무거워요.', 'Cặp sách nặng quá.', 'cf96d314-4237-4919-a1e1-5bbd8c934ffb', '2026-01-11T09:51:05.036Z', '2026-01-11T09:51:05.036Z'),
  ('fe5765f6-95de-4949-b522-f4468c7f9a39', '사전', '辭典', 'Từ điển', 'sajeon', '모르는 단어는 사전에서 찾아요.', 'Tôi tra từ không biết trong từ điển.', 'cf96d314-4237-4919-a1e1-5bbd8c934ffb', '2026-01-11T09:51:05.036Z', '2026-01-11T09:51:05.036Z');

-- Quiz Questions
INSERT INTO "QuizQuestion" (id, question, "questionTranslation", options, "correctAnswer", explanation, "VocabularyId", "createdAt", "updatedAt") VALUES ('c2dd5e28-a7ae-4bc4-96ad-6d8b34ee2073', '저는 ______에서 쉬어요.', 'Tôi nghỉ ngơi trong ______.', ARRAY['거실', '방', '주방', '화장실']::text[], '방', '방 là danh từ chỉ ''phòng'', thường là phòng ngủ hoặc không gian riêng tư.', 'b52c3696-2cd2-4e18-aa3f-807a1a8e19ca', '2026-01-11T09:51:05.036Z', '2026-01-11T09:51:05.036Z'),
  ('f89cc646-0372-4808-ae36-3d5458a8da62', '______이 좁지만 아늑해요.', '______ tuy hẹp nhưng ấm cúng.', ARRAY['집', '방', '마을', '도시']::text[], '방', '방 có thể được mô tả về kích thước (좁다 - hẹp) và cảm giác (아늑하다 - ấm cúng).', 'b52c3696-2cd2-4e18-aa3f-807a1a8e19ca', '2026-01-11T09:51:05.036Z', '2026-01-11T09:51:05.036Z'),
  ('4848b2cc-903c-4ff1-a215-0452ff42a076', '피곤해서 ______에 누웠어요.', 'Vì mệt nên tôi đã nằm trên ______.', ARRAY['의자', '침대', '바닥', '소파']::text[], '침대', '침대 là nơi chính để ngủ và nằm nghỉ.', 'c1848a5a-1ee4-429c-93f5-531755accd1c', '2026-01-11T09:51:05.036Z', '2026-01-11T09:51:05.036Z'),
  ('6e572fa7-b268-41fa-8a70-80becfaa87b0', '새 ______를 샀어요.', 'Tôi đã mua một cái ______ mới.', ARRAY['침대', '창문', '문', '시계']::text[], '침대', '침대 là một đồ nội thất lớn có thể mua mới để thay thế.', 'c1848a5a-1ee4-429c-93f5-531755accd1c', '2026-01-11T09:51:05.036Z', '2026-01-11T09:51:05.036Z'),
  ('bf0c4a75-e4e5-422e-a8a8-ea42a2a9fc68', '______에 책과 노트북이 있어요.', 'Có sách và máy tính xách tay trên ______.', ARRAY['문', '창문', '책상', '옷장']::text[], '책상', '책상 là nơi để đặt các đồ vật để học tập và làm việc như sách, laptop.', '6a502981-c4b9-4c74-a65e-484d3fed72e6', '2026-01-11T09:51:05.036Z', '2026-01-11T09:51:05.036Z'),
  ('7cbf6aa5-f146-4251-a240-a9eb61bca1eb', '______ 위를 정리하세요.', 'Hãy dọn dẹp ______ đi.', ARRAY['침대', '책상', '의자', '시계']::text[], '책상', '책상 thường là nơi cần được sắp xếp gọn gàng.', '6a502981-c4b9-4c74-a65e-484d3fed72e6', '2026-01-11T09:51:05.036Z', '2026-01-11T09:51:05.036Z'),
  ('dce019f6-9986-4de2-aecb-197ac7ecc8a5', '______가 불편해요.', 'Cái ______ không thoải mái.', ARRAY['문', '의자', '방', '옷장']::text[], '의자', '의자 có thể được đánh giá là thoải mái (편안하다) hay không (불편하다).', 'ee4c3f2b-27fc-40a1-a836-3521581b3ed7', '2026-01-11T09:51:05.036Z', '2026-01-11T09:51:05.036Z'),
  ('b06494c0-cc0f-44e7-aeed-5c93ad11086e', '______ 네 개가 필요해요.', 'Cần bốn cái ______.', ARRAY['침대', '책상', '의자', '컴퓨터']::text[], '의자', '의자 thường được đếm bằng số lượng (개) khi cần cho nhiều người.', 'ee4c3f2b-27fc-40a1-a836-3521581b3ed7', '2026-01-11T09:51:05.036Z', '2026-01-11T09:51:05.036Z'),
  ('d8be87c5-59d9-4c76-8893-035aa1aa2337', '______ 안에 옷이 많아요.', 'Có nhiều quần áo trong ______.', ARRAY['침대', '책상', '옷장', '컴퓨터']::text[], '옷장', '옷장 là nơi chứa và cất giữ quần áo.', '12aa830b-b863-4bf4-ab51-2ccf3b5eb0d6', '2026-01-11T09:51:05.036Z', '2026-01-11T09:51:05.036Z'),
  ('5e8af051-a2a7-4ebb-905e-467b5aa55305', '새 ______를 방 구석에 놓았어요.', 'Tôi đã đặt chiếc ______ mới vào góc phòng.', ARRAY['옷장', '시계', '창문', '의자']::text[], '옷장', '옷장 thường là đồ nội thất lớn, được đặt ở một vị trí cố định trong phòng.', '12aa830b-b863-4bf4-ab51-2ccf3b5eb0d6', '2026-01-11T09:51:05.036Z', '2026-01-11T09:51:05.036Z'),
  ('b7c88448-b94b-48af-a7c4-62dd2cd35904', '______으로 햇빛이 들어와요.', 'Ánh nắng chiếu vào qua ______.', ARRAY['문', '침대', '창문', '벽']::text[], '창문', '창문 là nơi ánh sáng và không khí từ bên ngoài vào phòng.', 'e4ee7e4f-1fb1-4623-8165-585d11a5a6c8', '2026-01-11T09:51:05.036Z', '2026-01-11T09:51:05.036Z'),
  ('87d59441-bcd7-4c04-95f3-2014070541f7', '______을/를 닫을까요?', 'Tôi đóng ______ nhé?', ARRAY['침대', '책상', '시계', '창문']::text[], '창문', '창문 có thể được mở (열다) hoặc đóng (닫다).', 'e4ee7e4f-1fb1-4623-8165-585d11a5a6c8', '2026-01-11T09:51:05.036Z', '2026-01-11T09:51:05.036Z'),
  ('158b2d2a-d4e3-469a-ad52-86be9d3b0c35', '______을/를 두드리세요.', 'Hãy gõ ______.', ARRAY['침대', '문', '창문', '의자']::text[], '문', '문 là thứ người ta thường gõ (두드리다) trước khi vào phòng.', '61aef7a1-3c0d-48a6-aaf3-5dbbe0f54254', '2026-01-11T09:51:05.036Z', '2026-01-11T09:51:05.036Z'),
  ('fe54fea2-fe38-4416-808c-c48d14332acf', '______이 잠겼어요.', '______ bị khóa rồi.', ARRAY['시계', '컴퓨터', '문', '책상']::text[], '문', '문 có thể được khóa (잠기다) hoặc mở khóa.', '61aef7a1-3c0d-48a6-aaf3-5dbbe0f54254', '2026-01-11T09:51:05.036Z', '2026-01-11T09:51:05.036Z'),
  ('33a1e608-90ef-47fc-bde8-4adbaeddaae8', '______가 고장 났어요.', '______ bị hỏng rồi.', ARRAY['침대', '책상', '컴퓨터', '옷장']::text[], '컴퓨터', '컴퓨터 là thiết bị điện tử có thể bị hỏng (고장 나다).', '65ce411d-34db-4841-8bef-10bc2cfaff4e', '2026-01-11T09:51:05.036Z', '2026-01-11T09:51:05.036Z'),
  ('54cfe4dd-a806-4197-9080-6e8617a82e14', '______를 켜세요.', 'Hãy bật ______ lên.', ARRAY['문', '창문', '컴퓨터', '시계']::text[], '컴퓨터', '컴퓨터 cần được bật (켜다) hoặc tắt (끄다).', '65ce411d-34db-4841-8bef-10bc2cfaff4e', '2026-01-11T09:51:05.036Z', '2026-01-11T09:51:05.036Z'),
  ('e6f9f387-6f36-4e25-ab9a-02d247e093d9', '______를 보고 시간을 확인해요.', 'Tôi nhìn ______ để kiểm tra giờ.', ARRAY['컴퓨터', '시계', '휴대폰', '전자레인지']::text[], '시계', '시계 là dụng cụ chính để xem giờ.', '8ab4b60c-f688-47c5-af4d-0b3a9e5ba38e', '2026-01-11T09:51:05.036Z', '2026-01-11T09:51:05.036Z'),
  ('2d73c7d2-8654-43f1-bd1c-5a417b3353d6', '벽 ______가 늦어요.', 'Đồng hồ treo tường bị chậm.', ARRAY['문', '시계', '그림', '선반']::text[], '시계', '시계 có thể là đồng hồ treo tường (벽시계), và nó có thể chạy nhanh/chậm.', '8ab4b60c-f688-47c5-af4d-0b3a9e5ba38e', '2026-01-11T09:51:05.036Z', '2026-01-11T09:51:05.036Z'),
  ('1583314a-66d0-4344-8875-a269af195df2', '도서관에는 많은 ______이 있어요.', 'Ở thư viện có rất nhiều ______.', ARRAY['책', '의자', '컴퓨터', '사람']::text[], '책', '책 có nghĩa là ''sách'', là công cụ học tập và giải trí quan trọng, được tìm thấy nhiều ở thư viện.', 'a77b7307-2e31-4a24-8cd5-ee66c91090ab', '2026-01-11T09:51:05.036Z', '2026-01-11T09:51:05.036Z'),
  ('a1d38840-e83b-4899-946d-d1d08a1c130d', '______을 읽으면 지식이 늘어요.', 'Nếu đọc ______ thì kiến thức sẽ tăng lên.', ARRAY['책', '신문', '잡지', '만화']::text[], '책', '책 không chỉ dùng để học mà còn là nguồn cung cấp kiến thức và thông tin quan trọng.', 'a77b7307-2e31-4a24-8cd5-ee66c91090ab', '2026-01-11T09:51:05.036Z', '2026-01-11T09:51:05.036Z'),
  ('3ec9f230-150f-4afc-982e-4c9b64639fc3', '수업 시간에 필기할 때 ______을 사용해요.', 'Khi ghi chép trong giờ học, chúng ta dùng ______.', ARRAY['공책', '책', '신문', '달력']::text[], '공책', '공책 có nghĩa là ''vở, sổ tay'', dùng để ghi chép bài học, ghi chú trong lớp.', 'f1542e61-88ff-4494-923e-5c02e7684459', '2026-01-11T09:51:05.036Z', '2026-01-11T09:51:05.036Z'),
  ('df66c0d6-42e8-4b08-a3a9-923cfb8722f7', '새 학기가 시작되면 새로운 ______을 사요.', 'Khi năm học mới bắt đầu, chúng ta mua ______ mới.', ARRAY['공책', '텔레비전', '냉장고', '자동차']::text[], '공책', '공책 là dụng cụ học tập thiết yếu, thường được mua mới vào đầu mỗi năm học.', 'f1542e61-88ff-4494-923e-5c02e7684459', '2026-01-11T09:51:05.036Z', '2026-01-11T09:51:05.036Z'),
  ('03b843f0-b543-417f-b18e-66ab56f334ab', '아이들이 처음 글씨를 배울 때 ______을 사용해요.', 'Khi trẻ em học viết chữ lần đầu, chúng dùng ______.', ARRAY['연필', '볼펜', '형광펜', '만년필']::text[], '연필', '연필 có nghĩa là ''bút chì'', thích hợp cho người mới học viết vì có thể tẩy xóa được.', 'e5988f87-c3f5-48a2-84cf-2aac7b83a6da', '2026-01-11T09:51:05.036Z', '2026-01-11T09:51:05.036Z'),
  ('8301dc9e-7485-42fa-82a7-6e18102d1b3d', '______을 깎을 때는 조심해야 해요.', 'Khi gọt ______ cần phải cẩn thận.', ARRAY['연필', '볼펜', '지우개', '가위']::text[], '연필', '연필 cần được gọt định kỳ để có đầu nhọn, dễ viết, và cần cẩn thận khi gọt để tránh bị thương.', 'e5988f87-c3f5-48a2-84cf-2aac7b83a6da', '2026-01-11T09:51:05.036Z', '2026-01-11T09:51:05.036Z'),
  ('dead5107-1813-42ed-b080-abd20ceb523f', '공식 문서에는 ______으로 서명해요.', 'Trên tài liệu chính thức, người ta ký bằng ______.', ARRAY['볼펜', '연필', '색연필', '크레파스']::text[], '볼펜', '볼펜 có nghĩa là ''bút bi'', thường được dùng cho văn bản chính thức vì mực khô nhanh và không dễ bị xóa.', '5aef224f-bb5d-4daa-8814-54226cd544bb', '2026-01-11T09:51:05.036Z', '2026-01-11T09:51:05.036Z'),
  ('e05c6c0f-d6b7-4d1b-9faa-972f3af8d892', '______의 잉크가 다 떨어졌어요.', '______ của tôi hết mực rồi.', ARRAY['볼펜', '연필', '지우개', '자']::text[], '볼펜', '볼펜 sử dụng mực lỏng trong ống, khi hết mực cần thay ngòi hoặc mua bút mới.', '5aef224f-bb5d-4daa-8814-54226cd544bb', '2026-01-11T09:51:05.036Z', '2026-01-11T09:51:05.036Z'),
  ('7bda13c1-41e3-4cd2-9121-b4f1c3e94e9d', '연필로 쓴 글씨를 지울 때 ______을 사용해요.', 'Khi xóa chữ viết bằng bút chì, chúng ta dùng ______.', ARRAY['지우개', '가위', '풀', '테이프']::text[], '지우개', '지우개 có nghĩa là ''cục tẩy'', dùng để xóa chữ viết bằng bút chì mà không làm rách giấy.', 'e79edaf6-41f7-4f67-9592-4a194e02fd3b', '2026-01-11T09:51:05.036Z', '2026-01-11T09:51:05.036Z'),
  ('9930e983-a445-4116-bb78-53c47c3ecf7a', '______로 너무 세게 문지르면 종이가 찢어질 수 있어요.', 'Nếu dùng ______ chà quá mạnh, giấy có thể bị rách.', ARRAY['지우개', '연필', '볼펜', '자']::text[], '지우개', '지우개 cần được sử dụng nhẹ nhàng để tránh làm hỏng bề mặt giấy khi xóa.', 'e79edaf6-41f7-4f67-9592-4a194e02fd3b', '2026-01-11T09:51:05.036Z', '2026-01-11T09:51:05.036Z'),
  ('0515fa99-148f-4724-b169-846146b13e7f', '직선을 그릴 때는 ______이 필요해요.', 'Khi vẽ đường thẳng, cần có ______.', ARRAY['자', '연필', '지우개', '필통']::text[], '자', '자 có nghĩa là ''thước kẻ'', dùng để vẽ đường thẳng, đo chiều dài, hoặc kẻ ô trong vở.', '9274cc2c-de06-4528-b143-048d4b59f04b', '2026-01-11T09:51:05.036Z', '2026-01-11T09:51:05.036Z'),
  ('b6f6cf97-431b-478e-9a6a-82a2a84784b6', '______으로 길이를 재어 보세요.', 'Hãy dùng ______ để đo chiều dài.', ARRAY['자', '지우개', '연필', '공책']::text[], '자', '자 có các vạch chia độ chính xác, cho phép đo chiều dài của vật thể một cách chính xác.', '9274cc2c-de06-4528-b143-048d4b59f04b', '2026-01-11T09:51:05.036Z', '2026-01-11T09:51:05.036Z'),
  ('4f56b64e-6dd8-45d9-994b-b4a303bb772d', '연필, 볼펜, 지우개 등을 넣어 두는 것은 ______이에요.', 'Vật dùng để đựng bút chì, bút bi, tẩy, v.v. là ______.', ARRAY['필통', '가방', '책장', '서랍']::text[], '필통', '필통 có nghĩa là ''hộp bút'', dùng để đựng và bảo quản các dụng cụ viết như bút, tẩy, gọt bút chì.', '52e4a5c0-b422-4619-8a18-7bc02c0005ec', '2026-01-11T09:51:05.036Z', '2026-01-11T09:51:05.036Z'),
  ('580f2c0b-b831-4fe6-89d1-0657e0444770', '______을 떨어뜨리면 안에 있는 필기구가 흩어져요.', 'Nếu làm rơi ______, các dụng cụ viết bên trong sẽ bị văng ra.', ARRAY['필통', '책', '공책', '사전']::text[], '필통', '필통 giúp giữ gìn dụng cụ viết gọn gàng, ngăn nắp, nhưng cần cẩn thận để không làm rơi.', '52e4a5c0-b422-4619-8a18-7bc02c0005ec', '2026-01-11T09:51:05.036Z', '2026-01-11T09:51:05.036Z'),
  ('07c0a760-a24e-4d29-a5ce-e2f2e4e29ecc', '학생들이 책과 공책을 넣고 학교에 가져가는 것은 ______이에요.', 'Vật mà học sinh đựng sách vở mang đến trường là ______.', ARRAY['가방', '지갑', '핸드폰', '열쇠']::text[], '가방', '가방 có nghĩa là ''cặp sách, túi xách'', dùng để mang theo sách vở, dụng cụ học tập đến trường.', '2659e780-9e57-4f78-8b44-21baed996ce5', '2026-01-11T09:51:05.036Z', '2026-01-11T09:51:05.036Z'),
  ('2d18ac3d-54a4-42c9-bd62-67ca5b8b41ed', '등에 메는 ______을 배낭이라고 해요.', '______ đeo trên lưng được gọi là ba lô.', ARRAY['가방', '옷', '모자', '신발']::text[], '가방', '가방 có nhiều loại như 배낭 (ba lô), 크로스백 (túi đeo chéo), 서류가방 (cặp tài liệu), tùy theo mục đích sử dụng.', '2659e780-9e57-4f78-8b44-21baed996ce5', '2026-01-11T09:51:05.036Z', '2026-01-11T09:51:05.036Z'),
  ('5bd88d28-a7b7-4a7b-86fa-a40dd86e6feb', '외국어를 공부할 때 ______은 매우 유용해요.', 'Khi học ngoại ngữ, ______ rất hữu ích.', ARRAY['사전', '신문', '소설', '만화']::text[], '사전', '사전 có nghĩa là ''từ điển'', cung cấp định nghĩa, cách phát âm, và cách sử dụng của từ ngữ.', 'fe5765f6-95de-4949-b522-f4468c7f9a39', '2026-01-11T09:51:05.036Z', '2026-01-11T09:51:05.036Z'),
  ('279aa85c-42c8-444e-8ddf-7b13b8eb1786', '요즘은 종이 ______보다 전자 ______을 더 많이 사용해요.', 'Ngày nay người ta dùng ______ điện tử nhiều hơn ______ giấy.', ARRAY['사전', '책', '잡지', '신문']::text[], '사전', '사전 hiện đại có cả dạng giấy truyền thống và dạng điện tử (전자사전, 앱 사전) tiện lợi hơn cho việc tra cứu nhanh.', 'fe5765f6-95de-4949-b522-f4468c7f9a39', '2026-01-11T09:51:05.036Z', '2026-01-11T09:51:05.036Z');

COMMIT;