BEGIN;

-- LearningGroup: Kinh tế & Tiêu dùng (경제 및 소비)
INSERT INTO "LearningGroup" (id, name, icon, "order", "topikLevel", "createdAt", "updatedAt") VALUES ('5c2c1c86-89ec-49a1-acbc-7fa17d2d5a3e', 'Kinh tế & Tiêu dùng (경제 및 소비)', NULL, 7, 2, '2026-01-11T09:51:05.055Z', '2026-01-11T09:51:05.055Z');

-- Categories (8 categories)
INSERT INTO "Category" (id, name, description, icon, "order", "topikLevel", "groupId", "createdAt", "updatedAt") VALUES ('6f9a1614-6d3c-48d4-b274-6de4307faeb5', 'Tiêu dùng thông minh (합리적 소비)', 'Từ vựng về thói quen tiêu dùng và mua sắm hợp lý', '💰', 1, 2, '5c2c1c86-89ec-49a1-acbc-7fa17d2d5a3e', '2026-01-11T09:51:05.055Z', '2026-01-11T09:51:05.055Z'),
  ('54ef66d5-fbb8-4ab8-ba24-4d7097d90346', 'Mua sắm online', 'Từ vựng về quy trình, giao dịch và các tình huống thường gặp khi mua sắm trên các trang thương mại điện tử', '🛒', 2, 2, '5c2c1c86-89ec-49a1-acbc-7fa17d2d5a3e', '2026-01-11T09:51:05.055Z', '2026-01-11T09:51:05.055Z'),
  ('346c7ff5-0c08-4879-9c38-372eb68d3fd1', 'Ngân hàng & Tín dụng (은행 및 신용)', 'Từ vựng về dịch vụ ngân hàng, các loại thẻ, hình thức thanh toán và tín dụng cá nhân', '🏦', 3, 2, '5c2c1c86-89ec-49a1-acbc-7fa17d2d5a3e', '2026-01-11T09:51:05.055Z', '2026-01-11T09:51:05.055Z'),
  ('a7310ced-d006-4ed7-be38-1776245b43fc', 'Tiết kiệm & Đầu tư (저축 및 투자)', 'Từ vựng về tiết kiệm, đầu tư và quản lý tài chính cá nhân', '📈', 4, 2, '5c2c1c86-89ec-49a1-acbc-7fa17d2d5a3e', '2026-01-11T09:51:05.055Z', '2026-01-11T09:51:05.055Z'),
  ('0ee686ef-0b9a-4e1f-a42f-0c527e8fb9ce', 'Thuế & Bảo hiểm', 'Từ vựng về các loại thuế, nghĩa vụ tài chính với nhà nước và các loại hình bảo hiểm cá nhân, xã hội', '💳', 5, 2, '5c2c1c86-89ec-49a1-acbc-7fa17d2d5a3e', '2026-01-11T09:51:05.055Z', '2026-01-11T09:51:05.055Z'),
  ('437dec19-4555-4839-bb39-143fda3b381b', 'Các vấn đề của người tiêu dùng (소비자 문제)', 'Từ vựng về quyền lợi người tiêu dùng, khiếu nại và giải quyết tranh chấp mua sắm', '🛡️', 6, 2, '5c2c1c86-89ec-49a1-acbc-7fa17d2d5a3e', '2026-01-11T09:51:05.055Z', '2026-01-11T09:51:05.055Z'),
  ('21227412-951f-4c7d-b2db-e62b844fb701', 'Thị trường và giá cả (시장과 물가)', 'Từ vựng về kinh tế thị trường, giá cả và các khái niệm kinh tế cơ bản', '🏪', 7, 2, '5c2c1c86-89ec-49a1-acbc-7fa17d2d5a3e', '2026-01-11T09:51:05.055Z', '2026-01-11T09:51:05.055Z'),
  ('0b979a64-5830-4c62-89c8-50a8e07ff55d', 'Xu hướng tiêu dùng', 'Từ vựng về các xu hướng, mô hình và đặc điểm mới trong hành vi tiêu dùng hiện đại, đặc biệt là ở thế hệ trẻ Hàn Quốc', '📱', 8, 2, '5c2c1c86-89ec-49a1-acbc-7fa17d2d5a3e', '2026-01-11T09:51:05.055Z', '2026-01-11T09:51:05.055Z');

-- Vocabulary Words
INSERT INTO "Vocabulary" (id, korean, hanja, vietnamese, pronunciation, example, "exampleTranslation", "categoryId", "createdAt", "updatedAt") VALUES ('588241af-6868-4bb0-888a-70e91dc9bfd7', '소비', '消費', 'Tiêu dùng', 'sobi', '최근에 소비가 많이 줄었어요.', 'Gần đây việc tiêu dùng đã giảm đi nhiều.', '6f9a1614-6d3c-48d4-b274-6de4307faeb5', '2026-01-11T09:51:05.055Z', '2026-01-11T09:51:05.055Z'),
  ('f17f11f5-02ff-4c84-aada-bd808ad4d89d', '가격을 비교하다', '價格을 比較하다', 'So sánh giá', 'gagyeogeul bigyohada', '인터넷에서 가격을 비교하고 주문했어요.', 'Tôi đã so sánh giá trên mạng rồi mới đặt hàng.', '6f9a1614-6d3c-48d4-b274-6de4307faeb5', '2026-01-11T09:51:05.055Z', '2026-01-11T09:51:05.055Z'),
  ('e06a8ecc-33d1-4968-bc03-5d141880bb16', '할인', '割引', 'Giảm giá', 'harin', '지금 세일 기간이라서 50% 할인을 해요.', 'Bây giờ là thời gian giảm giá nên họ đang giảm 50%.', '6f9a1614-6d3c-48d4-b274-6de4307faeb5', '2026-01-11T09:51:05.055Z', '2026-01-11T09:51:05.055Z'),
  ('085d800f-af19-4775-84e7-c5573f14f7ef', '충동구매', '衝動購買', 'Mua sắm bốc đồng', 'chungdong-gume', '어제 충동구매를 해서 돈을 다 썼어요.', 'Hôm qua tôi đã mua sắm bốc đồng nên đã tiêu hết tiền.', '6f9a1614-6d3c-48d4-b274-6de4307faeb5', '2026-01-11T09:51:05.055Z', '2026-01-11T09:51:05.055Z'),
  ('c269c3c8-3588-44d7-8a2f-fcc22f30a4f8', '가성비', '價性比', 'Hiệu quả chi phí (Giá tốt so với chất lượng)', 'gaseongbi', '이 식당은 가성비가 좋기로 유명해요.', 'Nhà hàng này nổi tiếng là có hiệu quả chi phí tốt.', '6f9a1614-6d3c-48d4-b274-6de4307faeb5', '2026-01-11T09:51:05.055Z', '2026-01-11T09:51:05.055Z'),
  ('265b56cb-edbd-4f1d-91ec-f5c7c547ba14', '절약하다', '節約하다', 'Tiết kiệm', 'jeoryakhada', '돈을 모으기 위해 생활비를 절약하고 있어요.', 'Tôi đang tiết kiệm sinh hoạt phí để dành tiền.', '6f9a1614-6d3c-48d4-b274-6de4307faeb5', '2026-01-11T09:51:05.055Z', '2026-01-11T09:51:05.055Z'),
  ('a578395a-d394-4772-a745-6604a84db605', '장바구니', '', 'Giỏ hàng', 'jangbaguni', '사고 싶은 물건을 장바구니에 담았어요.', 'Tôi đã cho món đồ muốn mua vào giỏ hàng.', '54ef66d5-fbb8-4ab8-ba24-4d7097d90346', '2026-01-11T09:51:05.055Z', '2026-01-11T09:51:05.055Z'),
  ('7ff74cdb-7d3e-42b1-aa48-6cda8948fcf1', '결제하다', '決濟하다', 'Thanh toán', 'gyeoljehada', '카드로 결제하시겠어요?', 'Quý khách có muốn thanh toán bằng thẻ không ạ?', '54ef66d5-fbb8-4ab8-ba24-4d7097d90346', '2026-01-11T09:51:05.055Z', '2026-01-11T09:51:05.055Z'),
  ('b4d3fce4-7705-4c04-9698-413224fd278b', '배송', '配送', 'Giao hàng', 'baesong', '배송은 보통 2~3일 정도 걸려요.', 'Việc giao hàng thường mất khoảng 2-3 ngày.', '54ef66d5-fbb8-4ab8-ba24-4d7097d90346', '2026-01-11T09:51:05.055Z', '2026-01-11T09:51:05.055Z'),
  ('616c44ca-9181-4f55-a007-6b5ba31facb9', '무료 배송', '無料 配送', 'Miễn phí giao hàng', 'muryo baesong', '3만 원 이상 사면 무료 배송이에요.', 'Nếu mua trên 30,000 won sẽ được miễn phí giao hàng.', '54ef66d5-fbb8-4ab8-ba24-4d7097d90346', '2026-01-11T09:51:05.055Z', '2026-01-11T09:51:05.055Z'),
  ('09c74cb7-8654-4ff1-ac74-766078571301', '반품하다', '返品하다', 'Trả lại hàng', 'banpumhada', '옷이 마음에 안 들어서 반품했어요.', 'Tôi đã trả lại hàng vì không vừa ý với chiếc áo.', '54ef66d5-fbb8-4ab8-ba24-4d7097d90346', '2026-01-11T09:51:05.055Z', '2026-01-11T09:51:05.055Z'),
  ('edf8d870-2d2d-4740-9ed3-7e48a00b61b6', '교환하다', '交換하다', 'Đổi hàng', 'gyohwanhada', '사이즈가 안 맞아서 다른 것으로 교환했어요.', 'Kích cỡ không vừa nên tôi đã đổi sang cái khác.', '54ef66d5-fbb8-4ab8-ba24-4d7097d90346', '2026-01-11T09:51:05.055Z', '2026-01-11T09:51:05.055Z'),
  ('c91150cd-04ad-4da6-bf35-2fc50797a8a7', '후기', '後記', 'Đánh giá, review', 'hugi', '물건을 사기 전에 다른 사람들의 후기를 읽어봐요.', 'Tôi đọc review của người khác trước khi mua đồ.', '54ef66d5-fbb8-4ab8-ba24-4d7097d90346', '2026-01-11T09:51:05.055Z', '2026-01-11T09:51:05.055Z'),
  ('a7115240-eb0f-4f0f-aab4-db78ffd02dc8', '신용카드', NULL, 'Thẻ tín dụng', 'sin-yongkadeu', '현금 대신 신용카드를 자주 사용해요.', 'Tôi thường xuyên sử dụng thẻ tín dụng thay vì tiền mặt.', '346c7ff5-0c08-4879-9c38-372eb68d3fd1', '2026-01-11T09:51:05.055Z', '2026-01-11T09:51:05.055Z'),
  ('e2e0cb8a-d1fe-4a85-b8f0-33b327397531', '체크카드', NULL, 'Thẻ ghi nợ (Debit card)', 'chekeukadeu', '체크카드는 통장에 돈이 있어야 쓸 수 있어요.', 'Thẻ ghi nợ phải có tiền trong tài khoản thì mới dùng được.', '346c7ff5-0c08-4879-9c38-372eb68d3fd1', '2026-01-11T09:51:05.055Z', '2026-01-11T09:51:05.055Z'),
  ('0f5ef9b7-5f0e-4422-919f-8cda1b3e3770', '할부', NULL, 'Trả góp', 'halbu', '비싼 물건이라서 3개월 할부로 샀어요.', 'Vì là món đồ đắt tiền nên tôi đã mua bằng hình thức trả góp 3 tháng.', '346c7ff5-0c08-4879-9c38-372eb68d3fd1', '2026-01-11T09:51:05.055Z', '2026-01-11T09:51:05.055Z'),
  ('474c7f2d-7ea0-4e20-acde-a2813a04b6f0', '대출', NULL, 'Vay tiền', 'daechul', '집을 사기 위해 은행에서 대출을 받았어요.', 'Tôi đã vay tiền từ ngân hàng để mua nhà.', '346c7ff5-0c08-4879-9c38-372eb68d3fd1', '2026-01-11T09:51:05.055Z', '2026-01-11T09:51:05.055Z'),
  ('59918c02-a1bc-4af3-857c-034e3693e5fd', '이자', NULL, 'Lãi suất, tiền lãi', 'ija', '대출 이자가 너무 높아서 부담스러워요.', 'Lãi suất cho vay cao quá nên tôi cảm thấy gánh nặng.', '346c7ff5-0c08-4879-9c38-372eb68d3fd1', '2026-01-11T09:51:05.055Z', '2026-01-11T09:51:05.055Z'),
  ('00421dda-bc0f-4476-b216-76437ab2d8fd', '신용등급', NULL, 'Hạng tín dụng', 'sin-yongdeung-geup', '신용등급이 높아야 대출받기 쉬워요.', 'Hạng tín dụng phải cao thì mới dễ vay tiền.', '346c7ff5-0c08-4879-9c38-372eb68d3fd1', '2026-01-11T09:51:05.055Z', '2026-01-11T09:51:05.055Z'),
  ('672f4bc3-7969-4e02-b97e-2098166acefc', '저축하다', '貯蓄하다', 'Tiết kiệm, để dành', 'jeochukhada', '저는 월급의 절반을 저축해요.', 'Tôi tiết kiệm một nửa tiền lương của mình.', 'a7310ced-d006-4ed7-be38-1776245b43fc', '2026-01-11T09:51:05.055Z', '2026-01-11T09:51:05.055Z'),
  ('f683992c-17de-44d9-b928-edc688a93855', '투자하다', '投資하다', 'Đầu tư', 'tujahada', '요즘 주식에 투자하는 사람들이 많아요.', 'Dạo này có nhiều người đầu tư vào cổ phiếu.', 'a7310ced-d006-4ed7-be38-1776245b43fc', '2026-01-11T09:51:05.055Z', '2026-01-11T09:51:05.055Z'),
  ('276b6564-4f05-4453-9c9c-f44c7f591d94', '주식', '株式', 'Cổ phiếu', 'jusik', '주식 시장이 계속 하락하고 있어요.', 'Thị trường chứng khoán đang liên tục đi xuống.', 'a7310ced-d006-4ed7-be38-1776245b43fc', '2026-01-11T09:51:05.055Z', '2026-01-11T09:51:05.055Z'),
  ('169ac16b-0342-4a4c-bcfb-8b0cd8745868', '펀드', NULL, 'Quỹ đầu tư', 'peondeu', '전문가에게 맡겨서 펀드에 가입했어요.', 'Tôi đã giao cho chuyên gia và tham gia vào một quỹ đầu tư.', 'a7310ced-d006-4ed7-be38-1776245b43fc', '2026-01-11T09:51:05.055Z', '2026-01-11T09:51:05.055Z'),
  ('9c7b811e-8d3e-43de-8d3d-b9275dd3524e', '수익률', '收益率', 'Tỷ suất lợi nhuận', 'suingnyul', '이 펀드는 수익률이 높은 편이에요.', 'Quỹ này thuộc loại có tỷ suất lợi nhuận cao.', 'a7310ced-d006-4ed7-be38-1776245b43fc', '2026-01-11T09:51:05.055Z', '2026-01-11T09:51:05.055Z'),
  ('ed05ee4e-52f8-4992-ac39-9d2d8ad303e9', '환율', '換率', 'Tỷ giá hối đoái', 'hwanyul', '최근에 환율 변동이 심해요.', 'Gần đây biến động tỷ giá rất lớn.', 'a7310ced-d006-4ed7-be38-1776245b43fc', '2026-01-11T09:51:05.055Z', '2026-01-11T09:51:05.055Z'),
  ('318ee777-fbb9-4629-b5e3-accc7e6ee7ca', '재테크', '財-', 'Quản lý tài chính cá nhân', 'jaetekeu', '젊을 때부터 재테크에 관심을 가져야 해요.', 'Phải quan tâm đến việc quản lý tài chính cá nhân từ khi còn trẻ.', 'a7310ced-d006-4ed7-be38-1776245b43fc', '2026-01-11T09:51:05.055Z', '2026-01-11T09:51:05.055Z'),
  ('26ccc2c2-a445-44a6-8890-1849de7591cd', '세금', '稅金', 'Thuế', 'segeum', '월급에서 세금을 공제합니다.', 'Thuế được khấu trừ từ lương tháng.', '0ee686ef-0b9a-4e1f-a42f-0c527e8fb9ce', '2026-01-11T09:51:05.055Z', '2026-01-11T09:51:05.055Z'),
  ('cf973968-4d4e-44b2-8712-477ac9a99327', '소득세', '所得稅', 'Thuế thu nhập', 'sodeukse', '소득이 높을수록 소득세도 많아져요.', 'Thu nhập càng cao thì thuế thu nhập cũng càng nhiều.', '0ee686ef-0b9a-4e1f-a42f-0c527e8fb9ce', '2026-01-11T09:51:05.055Z', '2026-01-11T09:51:05.055Z'),
  ('635185d7-117f-4d20-a5d6-382fb916da65', '연말정산', '年末精算', 'Quyết toán thuế cuối năm', 'yeonmaljeongsan', '연말정산을 해서 세금을 환급받았어요.', 'Tôi đã quyết toán thuế cuối năm và được hoàn lại tiền thuế.', '0ee686ef-0b9a-4e1f-a42f-0c527e8fb9ce', '2026-01-11T09:51:05.055Z', '2026-01-11T09:51:05.055Z'),
  ('e4b37112-1064-42d0-bec5-38f637e061ab', '보험에 가입하다', '保險에 加入하다', 'Tham gia bảo hiểm', 'boheome ga-ipada', '건강을 위해 실비 보험에 가입했어요.', 'Tôi đã tham gia bảo hiểm chi phí thực tế vì sức khỏe.', '0ee686ef-0b9a-4e1f-a42f-0c527e8fb9ce', '2026-01-11T09:51:05.055Z', '2026-01-11T09:51:05.055Z'),
  ('b377aa06-ddaf-4369-ab30-6f87ab3b6d83', '보험료', '保險料', 'Phí bảo hiểm', 'boheomnyo', '매달 보험료를 내고 있어요.', 'Tôi đang trả phí bảo hiểm hàng tháng.', '0ee686ef-0b9a-4e1f-a42f-0c527e8fb9ce', '2026-01-11T09:51:05.055Z', '2026-01-11T09:51:05.055Z'),
  ('b9274956-3bb3-4146-85f1-43ded05bc121', '보험금', '保險金', 'Tiền bồi thường bảo hiểm', 'boheomgeum', '사고가 나서 보험금을 청구했어요.', 'Vì xảy ra tai nạn nên tôi đã yêu cầu tiền bồi thường bảo hiểm.', '0ee686ef-0b9a-4e1f-a42f-0c527e8fb9ce', '2026-01-11T09:51:05.055Z', '2026-01-11T09:51:05.055Z'),
  ('38ad9967-d910-49d8-9260-e26d91f7295f', '소비자', NULL, 'Người tiêu dùng', 'sobija', '소비자는 자신의 권리를 알아야 해요.', 'Người tiêu dùng phải biết quyền lợi của mình.', '437dec19-4555-4839-bb39-143fda3b381b', '2026-01-11T09:51:05.055Z', '2026-01-11T09:51:05.055Z'),
  ('3c0835d4-2cc1-4aa0-9dfe-fb57c6b77d71', '불만', NULL, 'Bất mãn, không hài lòng', 'bulman', '서비스에 대한 불만을 이야기했어요.', 'Tôi đã nói ra sự không hài lòng về dịch vụ.', '437dec19-4555-4839-bb39-143fda3b381b', '2026-01-11T09:51:05.055Z', '2026-01-11T09:51:05.055Z'),
  ('99755916-d752-44e8-afb8-30b9f50999d2', '환불', NULL, 'Hoàn tiền', 'hwanbul', '물건에 문제가 있어서 환불을 요청했어요.', 'Vì sản phẩm có vấn đề nên tôi đã yêu cầu hoàn tiền.', '437dec19-4555-4839-bb39-143fda3b381b', '2026-01-11T09:51:05.055Z', '2026-01-11T09:51:05.055Z'),
  ('ce9df05a-6e4b-495b-8b11-c40b8adae171', '고객센터', NULL, 'Trung tâm chăm sóc khách hàng', 'gogaeksenteo', '문제가 생기면 고객센터에 문의하세요.', 'Nếu có vấn đề phát sinh, hãy liên hệ trung tâm chăm sóc khách hàng.', '437dec19-4555-4839-bb39-143fda3b381b', '2026-01-11T09:51:05.055Z', '2026-01-11T09:51:05.055Z'),
  ('464ec355-c73c-4c1b-9055-9592ef4906f0', '보증 기간', NULL, 'Thời gian bảo hành', 'bojeung gigan', '보증 기간이 지나서 수리비를 내야 해요.', 'Vì đã hết thời gian bảo hành nên tôi phải trả phí sửa chữa.', '437dec19-4555-4839-bb39-143fda3b381b', '2026-01-11T09:51:05.055Z', '2026-01-11T09:51:05.055Z'),
  ('54f0255f-b033-44d3-8884-5522d0cba467', '과대광고', NULL, 'Quảng cáo phóng đại', 'gwadaegwang-go', '과대광고에 속아서 물건을 샀어요.', 'Tôi đã bị lừa bởi quảng cáo phóng đại và mua hàng.', '437dec19-4555-4839-bb39-143fda3b381b', '2026-01-11T09:51:05.055Z', '2026-01-11T09:51:05.055Z'),
  ('c578ae91-acde-4fe9-9460-f979e11a3860', '물가', '物價', 'Giá cả, vật giá', 'mulga', '요즘 물가가 너무 많이 올랐어요.', 'Dạo này giá cả đã tăng quá nhiều.', '21227412-951f-4c7d-b2db-e62b844fb701', '2026-01-11T09:51:05.055Z', '2026-01-11T09:51:05.055Z'),
  ('f35ca828-049f-480e-a83e-bddc654ca2fd', '인상되다 / 인하되다', '引上되다 / 引下되다', 'Tăng lên / Giảm xuống', 'insangdoeda / inhadoeda', '버스 요금이 곧 인상될 예정이에요.', 'Giá vé xe buýt dự kiến sẽ sớm tăng lên.', '21227412-951f-4c7d-b2db-e62b844fb701', '2026-01-11T09:51:05.055Z', '2026-01-11T09:51:05.055Z'),
  ('c1acf0b7-fd6a-4821-a593-8604da67d9eb', '경제', '經濟', 'Kinh tế', 'gyeongje', '세계 경제가 좋지 않아요.', 'Kinh tế thế giới đang không tốt.', '21227412-951f-4c7d-b2db-e62b844fb701', '2026-01-11T09:51:05.055Z', '2026-01-11T09:51:05.055Z'),
  ('640161d4-10fc-421f-abfb-402a388d1ea6', '수요와 공급', '需要와 供給', 'Cung và cầu', 'suyowa gong-geup', '가격은 수요와 공급에 따라 결정돼요.', 'Giá cả được quyết định theo cung và cầu.', '21227412-951f-4c7d-b2db-e62b844fb701', '2026-01-11T09:51:05.055Z', '2026-01-11T09:51:05.055Z'),
  ('c5001168-08ed-4514-9145-6164a59d0909', '인플레이션', NULL, 'Lạm phát', 'inpeulleisyeon', '인플레이션 때문에 화폐 가치가 떨어져요.', 'Giá trị tiền tệ giảm xuống do lạm phát.', '21227412-951f-4c7d-b2db-e62b844fb701', '2026-01-11T09:51:05.055Z', '2026-01-11T09:51:05.055Z'),
  ('069f7bc8-59a5-471f-8004-d8c916a652ea', '경기 침체', '景氣 沈滯', 'Suy thoái kinh tế', 'gyeong-gi chimche', '경기 침체로 인해 실업률이 높아졌어요.', 'Tỷ lệ thất nghiệp đã tăng cao do suy thoái kinh tế.', '21227412-951f-4c7d-b2db-e62b844fb701', '2026-01-11T09:51:05.055Z', '2026-01-11T09:51:05.055Z'),
  ('31728014-78ed-46a3-a261-aa394209caae', '친환경 소비', '親環境 消費', 'Tiêu dùng thân thiện với môi trường', 'chinhwan-gyeong sobi', '환경을 위해 친환경 소비를 실천해요.', 'Tôi thực hành tiêu dùng thân thiện với môi trường vì môi trường.', '0b979a64-5830-4c62-89c8-50a8e07ff55d', '2026-01-11T09:51:05.055Z', '2026-01-11T09:51:05.055Z'),
  ('dc4cc1c6-d147-4c29-94f1-058c6bca6bf1', '중고 거래', '中古 去來', 'Giao dịch đồ cũ', 'jung-go georae', '저는 중고 거래 앱을 자주 이용해요.', 'Tôi thường xuyên sử dụng ứng dụng giao dịch đồ cũ.', '0b979a64-5830-4c62-89c8-50a8e07ff55d', '2026-01-11T09:51:05.055Z', '2026-01-11T09:51:05.055Z'),
  ('e147e35a-092c-4df5-89cc-f71a386ca951', '구독 경제', '購讀 經濟', 'Kinh tế đăng ký (Subscription Economy)', 'gudok gyeongje', '넷플릭스는 대표적인 구독 경제 서비스예요.', 'Netflix là một dịch vụ kinh tế đăng ký tiêu biểu.', '0b979a64-5830-4c62-89c8-50a8e07ff55d', '2026-01-11T09:51:05.055Z', '2026-01-11T09:51:05.055Z'),
  ('b954f6a4-3470-4546-ac0e-29f66a0da20f', '가심비', '', 'Hiệu quả về mặt tâm lý (Hài lòng so với giá)', 'gasimbi', '비싸도 만족도가 높으면 가심비가 좋다고 해요.', 'Dù đắt nhưng nếu độ hài lòng cao thì được gọi là có ''gasimbi'' tốt.', '0b979a64-5830-4c62-89c8-50a8e07ff55d', '2026-01-11T09:51:05.055Z', '2026-01-11T09:51:05.055Z'),
  ('d44bc496-0ee0-4f74-a741-c7fcd38f44ac', '언택트 소비', '', 'Tiêu dùng không tiếp xúc', 'eontaekteu sobi', '코로나19 이후로 언택트 소비가 늘었어요.', 'Sau Covid-19, tiêu dùng không tiếp xúc đã tăng lên.', '0b979a64-5830-4c62-89c8-50a8e07ff55d', '2026-01-11T09:51:05.055Z', '2026-01-11T09:51:05.055Z'),
  ('168d5c33-8871-430c-9fa5-c2a674d2ff66', '공동 구매', '共同 購買', 'Mua chung', 'gongdong gume', '여러 사람이 같이 사면 싸게 살 수 있는 공동 구매가 인기예요.', 'Mua chung, nơi nhiều người có thể mua rẻ hơn nếu mua cùng nhau, đang rất phổ biến.', '0b979a64-5830-4c62-89c8-50a8e07ff55d', '2026-01-11T09:51:05.055Z', '2026-01-11T09:51:05.055Z');

-- Quiz Questions
INSERT INTO "QuizQuestion" (id, question, "questionTranslation", options, "correctAnswer", explanation, "VocabularyId", "createdAt", "updatedAt") VALUES ('33d896a0-a00b-4fd4-b92c-346a727ef758', '물건이나 서비스를 사서 사용하는 행위를 통틀어 뭐라고 하나요?', 'Hành động mua và sử dụng hàng hóa, dịch vụ được gọi chung là gì?', ARRAY['생산', '소비', '저축', '투자']::text[], '소비', '소비 (消費) có nghĩa là tiêu dùng, hành động sử dụng hàng hóa và dịch vụ để thỏa mãn nhu cầu.', '588241af-6868-4bb0-888a-70e91dc9bfd7', '2026-01-11T09:51:05.055Z', '2026-01-11T09:51:05.055Z'),
  ('ed15b3c0-7c56-4526-bf41-f72d450d3f6f', '"______자"는 물건이나 서비스를 사는 사람을 말해요.', '"______자" là người mua hàng hóa hoặc dịch vụ.', ARRAY['생산', '소비', '판매', '공급']::text[], '소비', '소비자 (consumer) là người tiêu dùng, người mua và sử dụng sản phẩm/dịch vụ.', '588241af-6868-4bb0-888a-70e91dc9bfd7', '2026-01-11T09:51:05.055Z', '2026-01-11T09:51:05.055Z'),
  ('4fb1b5fa-e9cc-4cb1-83ee-c617057f8a97', '합리적인 소비를 위해 같은 물건의 값을 여러 곳에서 살펴보는 행동은?', 'Hành động xem xét giá cả của cùng một món đồ ở nhiều nơi để tiêu dùng hợp lý là gì?', ARRAY['가격을 확인하다', '가격을 비교하다', '가격을 협상하다', '가격을 결정하다']::text[], '가격을 비교하다', '''가격을 비교하다'' nghĩa là so sánh giá cả giữa các cửa hàng, trang web khác nhau để tìm mức giá tốt nhất.', 'f17f11f5-02ff-4c84-aada-bd808ad4d89d', '2026-01-11T09:51:05.055Z', '2026-01-11T09:51:05.055Z'),
  ('7af558f1-cecb-4e01-ab0c-245cde11b165', '온라인 쇼핑의 장점 중 하나는 쉽게 ______ 수 있다는 거예요.', 'Một trong những ưu điểm của mua sắm trực tuyến là có thể dễ dàng ______.', ARRAY['가격을 비교할', '제품을 만질', '직원과 대화할', '즉시 받을']::text[], '가격을 비교할', 'Mua sắm trực tuyến cho phép người dùng dễ dàng so sánh giá (가격을 비교하다) giữa nhiều nhà bán lẻ khác nhau chỉ với vài cú nhấp chuột.', 'f17f11f5-02ff-4c84-aada-bd808ad4d89d', '2026-01-11T09:51:05.055Z', '2026-01-11T09:51:05.055Z'),
  ('d0bbed15-211d-4949-9ea5-8e6545e7c65c', '정상 가격보다 싸게 판매하는 것을 뭐라고 하나요?', 'Việc bán rẻ hơn giá thông thường được gọi là gì?', ARRAY['할증', '할인', '증가', '인상']::text[], '할인', '할인 (割引) có nghĩa là giảm giá, khuyến mãi, bán với mức giá thấp hơn giá gốc.', 'e06a8ecc-33d1-4968-bc03-5d141880bb16', '2026-01-11T09:51:05.055Z', '2026-01-11T09:51:05.055Z'),
  ('0ceb1895-1365-42bd-bcad-92184c4d161d', '"______ 행사"나 "______ 세일"은 많은 사람들이 쇼핑을 하는 기간이에요.', '"Sự kiện ______" hay "______ giảm giá" là thời gian nhiều người đi mua sắm.', ARRAY['할인', '증가', '고가', '고정']::text[], '할인', '할인 행사 hoặc 할인 세일 là những đợt khuyến mãi thu hút người tiêu dùng với mức giá giảm.', 'e06a8ecc-33d1-4968-bc03-5d141880bb16', '2026-01-11T09:51:05.055Z', '2026-01-11T09:51:05.055Z'),
  ('2732fa0b-df42-4f3c-a3fe-881af37031fd', '계획 없이 갑자기 하고 싶은 마음에 물건을 사는 행동을 뭐라고 하나요?', 'Hành động mua đồ mà không có kế hoạch trước, chỉ do cảm xúc bộc phát được gọi là gì?', ARRAY['신중구매', '충동구매', '필수구매', '예정구매']::text[], '충동구매', '충동구매 (impulse buying) là mua hàng một cách bốc đồng, không suy nghĩ kỹ, thường do cảm xúc hoặc sự hấp dẫn tức thời.', '085d800f-af19-4775-84e7-c5573f14f7ef', '2026-01-11T09:51:05.055Z', '2026-01-11T09:51:05.055Z'),
  ('6c333ac3-8edd-4bec-aebd-7e6574c14446', '______를 하지 않으려면 쇼핑 리스트를 미리 작성하는 게 좋아요.', 'Để không ______, nên lập danh sách mua sắm trước.', ARRAY['필수구매', '충동구매', '온라인쇼핑', '대량구매']::text[], '충동구매', 'Việc lập danh sách mua sắm trước giúp tập trung vào những món cần thiết và tránh mua sắm bốc đồng (충동구매).', '085d800f-af19-4775-84e7-c5573f14f7ef', '2026-01-11T09:51:05.055Z', '2026-01-11T09:51:05.055Z'),
  ('5da5a393-2c02-49c2-9770-c1f83b43e3bc', '가격 대비 성능이나 만족도가 높은 것을 뭐라고 표현하나요?', 'Đồ vật có hiệu suất hoặc mức độ hài lòng cao so với giá cả được diễn đạt thế nào?', ARRAY['가성비가 좋다', '가격이 비싸다', '디자인이 예쁘다', '브랜드가 유명하다']::text[], '가성비가 좋다', '''가성비가 좋다'' có nghĩa là hiệu quả chi phí tốt, tức là chất lượng/sản phẩm tốt so với mức giá phải trả.', 'c269c3c8-3588-44d7-8a2f-fcc22f30a4f8', '2026-01-11T09:51:05.055Z', '2026-01-11T09:51:05.055Z'),
  ('5b9c7baa-9ac3-40c5-be39-5e8e0ae205e0', '한국에서 ______ 좋은 제품을 찾는 소비자들이 많아요.', 'Ở Hàn Quốc, có nhiều người tiêu dùng tìm kiếm sản phẩm có ______ tốt.', ARRAY['가성비', '브랜드', '포장', '광고']::text[], '가성비', '가성비 là một yếu tố quan trọng trong quyết định mua hàng, đặc biệt đối với những người tiêu dùng muốn tối ưu hóa ngân sách.', 'c269c3c8-3588-44d7-8a2f-fcc22f30a4f8', '2026-01-11T09:51:05.055Z', '2026-01-11T09:51:05.055Z'),
  ('d236e05e-0d36-411a-8e63-56009199e3ba', '돈이나 물건, 시간 등을 아끼고 덜 쓰도록 노력하는 것을 뭐라고 하나요?', 'Việc cố gắng sử dụng ít tiền, đồ đạc, thời gian đi được gọi là gì?', ARRAY['낭비하다', '절약하다', '소비하다', '지출하다']::text[], '절약하다', '절약하다 có nghĩa là tiết kiệm, sử dụng một cách hợp lý và không lãng phí tài nguyên như tiền bạc, thời gian, năng lượng.', '265b56cb-edbd-4f1d-91ec-f5c7c547ba14', '2026-01-11T09:51:05.055Z', '2026-01-11T09:51:05.055Z'),
  ('439d8e99-055b-49ad-9b0c-816287578a3f', '"______하는 습관"을 들이면 미래에 큰 도움이 돼요.', 'Nếu hình thành "thói quen ______" thì sẽ rất có ích cho tương lai.', ARRAY['소비', '낭비', '절약', '사치']::text[], '절약', '절약하는 습관 (thói quen tiết kiệm) giúp quản lý tài chính cá nhân tốt hơn và chuẩn bị cho các mục tiêu tương lai.', '265b56cb-edbd-4f1d-91ec-f5c7c547ba14', '2026-01-11T09:51:05.055Z', '2026-01-11T09:51:05.055Z'),
  ('1723efd9-7456-49c6-9552-1e40339c66b1', '온라인 쇼핑에서 구매를 고려 중인 상품들을 임시로 모아두는 가상 공간은?', 'Không gian ảo tạm thời lưu giữ những sản phẩm đang cân nhắc mua khi mua sắm trực tuyến là gì?', ARRAY['찜 목록', '주문 내역', '장바구니', '마이페이지']::text[], '장바구니', '장바구니 có nghĩa là ''giỏ hàng'' (Shopping cart). Đây là tính năng cơ bản trên các trang thương mại điện tử, cho phép người dùng thêm (담다) hoặc bỏ (빼다) các sản phẩm trước khi tiến hành thanh toán (결제). ''장바구니에 담아두다'' có nghĩa là để dành để mua sau.', 'a578395a-d394-4772-a745-6604a84db605', '2026-01-11T09:51:05.055Z', '2026-01-11T09:51:05.055Z'),
  ('521e88d3-b255-45b2-a2c5-b0283cc39e49', '구매한 상품의 대금을 지불하는 과정은?', 'Quá trình chi trả tiền cho sản phẩm đã mua là gì?', ARRAY['배송하다', '결제하다', '주문하다', '검색하다']::text[], '결제하다', '결제하다 có nghĩa là ''thanh toán'' (to pay/make a payment). Trên các trang mua sắm online, sau khi chọn sản phẩm vào ''장바구니'', bạn sẽ tiến hành ''결제'' thông qua các phương thức như ''신용카드'' (thẻ tín dụng), ''계좌 이체'' (chuyển khoản), ''휴대폰 결제'' (thanh toán bằng điện thoại), hoặc ''무통장 입금'' (chuyển khoản không cần tài khoản).', '7ff74cdb-7d3e-42b1-aa48-6cda8948fcf1', '2026-01-11T09:51:05.055Z', '2026-01-11T09:51:05.055Z'),
  ('e0fa4066-6543-43a8-a663-64f35f5e692f', '주문한 상품을 고객의 집이나 지정 장소로 보내는 서비스는?', 'Dịch vụ vận chuyển sản phẩm đã đặt hàng đến nhà hoặc địa chỉ chỉ định của khách hàng là gì?', ARRAY['포장', '배송', '반품', '판매']::text[], '배송', '배송 có nghĩa là ''giao hàng'' (Delivery). Sau khi ''결제'' xong, bạn sẽ nhận được ''배송 추적 번호'' (mã theo dõi vận chuyển) để biết tình trạng hàng hóa. Các cụm từ phổ biến: ''빠른 배송'' (giao hàng nhanh), ''무료 배송'' (miễn phí giao hàng), ''배송비'' (phí giao hàng).', 'b4d3fce4-7705-4c04-9698-413224fd278b', '2026-01-11T09:51:05.055Z', '2026-01-11T09:51:05.055Z'),
  ('22e97695-43d7-4ab0-b139-a3aaca3266c3', '일정 금액 이상 구매할 경우 배송 비용이 발생하지 않는 혜택은?', 'Lợi ích khi không phát sinh chi phí vận chuyển nếu mua hàng trên một số tiền nhất định là gì?', ARRAY['할인 배송', '무료 배송', '프리미엄 배송', '지연 배송']::text[], '무료 배송', '무료 배송 có nghĩa là ''miễn phí giao hàng'' (Free shipping). Đây là một chương trình khuyến mãi phổ biến để thu hút khách hàng. Thường đi kèm với điều kiện như ''X만 원 이상 구매 시'' (khi mua trên X won). Người mua thường cố gắng mua đủ số tiền để được hưởng ưu đãi này.', '616c44ca-9181-4f55-a007-6b5ba31facb9', '2026-01-11T09:51:05.055Z', '2026-01-11T09:51:05.055Z'),
  ('138beb8d-56ba-4b27-a2ce-960e9be79ca7', '받은 상품이 마음에 들지 않거나 문제가 있어 판매자에게 다시 보내는 것은?', 'Việc gửi trả lại sản phẩm đã nhận cho người bán vì không hài lòng hoặc có vấn đề là gì?', ARRAY['교환하다', '반품하다', '구매하다', '보관하다']::text[], '반품하다', '반품하다 có nghĩa là ''trả lại hàng'' (to return goods). Khi sản phẩm có lỗi (불량), không đúng mô tả, hoặc đơn giản là không vừa ý (마음에 안 들다), khách hàng có thể yêu cầu ''반품'' trong một khoảng thời gian nhất định (''반품 기간'' - thời hạn trả hàng) để nhận lại tiền (환불).', '09c74cb7-8654-4ff1-ac74-766078571301', '2026-01-11T09:51:05.055Z', '2026-01-11T09:51:05.055Z'),
  ('4dc6f6ad-c63f-42be-878d-fc81de96f672', '구매한 상품을 다른 색상, 사이즈, 종류의 상품으로 바꾸는 것은?', 'Việc đổi sản phẩm đã mua sang một sản phẩm khác về màu sắc, kích cỡ hoặc loại là gì?', ARRAY['환불하다', '교환하다', '반품하다', '기부하다']::text[], '교환하다', '교환하다 có nghĩa là ''đổi hàng'' (to exchange goods). Lý do phổ biến nhất là ''사이즈가 안 맞다'' (không vừa kích cỡ) hoặc ''색상이 마음에 안 들다'' (không thích màu sắc). Thông thường, bạn có thể ''교환'' trong vòng 7 ngày (교환 기간) nếu sản phẩm chưa qua sử dụng và còn nguyên tem mác.', 'edf8d870-2d2d-4740-9ed3-7e48a00b61b6', '2026-01-11T09:51:05.055Z', '2026-01-11T09:51:05.055Z'),
  ('dfc2d75d-e523-40c4-8b37-f59d26239421', '상품을 실제로 구매하고 사용해 본 소비자가 남기는 평가 글은?', 'Bài đánh giá do người tiêu dùng đã thực sự mua và sử dụng sản phẩm để lại là gì?', ARRAY['광고', '후기', '설명서', '공지사항']::text[], '후기', '후기 có nghĩa là ''đánh giá'', ''nhận xét'' hoặc ''review''. Đọc ''실제 구매 후기'' (review từ người mua thật) trước khi mua hàng là thói quen quan trọng để đánh giá chất lượng, kích thước thực tế và trải nghiệm sử dụng sản phẩm. ''좋은 후기'' (đánh giá tốt) giúp tăng độ tin cậy của sản phẩm và người bán.', 'c91150cd-04ad-4da6-bf35-2fc50797a8a7', '2026-01-11T09:51:05.055Z', '2026-01-11T09:51:05.055Z'),
  ('dee01cd7-cba6-4681-9c44-257c7ab07a56', '소비자가 미리 정해진 한도 내에서 물건을 사거나 돈을 빌릴 수 있는 플라스틱 카드는 무엇인가요?', 'Loại thẻ nhựa cho phép người tiêu dùng mua hàng hóa hoặc vay tiền trong một hạn mức định trước là gì?', ARRAY['체크카드', '신용카드', '선불카드', '회원카드']::text[], '신용카드', '신용카드 có nghĩa là ''thẻ tín dụng''. Người dùng có thể chi tiêu trước và trả lại tiền cho ngân hàng sau theo kỳ hạn định kỳ (thường là hàng tháng). Việc sử dụng có ảnh hưởng đến 신용등급 (hạng tín dụng).', 'a7115240-eb0f-4f0f-aab4-db78ffd02dc8', '2026-01-11T09:51:05.055Z', '2026-01-11T09:51:05.055Z'),
  ('54f49f84-8ae4-4624-899c-e63cfab17023', '은행 계좌에 직접 연결되어, 통장 잔고 범위 내에서 즉시 결제되는 카드는 무엇인가요?', 'Loại thẻ được liên kết trực tiếp với tài khoản ngân hàng, cho phép thanh toán ngay lập tức trong phạm vi số dư tài khoản là gì?', ARRAY['신용카드', '체크카드', '상품권', '신분증']::text[], '체크카드', '체크카드 có nghĩa là ''thẻ ghi nợ'' hoặc ''thẻ thanh toán''. Khi thanh toán, số tiền sẽ được trừ trực tiếp và ngay lập tức từ tài khoản ngân hàng liên kết với thẻ. Đây không phải là hình thức vay mượn.', 'e2e0cb8a-d1fe-4a85-b8f0-33b327397531', '2026-01-11T09:51:05.055Z', '2026-01-11T09:51:05.055Z'),
  ('87f918e3-9a13-4b9b-9a09-27f0e18805ab', '제품 가격을 한 번에 내지 않고, 여러 차례에 나누어 조금씩 지불하는 구매 방식을 뭐라고 하나요?', 'Phương thức mua hàng không trả toàn bộ giá trị sản phẩm một lần, mà chia thành nhiều lần trả nhỏ được gọi là gì?', ARRAY['할인', '현금결제', '할부', '대금']::text[], '할부', '할부 có nghĩa là ''trả góp'', ''thanh toán theo kỳ hạn''. Thường có thể là 무이자 할부 (trả góp không lãi suất) hoặc 유이자 할부 (trả góp có lãi suất). Số kỳ hạn phổ biến là 3개월, 6개월, 12개월.', '0f5ef9b7-5f0e-4422-919f-8cda1b3e3770', '2026-01-11T09:51:05.055Z', '2026-01-11T09:51:05.055Z'),
  ('f2b79a57-bddc-44bf-8197-ac71150d6e86', '은행이나 금융 기관으로부터 일정 금액을 빌려서, 나중에 이자와 함께 갚는 것을 뭐라고 하나요?', 'Việc mượn một khoản tiền nhất định từ ngân hàng hoặc tổ chức tài chính và sau đó hoàn trả cùng với lãi suất được gọi là gì?', ARRAY['예금', '대출', '송금', '보험']::text[], '대출', '대출 có nghĩa là ''vay tiền'', ''khoản vay''. Có nhiều loại như 주택 대출 (vay mua nhà), 학자금 대출 (vay học phí). Việc được duyệt 대출 hay không phụ thuộc nhiều vào 신용등급 (hạng tín dụng) của người vay.', '474c7f2d-7ea0-4e20-acde-a2813a04b6f0', '2026-01-11T09:51:05.055Z', '2026-01-11T09:51:05.055Z'),
  ('516a1fae-6338-4ddb-ad04-5b622838e0e8', '돈을 빌려주는 대가로 지불하는 추가 비용, 또는 예금한 돈에 대해 받는 추가 수익을 뭐라고 하나요?', 'Khoản phí bổ sung phải trả cho việc vay tiền, hoặc thu nhập bổ sung nhận được từ số tiền gửi tiết kiệm được gọi là gì?', ARRAY['원금', '수수료', '이자', '보너스']::text[], '이자', '이자 có nghĩa là ''lãi suất'' hoặc ''tiền lãi''. Khi vay tiền (대출), đây là chi phí phải trả thêm. Khi gửi tiết kiệm (예금), đây là thu nhập nhận được. 높은 이자 (lãi cao) là lợi thế cho người gửi tiền nhưng là gánh nặng cho người vay.', '59918c02-a1bc-4af3-857c-034e3693e5fd', '2026-01-11T09:51:05.055Z', '2026-01-11T09:51:05.055Z'),
  ('5c0ab9ae-e8ec-4ddc-b1e9-400bd7f5d1c2', '개인의 재정 상태와 채무 상환 능력, 신용 이력을 평가하여 매기는 점수나 등급은 무엇인가요?', 'Điểm số hoặc hạng được đánh giá dựa trên tình hình tài chính, khả năng trả nợ và lịch sử tín dụng của một cá nhân là gì?', ARRAY['학점', '신용등급', '연봉', '자산']::text[], '신용등급', '신용등급 có nghĩa là ''hạng tín dụng'' hoặc ''điểm tín dụng''. Đây là chỉ số quan trọng ảnh hưởng đến khả năng vay tiền, lãi suất được áp dụng, thậm chí cả việc thuê nhà. 신용등급을 관리하다 (quản lý hạng tín dụng) là việc rất cần thiết.', '00421dda-bc0f-4476-b216-76437ab2d8fd', '2026-01-11T09:51:05.055Z', '2026-01-11T09:51:05.055Z'),
  ('d51d65cf-88a6-4348-972c-0d2ba2c38ed9', '쓰지 않고 돈을 모아 두는 행위를 뭐라고 하나요?', 'Hành động không sử dụng mà tích góp tiền lại được gọi là gì?', ARRAY['소비하다', '저축하다', '투자하다', '낭비하다']::text[], '저축하다', '저축하다 có nghĩa là tiết kiệm, dành dụm tiền, thường bằng cách gửi vào ngân hàng hoặc giữ lại không tiêu.', '672f4bc3-7969-4e02-b97e-2098166acefc', '2026-01-11T09:51:05.055Z', '2026-01-11T09:51:05.055Z'),
  ('af031e94-ee23-4da6-bc2e-69c0888f4586', '은행에 ______ 통장을 만들었어요.', 'Tôi đã mở một tài khoản ______ ở ngân hàng.', ARRAY['저축', '투자', '수익', '소비']::text[], '저축', '저축 통장 là tài khoản tiết kiệm tại ngân hàng, nơi bạn gửi tiền vào để tích lũy và thường nhận được lãi suất.', '672f4bc3-7969-4e02-b97e-2098166acefc', '2026-01-11T09:51:05.055Z', '2026-01-11T09:51:05.055Z'),
  ('9f485753-61de-4121-b35b-89de107723b2', '장래의 수익을 기대하며 돈을 부어 넣는 행위를 뭐라고 하나요?', 'Hành động bỏ tiền vào với kỳ vọng thu được lợi nhuận trong tương lai được gọi là gì?', ARRAY['저축하다', '기부하다', '투자하다', '대출하다']::text[], '투자하다', '투자하다 có nghĩa là đầu tư, sử dụng tiền hoặc nguồn lực với mục đích sinh lời hoặc thu về lợi ích trong tương lai.', 'f683992c-17de-44d9-b928-edc688a93855', '2026-01-11T09:51:05.055Z', '2026-01-11T09:51:05.055Z'),
  ('3bd6cd0c-4d97-42d4-bbb7-d595c6af6ab1', '______를 할 때는 항상 위험을 고려해야 해요.', 'Khi ______, luôn phải cân nhắc rủi ro.', ARRAY['소비', '저축', '투자', '기부']::text[], '투자', '투자 (đầu tư) luôn đi kèm với rủi ro, vì lợi nhuận tiềm năng có thể đi kèm với khả năng thua lỗ.', 'f683992c-17de-44d9-b928-edc688a93855', '2026-01-11T09:51:05.055Z', '2026-01-11T09:51:05.055Z'),
  ('683c6ed9-098e-4632-bc36-810ac9be8523', '회사의 소유권 일부를 나타내는 증서를 뭐라고 하나요?', 'Giấy tờ đại diện cho một phần quyền sở hữu công ty được gọi là gì?', ARRAY['채권', '주식', '펀드', '예금']::text[], '주식', '주식 là cổ phiếu, một loại chứng khoán đại diện cho quyền sở hữu một phần trong công ty.', '276b6564-4f05-4453-9c9c-f44c7f591d94', '2026-01-11T09:51:05.055Z', '2026-01-11T09:51:05.055Z'),
  ('b39ba134-251f-4ce0-bb65-a359918e63fd', '"______ 시장"은 주식이 거래되는 장소예요.', '"______ thị trường" là nơi cổ phiếu được giao dịch.', ARRAY['부동산', '주식', '환율', '채권']::text[], '주식', '주식 시장 (stock market) hay 증권 시장 là thị trường nơi diễn ra việc mua bán cổ phiếu.', '276b6564-4f05-4453-9c9c-f44c7f591d94', '2026-01-11T09:51:05.055Z', '2026-01-11T09:51:05.055Z'),
  ('f188e976-8c11-49d0-8b8d-162fb1aeb63b', '많은 사람들의 돈을 모아 전문가가 주식, 채권 등에 투자하는 상품을 뭐라고 하나요?', 'Sản phẩm tài chính mà tiền của nhiều người được gom lại và chuyên gia đầu tư vào cổ phiếu, trái phiếu, v.v. được gọi là gì?', ARRAY['예금', '대출', '펀드', '보험']::text[], '펀드', '펀드 (fund) là quỹ đầu tư, nơi tiền của nhiều nhà đầu tư được tập hợp và quản lý chuyên nghiệp để đầu tư vào danh mục đa dạng các tài sản.', '169ac16b-0342-4a4c-bcfb-8b0cd8745868', '2026-01-11T09:51:05.055Z', '2026-01-11T09:51:05.055Z'),
  ('e9ac6ffd-4a04-4577-a69c-a15ae181c32e', '______ 매니저가 투자를 대신 관리해 줘요.', '______ quản lý sẽ thay mặt quản lý việc đầu tư.', ARRAY['펀드', '주식', '채권', '예금']::text[], '펀드', '펀드 매니저 (fund manager) là người quản lý quỹ, đưa ra các quyết định đầu tư thay mặt cho các nhà đầu tư trong quỹ.', '169ac16b-0342-4a4c-bcfb-8b0cd8745868', '2026-01-11T09:51:05.055Z', '2026-01-11T09:51:05.055Z'),
  ('73dcf1ec-8531-4ac2-b90d-b2e9e5fec57b', '투자한 금액 대비 얻은 이익의 비율을 뭐라고 하나요?', 'Tỷ lệ lợi nhuận thu được so với số tiền đầu tư được gọi là gì?', ARRAY['환율', '이자율', '수익률', '인플레이션율']::text[], '수익률', '수익률 là tỷ suất lợi nhuận, thường được biểu thị bằng phần trăm, cho biết mức độ sinh lời của một khoản đầu tư.', '9c7b811e-8d3e-43de-8d3d-b9275dd3524e', '2026-01-11T09:51:05.055Z', '2026-01-11T09:51:05.055Z'),
  ('5da35efe-a4e4-42ce-8e9a-67a09db232f7', '______이 높을수록 위험도 커질 수 있어요.', '______ càng cao thì rủi ro cũng có thể càng lớn.', ARRAY['수익률', '환율', '금리', '세율']::text[], '수익률', 'Thông thường, các khoản đầu tư có tiềm năng 수익률 (수익률) cao hơn thường đi kèm với mức độ rủi ro cao hơn.', '9c7b811e-8d3e-43de-8d3d-b9275dd3524e', '2026-01-11T09:51:05.055Z', '2026-01-11T09:51:05.055Z'),
  ('a4ed1639-332e-4835-b1f3-9a0569f73d9d', '한 나라의 통화를 다른 나라 통화로 바꿀 때 적용되는 비율을 뭐라고 하나요?', 'Tỷ lệ được áp dụng khi chuyển đổi tiền tệ của một quốc gia sang tiền tệ của quốc gia khác được gọi là gì?', ARRAY['금리', '수익률', '환율', '세율']::text[], '환율', '환율 là tỷ giá hối đoái, giá trị của một đồng tiền này được biểu thị bằng một đồng tiền khác.', 'ed05ee4e-52f8-4992-ac39-9d2d8ad303e9', '2026-01-11T09:51:05.055Z', '2026-01-11T09:51:05.055Z'),
  ('b26f0a17-4393-4e55-b918-b8ed73868ced', '해외 여행을 가기 전에 ______을/를 확인해야 해요.', 'Trước khi đi du lịch nước ngoài, phải kiểm tra ______.', ARRAY['날씨', '환율', '비행기 스케줄', '숙소 예약']::text[], '환율', 'Việc kiểm tra tỷ giá hối đoái (환율) giúp du khách biết được giá trị đồng tiền của mình khi đổi sang tiền địa phương.', 'ed05ee4e-52f8-4992-ac39-9d2d8ad303e9', '2026-01-11T09:51:05.055Z', '2026-01-11T09:51:05.055Z'),
  ('2792a55f-7b69-431a-9730-a3381b2b17ff', '개인의 자산을 늘리기 위한 재정 관리 활동을 뭐라고 하나요?', 'Hoạt động quản lý tài chính nhằm tăng tài sản cá nhân được gọi là gì?', ARRAY['재테크', '다이어트', '셀프케어', '타임매니지먼트']::text[], '재테크', '재테크 là thuật ngữ ghép của 재산 (tài sản) và 테크놀로지 (công nghệ), chỉ việc quản lý, đầu tư tài chính cá nhân một cách thông minh.', '318ee777-fbb9-4629-b5e3-accc7e6ee7ca', '2026-01-11T09:51:05.055Z', '2026-01-11T09:51:05.055Z'),
  ('e6869ada-a198-410b-94cb-e484264f159f', '______에 성공하려면 공부가 필요해요.', 'Để thành công trong ______, cần phải học hỏi.', ARRAY['요리', '운동', '재테크', '공부']::text[], '재테크', '재테크 đòi hỏi kiến thức về tài chính, đầu tư, thuế và lập kế hoạch để đưa ra các quyết định sáng suốt.', '318ee777-fbb9-4629-b5e3-accc7e6ee7ca', '2026-01-11T09:51:05.055Z', '2026-01-11T09:51:05.055Z'),
  ('e3f6e9b2-f78f-4da0-b66a-fb7ba40ea590', '국가나 지방자치단체가 공공 서비스를 위해 국민에게 부과하는 의무적 납부금은?', 'Khoản tiền bắt buộc công dân phải nộp cho nhà nước hoặc chính quyền địa phương để phục vụ các dịch vụ công cộng là gì?', ARRAY['기부금', '수수료', '세금', '보험료']::text[], '세금', '세금 có nghĩa là ''thuế'' (Tax). Đây là nguồn thu chính của chính phủ để vận hành đất nước, xây dựng cơ sở hạ tầng, cung cấp phúc lợi xã hội và dịch vụ công. Thuế thường được ''공제하다'' (khấu trừ) trực tiếp từ thu nhập (소득) như lương tháng.', '26ccc2c2-a445-44a6-8890-1849de7591cd', '2026-01-11T09:51:05.055Z', '2026-01-11T09:51:05.055Z'),
  ('cb007cd1-09be-4fd0-aaf6-569b84d78749', '개인이나 법인이 일정 기간 동안 벌어들인 소득에 대해 부과되는 세금은?', 'Loại thuế được đánh vào thu nhập mà một cá nhân hoặc pháp nhân kiếm được trong một khoảng thời gian nhất định là gì?', ARRAY['소비세', '소득세', '재산세', '관세']::text[], '소득세', '소득세 có nghĩa là ''thuế thu nhập'' (Income tax). Ở Hàn Quốc, đây là một trong những loại thuế chính. Thuế suất thường được áp dụng theo nguyên tắc ''누진세'' (thuế lũy tiến), nghĩa là thu nhập càng cao thì tỷ lệ phần trăm thuế phải nộp cũng càng cao, nhằm đảm bảo công bằng xã hội.', 'cf973968-4d4e-44b2-8712-477ac9a99327', '2026-01-11T09:51:05.055Z', '2026-01-11T09:51:05.055Z'),
  ('101793e9-eae9-4146-8d6a-28d1a4a1e023', '1년 동안 납부한 소득세를 다시 계산하여 과납부액을 돌려받거나 부족액을 추가 납부하는 절차는?', 'Quy trình tính toán lại số thuế thu nhập đã nộp trong một năm, để được hoàn lại tiền nếu đã nộp thừa hoặc phải nộp thêm nếu còn thiếu, là gì?', ARRAY['중간 정산', '연말정산', '월세 정산', '예산 편성']::text[], '연말정산', '연말정산 có nghĩa là ''quyết toán thuế cuối năm'' (Year-end tax settlement). Vào đầu năm sau (thường từ tháng 2 đến tháng 5), người lao động sẽ tổng hợp các khoản chi phí được khấu trừ thuế (공제) như bảo hiểm, giáo dục con cái, tặng quà từ thiện, v.v. để nộp cho công ty hoặc cơ quan thuế. Nếu tổng số tiền khấu trừ nhiều hơn số thuế đã nộp trong năm, bạn sẽ được ''환급'' (hoàn thuế).', '635185d7-117f-4d20-a5d6-382fb916da65', '2026-01-11T09:51:05.055Z', '2026-01-11T09:51:05.055Z'),
  ('b6cf4d34-c5c0-4295-8ebb-f4e0aec43eac', '질병, 사고, 노후 등 예상치 못한 위험에 대비해 보험 회사와 계약을 체결하는 것은?', 'Việc ký kết hợp đồng với một công ty bảo hiểm để đề phòng trước những rủi ro bất ngờ như bệnh tật, tai nạn, tuổi già là gì?', ARRAY['계약을 파기하다', '보험에 가입하다', '투자를 하다', '대출을 받다']::text[], '보험에 가입하다', '보험에 가입하다 có nghĩa là ''tham gia bảo hiểm'' (to take out/subscribe to an insurance). Có nhiều loại bảo hiểm khác nhau: ''건강보험'' (bảo hiểm y tế quốc gia), ''실비보험'' (bảo hiểm chi phí thực tế - bổ sung), ''생명보험'' (bảo hiểm nhân thọ), ''자동차보험'' (bảo hiểm xe hơi). Việc 가입하다 giúp chia sẻ rủi ro tài chính.', 'e4b37112-1064-42d0-bec5-38f637e061ab', '2026-01-11T09:51:05.055Z', '2026-01-11T09:51:05.055Z'),
  ('62714d0c-deb0-4a0b-85f8-ed1c9976d82d', '보험의 보장을 받기 위해 보험 회사에 정기적으로 지불하는 돈은?', 'Số tiền phải trả định kỳ cho công ty bảo hiểm để được hưởng sự bảo vệ của hợp đồng bảo hiểm là gì?', ARRAY['보험금', '보험료', '수수료', '이자']::text[], '보험료', '보험료 có nghĩa là ''phí bảo hiểm'' (Insurance premium). Đây là khoản tiền mà người được bảo hiểm (보험 가입자) phải đóng cho công ty bảo hiểm theo định kỳ (tháng, quý, năm). Mức phí được xác định dựa trên loại bảo hiểm, độ tuổi, giới tính, tình trạng sức khỏe và mức độ rủi ro.', 'b377aa06-ddaf-4369-ab30-6f87ab3b6d83', '2026-01-11T09:51:05.055Z', '2026-01-11T09:51:05.055Z'),
  ('26a6b0bd-8796-4c4b-893a-feb059114f80', '보험 사고가 발생했을 때 보험 회사로부터 받는 약속된 금액은?', 'Số tiền được nhận từ công ty bảo hiểm khi xảy ra sự cố bảo hiểm như đã thỏa thuận là gì?', ARRAY['보험료', '보험금', '배당금', '퇴직금']::text[], '보험금', '보험금 có nghĩa là ''tiền bồi thường bảo hiểm'' (Insurance benefit/payout). Khi sự kiện được bảo hiểm (보험 사고) xảy ra (ví dụ: ốm đau, tai nạn, hỏa hoạn), người được bảo hiểm hoặc người thụ hưởng (수익자) sẽ làm thủ tục ''보험금을 청구하다'' (yêu cầu chi trả bảo hiểm) để nhận khoản tiền này, giúp khắc phục hậu quả tài chính.', 'b9274956-3bb3-4146-85f1-43ded05bc121', '2026-01-11T09:51:05.055Z', '2026-01-11T09:51:05.055Z'),
  ('99257968-057b-4a9f-9835-869f7276ed27', '상품이나 서비스를 사서 사용하는 일반 사람을 뭐라고 하나요?', 'Người dân bình thường mua và sử dụng hàng hóa, dịch vụ được gọi là gì?', ARRAY['생산자', '판매자', '소비자', '관리자']::text[], '소비자', '소비자 có nghĩa là ''người tiêu dùng''. Họ được pháp luật bảo vệ quyền lợi (소비자 권리) như quyền được thông tin chính xác, quyền an toàn, quyền lựa chọn và quyền khiếu nại.', '38ad9967-d910-49d8-9260-e26d91f7295f', '2026-01-11T09:51:05.055Z', '2026-01-11T09:51:05.055Z'),
  ('8af604f6-0748-4b02-8e84-1d1f96a198c1', '제품, 서비스, 대우 등에 대해 만족하지 못하고 마음에 들지 않는 감정이나 의견을 뭐라고 하나요?', 'Cảm xúc hoặc ý kiến không hài lòng, không vừa ý về sản phẩm, dịch vụ hoặc cách đối xử được gọi là gì?', ARRAY['감사', '불만', '만족', '기대']::text[], '불만', '불만 có nghĩa là ''sự bất mãn'', ''sự không hài lòng''. Khi có 불만, người tiêu dùng có thể 표현하다 (bày tỏ), 제기하다 (đưa ra) hoặc 접수하다 (tiếp nhận, nộp đơn) để được giải quyết.', '3c0835d4-2cc1-4aa0-9dfe-fb57c6b77d71', '2026-01-11T09:51:05.055Z', '2026-01-11T09:51:05.055Z'),
  ('3464abd7-fbdd-4b09-a934-542fa95c4426', '이미 지불한 돈을 다시 돌려받는 것을 뭐라고 하나요?', 'Việc nhận lại tiền đã thanh toán trước đó được gọi là gì?', ARRAY['할부', '환불', '할인', '결제']::text[], '환불', '환불 có nghĩa là ''sự hoàn tiền'', ''việc trả lại tiền''. Đây là một trong các giải pháp khi người tiêu dùng không hài lòng với sản phẩm, thay vì 교환하다 (đổi hàng) hoặc 수리해 주다 (sửa chữa).', '99755916-d752-44e8-afb8-30b9f50999d2', '2026-01-11T09:51:05.055Z', '2026-01-11T09:51:05.055Z'),
  ('58d2b780-b7cc-4ab8-87d8-7891ed009f00', '고객의 질문, 불만, 요청 등을 처리하는 회사의 부서나 전화 상담 창구는 무엇인가요?', 'Bộ phận của công ty hoặc đường dây tư vấn qua điện thoại xử lý các câu hỏi, khiếu nại, yêu cầu của khách hàng là gì?', ARRAY['연구소', '고객센터', '홍보실', '물류센터']::text[], '고객센터', '고객센터 có nghĩa là ''trung tâm chăm sóc khách hàng'' (Customer Service Center). Đây là kênh liên lạc chính thức để người tiêu dùng 문의하다 (thắc mắc), 신고하다 (báo cáo) hoặc 불만을 제기하다 (khiếu nại).', 'ce9df05a-6e4b-495b-8b11-c40b8adae171', '2026-01-11T09:51:05.055Z', '2026-01-11T09:51:05.055Z'),
  ('9c293f4d-2399-4b31-aac2-1c49eb8a345a', '제품에 문제가 생겼을 때 무상 수리나 교환을 받을 수 있는 약정된 기간은 무엇인가요?', 'Khoảng thời gian đã thỏa thuận mà người tiêu dùng có thể được sửa chữa hoặc đổi sản phẩm miễn phí nếu sản phẩm có vấn đề là gì?', ARRAY['할인 기간', '보증 기간', '판매 기간', '훈련 기간']::text[], '보증 기간', '보증 기간 có nghĩa là ''thời gian bảo hành''. Trong khoảng thời gian này (thường là 1년 hoặc lâu hơn tùy sản phẩm), nhà sản xuất hoặc cửa hàng chịu trách nhiệm sửa chữa miễn phí (무상 수리) cho các lỗi phát sinh.', '464ec355-c73c-4c1b-9055-9592ef4906f0', '2026-01-11T09:51:05.055Z', '2026-01-11T09:51:05.055Z'),
  ('51e32a99-ce3c-441b-aa6d-201a23c7b134', '실제 제품의 품질이나 효과보다 훨씬 더 좋게 과장하여 홍보하는 것을 뭐라고 하나요?', 'Việc quảng cáo, tuyên truyền về chất lượng hoặc hiệu quả sản phẩm một cách cường điệu, vượt xa thực tế được gọi là gì?', ARRAY['정직한 광고', '정보성 광고', '과대광고', '공익 광고']::text[], '과대광고', '과대광고 có nghĩa là ''quảng cáo phóng đại'', ''quảng cáo cường điệu''. Đây là hành vi lừa dối người tiêu dùng (소비자를 속이다) và có thể bị xử phạt. Người tiêu dùng nên 주의하다 (cẩn thận) để tránh bị ảnh hưởng.', '54f0255f-b033-44d3-8884-5522d0cba467', '2026-01-11T09:51:05.055Z', '2026-01-11T09:51:05.055Z'),
  ('aab2a164-0e09-4ce7-a8de-0034902c9112', '생활에 필요한 물건이나 서비스의 가격 수준을 통틀어 뭐라고 하나요?', 'Mức giá chung của hàng hóa và dịch vụ thiết yếu trong đời sống được gọi là gì?', ARRAY['물가', '급여', '이윤', '세금']::text[], '물가', '물가 (물건 + 가격) là giá cả thị trường, mức giá chung của hàng hóa và dịch vụ trong một nền kinh tế tại một thời điểm nhất định.', 'c578ae91-acde-4fe9-9460-f979e11a3860', '2026-01-11T09:51:05.055Z', '2026-01-11T09:51:05.055Z'),
  ('b9a6ea30-1003-4a73-aa4e-4c9a77caa955', '"______ 안정"은 국가 경제의 중요한 목표 중 하나예요.', '"______ ổn định" là một trong những mục tiêu quan trọng của kinh tế quốc gia.', ARRAY['물가', '환율', '금리', '주가']::text[], '물가', '물가 안정 (price stability) là tình trạng mức giá chung không tăng (lạm phát) hoặc giảm (giảm phát) quá nhanh, giúp bảo vệ sức mua của người dân.', 'c578ae91-acde-4fe9-9460-f979e11a3860', '2026-01-11T09:51:05.055Z', '2026-01-11T09:51:05.055Z'),
  ('96b0431d-a3e5-4407-a8e7-55cb118eb0e8', '물가나 요금, 급여 등이 높아지는 것을 뭐라고 하나요?', 'Việc giá cả, phí, lương, v.v. trở nên cao hơn được gọi là gì?', ARRAY['인하되다', '인상되다', '고정되다', '변동되다']::text[], '인상되다', '인상되다 có nghĩa là được nâng lên, tăng lên (về giá cả, mức lương, giá trị).', 'f35ca828-049f-480e-a83e-bddc654ca2fd', '2026-01-11T09:51:05.055Z', '2026-01-11T09:51:05.055Z'),
  ('e17085f2-bd61-4276-a40a-cd5a469add0d', '세일 기간에는 상품 가격이 많이 ______.', 'Trong thời gian giảm giá, giá sản phẩm bị ______ nhiều.', ARRAY['인상돼요', '인하돼요', '고정돼요', '변동돼요']::text[], '인하돼요', '인하되다 có nghĩa là được hạ xuống, giảm xuống (về giá cả, mức phí). Thường dùng trong các đợt khuyến mãi, giảm giá.', 'f35ca828-049f-480e-a83e-bddc654ca2fd', '2026-01-11T09:51:05.055Z', '2026-01-11T09:51:05.055Z'),
  ('040862c9-6651-4177-9e4e-e12ec0665f23', '한 나라의 재화와 서비스의 생산, 분배, 소비 활동을 총칭하는 말은?', 'Từ ngữ chỉ chung các hoạt động sản xuất, phân phối, tiêu dùng hàng hóa và dịch vụ của một quốc gia là gì?', ARRAY['정치', '문화', '경제', '사회']::text[], '경제', '경제 là toàn bộ hệ thống các hoạt động liên quan đến sản xuất, tiêu dùng và trao đổi hàng hóa, dịch vụ của một khu vực hoặc quốc gia.', 'c1acf0b7-fd6a-4821-a593-8604da67d9eb', '2026-01-11T09:51:05.055Z', '2026-01-11T09:51:05.055Z'),
  ('cf54f64b-0a46-4f26-9000-77633be7c36b', '"______ 성장"은 국가의 중요한 발전 지표예요.', '"______ tăng trưởng" là một chỉ số phát triển quan trọng của quốc gia.', ARRAY['문화', '경제', '인구', '교육']::text[], '경제', '경제 성장 (economic growth) thường được đo bằng tốc độ tăng trưởng GDP, cho thấy sự mở rộng về quy mô kinh tế.', 'c1acf0b7-fd6a-4821-a593-8604da67d9eb', '2026-01-11T09:51:05.055Z', '2026-01-11T09:51:05.055Z'),
  ('14895510-dfbb-4942-99ad-15d7da8e0f57', '시장에서 구매자들이 원하는 양과 판매자들이 제공할 수 있는 양을 각각 뭐라고 하나요?', 'Trên thị trường, lượng mà người mua mong muốn và lượng mà người bán có thể cung cấp được gọi lần lượt là gì?', ARRAY['수요와 공급', '생산과 소비', '수입과 수출', '매입과 매각']::text[], '수요와 공급', '수요 (cầu) là lượng hàng hóa/dịch vụ mà người tiêu dùng sẵn sàng và có khả năng mua ở các mức giá khác nhau. 공급 (cung) là lượng hàng hóa/dịch vụ mà người bán sẵn sàng và có khả năng bán ra.', '640161d4-10fc-421f-abfb-402a388d1ea6', '2026-01-11T09:51:05.055Z', '2026-01-11T09:51:05.055Z'),
  ('55141582-d1a3-4b8e-9de9-add76ca2e0b9', '______의 법칙에 따라 수요가 공급보다 많으면 가격이 올라가요.', 'Theo quy luật ______, nếu cầu nhiều hơn cung thì giá sẽ tăng lên.', ARRAY['수요와 공급', '생산과 소비', '저축과 투자', '수입과 지출']::text[], '수요와 공급', '수요와 공급의 법칙 (law of supply and demand) là nguyên lý cơ bản của kinh tế thị trường, giải thích cách giá cả được hình thành và biến động.', '640161d4-10fc-421f-abfb-402a388d1ea6', '2026-01-11T09:51:05.055Z', '2026-01-11T09:51:05.055Z'),
  ('0377cdb1-ffc7-4c1f-9535-e3869fc99a5f', '물가가 지속적으로 오르고 화폐 가치가 떨어지는 현상을 뭐라고 하나요?', 'Hiện tượng giá cả liên tục tăng và giá trị tiền tệ giảm được gọi là gì?', ARRAY['디플레이션', '인플레이션', '스태그플레이션', '경기 침체']::text[], '인플레이션', '인플레이션 (inflation) là tình trạng mức giá chung của hàng hóa và dịch vụ tăng liên tục theo thời gian, dẫn đến sức mua của đồng tiền bị giảm.', 'c5001168-08ed-4514-9145-6164a59d0909', '2026-01-11T09:51:05.055Z', '2026-01-11T09:51:05.055Z'),
  ('62f18656-2451-4388-a65b-22ba974b64f6', '______이 너무 높으면 서민 경제에 큰 부담이 돼요.', 'Nếu ______ quá cao sẽ tạo gánh nặng lớn lên kinh tế hộ gia đình.', ARRAY['물가', '인플레이션', '금리', '환율']::text[], '인플레이션', 'Lạm phát cao (고인플레이션) làm xói mòn thu nhập thực tế, đặc biệt là đối với những người có thu nhập cố định, vì tiền của họ mua được ít hàng hóa hơn.', 'c5001168-08ed-4514-9145-6164a59d0909', '2026-01-11T09:51:05.055Z', '2026-01-11T09:51:05.055Z'),
  ('234e47f2-882e-48a1-b9a2-0793884828a2', '경제 활동이 위축되고 생산, 투자, 고용 등이 줄어드는 시기를 뭐라고 하나요?', 'Thời kỳ mà hoạt động kinh tế bị thu hẹp, sản xuất, đầu tư, việc làm, v.v. giảm sút được gọi là gì?', ARRAY['경기 호황', '경기 침체', '경제 성장', '물가 상승']::text[], '경기 침체', '경기 침체 (recession) là giai đoạn suy thoái trong chu kỳ kinh tế, đặc trưng bởi sự suy giảm đáng kể và kéo dài của các hoạt động kinh tế.', '069f7bc8-59a5-471f-8004-d8c916a652ea', '2026-01-11T09:51:05.055Z', '2026-01-11T09:51:05.055Z'),
  ('55f210fd-0f2b-46d5-84d0-d7cdc57d5bfa', '______ 동안에는 소비와 투자가 줄어들고 기업들이 어려움을 겪어요.', 'Trong thời gian ______, tiêu dùng và đầu tư giảm, các doanh nghiệp gặp khó khăn.', ARRAY['경기 호황', '경기 침체', '물가 안정', '고용 확대']::text[], '경기 침체', 'Suy thoái kinh tế thường dẫn đến chu kỳ tiêu cực: tiêu dùng giảm → sản xuất giảm → sa thải nhân công → thu nhập giảm → tiêu dùng tiếp tục giảm.', '069f7bc8-59a5-471f-8004-d8c916a652ea', '2026-01-11T09:51:05.055Z', '2026-01-11T09:51:05.055Z'),
  ('a6d3af6b-5e6a-47bf-8a43-6ea5b947dc29', '지구 환경을 보호하기 위해 일회용품을 줄이고 재활용품을 사용하는 등의 소비 형태는?', 'Hình thức tiêu dùng nhằm bảo vệ môi trường Trái đất như giảm đồ dùng một lần, sử dụng sản phẩm tái chế là gì?', ARRAY['낭비 소비', '친환경 소비', '사치 소비', '충동 소비']::text[], '친환경 소비', '친환경 소비 có nghĩa là ''tiêu dùng thân thiện với môi trường'' (Eco-friendly/Green consumption). Xu hướng này ngày càng phổ biến, đặc biệt trong giới trẻ (MZ세대), bao gồm việc lựa chọn sản phẩm có bao bì tái chế, mang theo túi vải (장바구니), sử dụng ''텀블러'' (bình nước cá nhân) thay cốc dùng một lần, và mua sắm từ các thương hiệu có trách nhiệm với môi trường.', '31728014-78ed-46a3-a261-aa394209caae', '2026-01-11T09:51:05.055Z', '2026-01-11T09:51:05.055Z'),
  ('f44818d1-e226-4afe-b7f8-d436b4655282', '새것이 아닌 사용한 물건을 사고파는 거래를 뭐라고 하나요?', 'Việc mua bán những món đồ đã qua sử dụng chứ không phải đồ mới được gọi là gì?', ARRAY['새제품 거래', '중고 거래', '대리 구매', '경매']::text[], '중고 거래', '중고 거래 có nghĩa là ''giao dịch đồ cũ'' (Second-hand trading). Các ứng dụng (앱) như ''당근마켓'', ''번개장터'' đã làm cho việc mua bán đồ cũ trở nên cực kỳ dễ dàng và phổ biến. Đây là một hình thức ''친환경 소비'' vì kéo dài vòng đời sản phẩm, đồng thời giúp người mua tiết kiệm chi phí và người bán thu hồi một phần vốn.', 'dc4cc1c6-d147-4c29-94f1-058c6bca6bf1', '2026-01-11T09:51:05.055Z', '2026-01-11T09:51:05.055Z'),
  ('63b5a3c4-20f6-4dc6-9da8-1d97916ac2fb', '정기적으로 요금을 지불하고 서비스나 제품을 계속 이용하는 비즈니스 모델을 기반으로 한 경제 형태는?', 'Mô hình kinh tế dựa trên mô hình kinh doanh mà người dùng trả phí định kỳ để tiếp tục sử dụng dịch vụ hoặc sản phẩm là gì?', ARRAY['공유 경제', '구독 경제', '프리미엄 경제', '할인 경제']::text[], '구독 경제', '구독 경제 có nghĩa là ''kinh tế đăng ký'' (Subscription economy). Thay vì mua sở hữu (소유), người tiêu dùng trả phí hàng tháng hoặc hàng năm để tiếp cận và sử dụng dịch vụ. Các ví dụ điển hình bao gồm OTT 서비스 (Netflix, Disney+), 음악 스트리밍 (Spotify, Melon), 클라우드 스토리지 (Dropbox), 심지어는 커피나 생필품 정기 배송 서비스.', 'e147e35a-092c-4df5-89cc-f71a386ca951', '2026-01-11T09:51:05.055Z', '2026-01-11T09:51:05.055Z'),
  ('fb7724fe-895c-4e8b-8628-514eb37273ca', '''가격 대비 심리적 만족감''을 줄여서 표현한 신조어는?', 'Từ mới được rút gọn để diễn đạt ''sự hài lòng về mặt tâm lý so với giá cả'' là gì?', ARRAY['가성비', '가심비', '가심', '가격만족']::text[], '가심비', '가심비 là một 신조어 (từ mới) ghép từ ''가격'' (giá cả) và ''심리적 만족감'' (sự hài lòng tâm lý). Nó mô tả giá trị cảm xúc, sự hài lòng và niềm hạnh phúc mà sản phẩm/dịch vụ mang lại so với số tiền bỏ ra. Trái ngược với ''가성비'' (giá trị vật chất/tiêu chuẩn so với giá), ''가심비'' tập trung vào trải nghiệm và cảm xúc. Một sản phẩm đắt nhưng mang lại ''기분'' (tâm trạng) tốt thì ''가심비가 좋다''.', 'b954f6a4-3470-4546-ac0e-29f66a0da20f', '2026-01-11T09:51:05.055Z', '2026-01-11T09:51:05.055Z'),
  ('4f59dc4e-050d-4c66-aeaf-c9a038f48436', '판매자와 직접 대면하지 않고 온라인이나 기계를 통해 이루어지는 소비 형태는?', 'Hình thức tiêu dùng được thực hiện thông qua trực tuyến hoặc máy móc mà không tiếp xúc trực tiếp với người bán là gì?', ARRAY['오프라인 소비', '대면 소비', '언택트 소비', '전통 소비']::text[], '언택트 소비', '언택트 소비 là từ mượn từ ''Untact + 소비'', có nghĩa là ''tiêu dùng không tiếp xúc''. Xu hướng này bùng nổ mạnh mẽ sau đại dịch Covid-19, bao gồm các hoạt động như ''배달 앱'' (app đặt đồ ăn), ''온라인 쇼핑'' (mua sắm trực tuyến), ''무인 결제 시스템'' (hệ thống thanh toán không người), ''비대면 서비스'' (dịch vụ không tiếp xúc).', 'd44bc496-0ee0-4f74-a741-c7fcd38f44ac', '2026-01-11T09:51:05.055Z', '2026-01-11T09:51:05.055Z'),
  ('3e44d1cf-e5b0-419d-b9b0-6314cb845622', '많은 사람이 모여 대량으로 구매함으로써 단가를 낮추는 방식은?', 'Phương thức giảm giá đơn vị bằng cách tập hợp nhiều người lại để mua với số lượng lớn là gì?', ARRAY['개인 구매', '공동 구매', '선구매', '위탁 구매']::text[], '공동 구매', '공동 구매 có nghĩa là ''mua chung'' (Group buying/Bulk buying). Cộng đồng người dùng (주로 온라인 커뮤니티) tập hợp lại để đặt mua một sản phẩm với số lượng lớn, từ đó thương lượng được mức giá rẻ hơn nhiều so với mua lẻ từ nhà sản xuất hoặc nhà phân phối. Đây là một cách thông minh để tiết kiệm chi phí.', '168d5c33-8871-430c-9fa5-c2a674d2ff66', '2026-01-11T09:51:05.055Z', '2026-01-11T09:51:05.055Z');

COMMIT;