BEGIN;

-- LearningGroup: Giáo dục & Học tập (교육 및 학습)
INSERT INTO "LearningGroup" (id, name, icon, "topikLevel", "createdAt", "updatedAt") VALUES ('4bccf693-c08b-4ab4-bf71-4894ce02ae3d', 'Giáo dục & Học tập (교육 및 학습)', NULL, 2, '2026-01-05T17:07:58.367Z', '2026-01-05T17:07:58.367Z');

-- Categories (8 categories)
INSERT INTO "Category" (id, name, description, icon, "order", "topikLevel", "groupId", "createdAt", "updatedAt") VALUES ('c072d000-c53b-48dd-b26e-d871844b46e1', 'Đời sống đại học', 'Từ vựng về các hoạt động, thuật ngữ và quy trình liên quan đến việc học tập, sinh hoạt tại trường đại học Hàn Quốc', '🎓', 1, 2, '4bccf693-c08b-4ab4-bf71-4894ce02ae3d', '2026-01-05T17:07:58.367Z', '2026-01-05T17:07:58.367Z'),
  ('ce84d141-2856-489d-b078-ba16ba2a491d', 'Các môn học & Chuyên ngành (과목 및 전공)', 'Từ vựng về hệ thống môn học, phân loại và các lĩnh vực học thuật chính', '📚', 2, 2, '4bccf693-c08b-4ab4-bf71-4894ce02ae3d', '2026-01-05T17:07:58.367Z', '2026-01-05T17:07:58.367Z'),
  ('3abb1dd4-ba62-44bb-a947-82916ca8fee9', 'Thi cử & Điểm số', 'Từ vựng về các kỳ thi, phương pháp học và cách đánh giá kết quả học tập trong môi trường đại học Hàn Quốc', '📚', 3, 2, '4bccf693-c08b-4ab4-bf71-4894ce02ae3d', '2026-01-05T17:07:58.367Z', '2026-01-05T17:07:58.367Z'),
  ('49df27f4-e1bb-40bc-b522-af87dad64f79', 'Học ngoại ngữ (외국어 학습)', 'Từ vựng về việc học ngoại ngữ, đặc biệt là tiếng Hàn, gồm thi cử, phương pháp và mục tiêu', '🗣️', 4, 2, '4bccf693-c08b-4ab4-bf71-4894ce02ae3d', '2026-01-05T17:07:58.367Z', '2026-01-05T17:07:58.367Z'),
  ('4597c0ff-4b63-4ecc-b182-372080001865', 'Du học (유학)', 'Từ vựng liên quan đến du học và cuộc sống du học sinh', '✈️', 5, 2, '4bccf693-c08b-4ab4-bf71-4894ce02ae3d', '2026-01-05T17:07:58.367Z', '2026-01-05T17:07:58.367Z'),
  ('5ba0a907-0fea-4615-9715-af2100f45043', 'Hoạt động câu lạc bộ', 'Từ vựng về các câu lạc bộ sinh viên, hoạt động ngoại khóa và tương tác xã hội trong trường đại học Hàn Quốc', '🎭', 6, 2, '4bccf693-c08b-4ab4-bf71-4894ce02ae3d', '2026-01-05T17:07:58.367Z', '2026-01-05T17:07:58.367Z'),
  ('12647628-3f16-46ed-a3d8-2f4844ab8ed4', 'Làm thêm (아르바이트)', 'Từ vựng về việc làm thêm, tìm việc và các điều kiện lao động cơ bản', '💼', 7, 2, '4bccf693-c08b-4ab4-bf71-4894ce02ae3d', '2026-01-05T17:07:58.367Z', '2026-01-05T17:07:58.367Z'),
  ('a96c74fd-6e1d-4fab-b1db-a188dc1e63f9', 'Tốt nghiệp & Định hướng tương lai (졸업 및 진로)', 'Từ vựng về tốt nghiệp và lập kế hoạch cho tương lai', '🎓', 8, 2, '4bccf693-c08b-4ab4-bf71-4894ce02ae3d', '2026-01-05T17:07:58.367Z', '2026-01-05T17:07:58.367Z');

-- Vocabulary Words
INSERT INTO "Vocabulary" (id, korean, hanja, vietnamese, pronunciation, example, "exampleTranslation", "categoryId", "createdAt", "updatedAt") VALUES ('ddd3bb73-8d75-40f4-9feb-cc6229ee2b69', '수강 신청', '受講 申請', 'Đăng ký môn học', 'sugang sincheong', '다음 주에 다음 학기 수강 신청을 해야 해요.', 'Tuần sau tôi phải đăng ký môn học cho học kỳ tới.', 'c072d000-c53b-48dd-b26e-d871844b46e1', '2026-01-05T17:07:58.367Z', '2026-01-05T17:07:58.367Z'),
  ('093b99ce-c771-408a-8970-db6352c9c232', '학점', '學點', 'Tín chỉ / Điểm số (GPA)', 'hakjeom', '이번 학기에 20학점을 신청했어요.', 'Học kỳ này tôi đã đăng ký 20 tín chỉ.', 'c072d000-c53b-48dd-b26e-d871844b46e1', '2026-01-05T17:07:58.367Z', '2026-01-05T17:07:58.367Z'),
  ('9a984029-b05a-4998-8426-a71553b4820f', '장학금', '奬學金', 'Học bổng', 'janghakgeum', '성적이 좋아서 장학금을 받았어요.', 'Vì thành tích tốt nên tôi đã nhận được học bổng.', 'c072d000-c53b-48dd-b26e-d871844b46e1', '2026-01-05T17:07:58.367Z', '2026-01-05T17:07:58.367Z'),
  ('d8cdf8dd-f2cb-486e-af67-ba2327284474', '과제 / 리포트', '課題 / Report', 'Bài tập / Báo cáo', 'gwaje / ripoteu', '과제 마감일이 얼마 안 남았어요.', 'Không còn nhiều thời gian đến hạn nộp bài tập.', 'c072d000-c53b-48dd-b26e-d871844b46e1', '2026-01-05T17:07:58.367Z', '2026-01-05T17:07:58.367Z'),
  ('defc98e1-9403-4579-ab13-5cefc82d7c21', '전공', '專攻', 'Chuyên ngành', 'jeon-gong', '제 전공은 컴퓨터 공학입니다.', 'Chuyên ngành của tôi là kỹ thuật máy tính.', 'c072d000-c53b-48dd-b26e-d871844b46e1', '2026-01-05T17:07:58.367Z', '2026-01-05T17:07:58.367Z'),
  ('9fe2775d-d4af-4831-a008-4ecd03cdbe37', '졸업하다', '卒業하다', 'Tốt nghiệp', 'joreopada', '내년에 드디어 대학교를 졸업해요.', 'Cuối cùng tôi cũng tốt nghiệp đại học vào năm sau.', 'c072d000-c53b-48dd-b26e-d871844b46e1', '2026-01-05T17:07:58.367Z', '2026-01-05T17:07:58.367Z'),
  ('ac2d0123-833b-4c5e-90e4-b62292f9d89d', '과목', NULL, 'Môn học', 'gwamok', '이번 학기에는 어려운 과목이 많아요.', 'Học kỳ này có nhiều môn học khó.', 'ce84d141-2856-489d-b078-ba16ba2a491d', '2026-01-05T17:07:58.367Z', '2026-01-05T17:07:58.367Z'),
  ('1c0e7feb-3ba4-4504-90d1-750c00cce4ac', '교양 과목', NULL, 'Môn đại cương', 'gyoyang gwamok', '교양 과목으로 심리학을 듣고 있어요.', 'Tôi đang học môn Tâm lý học làm môn đại cương.', 'ce84d141-2856-489d-b078-ba16ba2a491d', '2026-01-05T17:07:58.367Z', '2026-01-05T17:07:58.367Z'),
  ('529d5602-d4f2-45bd-9af9-10825b4defef', '전공 과목', NULL, 'Môn chuyên ngành', 'jeon-gong gwamok', '전공 과목은 학점이 잘 안 나와요.', 'Môn chuyên ngành không dễ đạt điểm cao.', 'ce84d141-2856-489d-b078-ba16ba2a491d', '2026-01-05T17:07:58.367Z', '2026-01-05T17:07:58.367Z'),
  ('01c4664e-d08a-43ab-92df-a0f839eac25a', '경제학', NULL, 'Kinh tế học', 'gyeongjehak', '저는 경제학을 복수 전공하고 있어요.', 'Tôi đang học song bằng chuyên ngành kinh tế học.', 'ce84d141-2856-489d-b078-ba16ba2a491d', '2026-01-05T17:07:58.367Z', '2026-01-05T17:07:58.367Z'),
  ('22bf5c56-dec2-403b-a70d-3f16030d1bc2', '공학', NULL, 'Kỹ thuật', 'gonghak', '제 오빠는 전자 공학을 전공했어요.', 'Anh trai tôi đã học chuyên ngành kỹ thuật điện tử.', 'ce84d141-2856-489d-b078-ba16ba2a491d', '2026-01-05T17:07:58.367Z', '2026-01-05T17:07:58.367Z'),
  ('fb110667-5dcc-424e-b12c-e743775ad85a', '예술', NULL, 'Nghệ thuật', 'yesul', '예술 대학에 다니고 싶어요.', 'Tôi muốn theo học trường đại học nghệ thuật.', 'ce84d141-2856-489d-b078-ba16ba2a491d', '2026-01-05T17:07:58.367Z', '2026-01-05T17:07:58.367Z'),
  ('17f41c7d-1d5c-4e42-9e04-5f83cdd12169', '중간고사', '中間考査', 'Thi giữa kỳ', 'jung-gan-gosa', '다음 주부터 중간고사 기간이에요.', 'Thời gian thi giữa kỳ bắt đầu từ tuần sau.', '3abb1dd4-ba62-44bb-a947-82916ca8fee9', '2026-01-05T17:07:58.367Z', '2026-01-05T17:07:58.367Z'),
  ('2bad6f83-dac9-4ac1-98f2-4225f4c1be05', '기말고사', '期末考査', 'Thi cuối kỳ', 'gimalgosa', '기말고사를 잘 봐야 졸업할 수 있어요.', 'Phải thi tốt cuối kỳ thì mới có thể tốt nghiệp.', '3abb1dd4-ba62-44bb-a947-82916ca8fee9', '2026-01-05T17:07:58.367Z', '2026-01-05T17:07:58.367Z'),
  ('d0e883ea-63df-494b-9f84-624a5d0320b8', '성적', '成績', 'Thành tích, điểm số', 'seongjeok', '이번 학기 성적이 잘 나왔어요.', 'Thành tích học kỳ này của tôi rất tốt.', '3abb1dd4-ba62-44bb-a947-82916ca8fee9', '2026-01-05T17:07:58.367Z', '2026-01-05T17:07:58.367Z'),
  ('7d596de5-59c1-40f5-a884-1cc1f72ae53f', '학점 (GPA)', '學點', 'Điểm trung bình (GPA)', 'hakjeom', '취직하려면 학점 관리를 잘해야 해요.', 'Nếu muốn xin việc thì phải quản lý tốt điểm GPA.', '3abb1dd4-ba62-44bb-a947-82916ca8fee9', '2026-01-05T17:07:58.367Z', '2026-01-05T17:07:58.367Z'),
  ('1bbdd67d-f2f5-458c-824b-af88e2ace885', '재수강', '再受講', 'Học lại', 'jaesugang', 'F 학점을 받아서 그 과목을 재수강해야 해요.', 'Tôi nhận điểm F nên phải học lại môn đó.', '3abb1dd4-ba62-44bb-a947-82916ca8fee9', '2026-01-05T17:07:58.367Z', '2026-01-05T17:07:58.367Z'),
  ('09044f33-dd13-4a6e-8259-3e3b5b076052', '벼락치기', '', 'Học dồn, nước đến chân mới nhảy', 'byeorakchigi', '시험 전날에 항상 벼락치기를 해요.', 'Tôi luôn học dồn vào ngày trước khi thi.', '3abb1dd4-ba62-44bb-a947-82916ca8fee9', '2026-01-05T17:07:58.367Z', '2026-01-05T17:07:58.367Z'),
  ('06b38142-7ce7-4dae-b2a5-340c080d71aa', '어학당', NULL, 'Trung tâm tiếng Hàn (cho người nước ngoài)', 'eohakdang', '한국 대학교 어학당에서 한국어를 배워요.', 'Tôi học tiếng Hàn tại trung tâm tiếng của trường đại học Hàn Quốc.', '49df27f4-e1bb-40bc-b522-af87dad64f79', '2026-01-05T17:07:58.367Z', '2026-01-05T17:07:58.367Z'),
  ('1004769b-c7e8-474f-a858-af919b6dbc12', '학습 방법', NULL, 'Phương pháp học tập', 'hakseup bangbeop', '자신에게 맞는 학습 방법을 찾는 것이 중요해요.', 'Việc tìm ra phương pháp học phù hợp với bản thân là rất quan trọng.', '49df27f4-e1bb-40bc-b522-af87dad64f79', '2026-01-05T17:07:58.367Z', '2026-01-05T17:07:58.367Z'),
  ('3d620a1f-bc80-4454-ba5f-039d085ef831', 'TOPIK (한국어능력시험)', NULL, 'Kỳ thi năng lực tiếng Hàn', 'topik', 'TOPIK 6급을 따기 위해 공부하고 있어요.', 'Tôi đang học để lấy bằng TOPIK cấp 6.', '49df27f4-e1bb-40bc-b522-af87dad64f79', '2026-01-05T17:07:58.367Z', '2026-01-05T17:07:58.367Z'),
  ('ac51db34-e9c0-4709-a1ac-44b53bfdad78', '유창하다', NULL, 'Lưu loát, trôi chảy', 'yuchanghada', '한국어를 유창하게 하고 싶어요.', 'Tôi muốn nói tiếng Hàn một cách lưu loát.', '49df27f4-e1bb-40bc-b522-af87dad64f79', '2026-01-05T17:07:58.367Z', '2026-01-05T17:07:58.367Z'),
  ('1567b8b7-7010-4dcc-85d8-87fa6db13128', '단어를 외우다', NULL, 'Học thuộc từ vựng', 'dan-eoreul oe-uda', '매일 새로운 단어를 10개씩 외워요.', 'Mỗi ngày tôi học thuộc 10 từ vựng mới.', '49df27f4-e1bb-40bc-b522-af87dad64f79', '2026-01-05T17:07:58.367Z', '2026-01-05T17:07:58.367Z'),
  ('7ba0d769-80c5-4609-9c13-ebdfe7a2dc28', '복습하다', NULL, 'Ôn tập', 'bokseupada', '수업이 끝나고 바로 복습하는 것이 좋아요.', 'Tốt nhất là nên ôn tập ngay sau khi buổi học kết thúc.', '49df27f4-e1bb-40bc-b522-af87dad64f79', '2026-01-05T17:07:58.367Z', '2026-01-05T17:07:58.367Z'),
  ('dc949c95-0863-47dd-be75-3bbea0233def', '유학', '留學', 'Du học', 'yuhak', '대학교 졸업 후에 미국으로 유학 갈 거예요.', 'Sau khi tốt nghiệp đại học, tôi sẽ đi du học Mỹ.', '4597c0ff-4b63-4ecc-b182-372080001865', '2026-01-05T17:07:58.367Z', '2026-01-05T17:07:58.367Z'),
  ('3a40f58b-f52a-4000-aea7-a57e83708e41', '유학생', '留學生', 'Du học sinh', 'yuhaksaeng', '우리 학교에는 중국인 유학생이 많아요.', 'Trường chúng tôi có nhiều du học sinh người Trung Quốc.', '4597c0ff-4b63-4ecc-b182-372080001865', '2026-01-05T17:07:58.367Z', '2026-01-05T17:07:58.367Z'),
  ('9c11f725-5dee-4fa1-8c0e-6fb24ca2ac80', '서류를 준비하다', '書類를 準備하다', 'Chuẩn bị hồ sơ', 'seoryureul junbihada', '유학을 가기 위해 서류를 준비하고 있어요.', 'Tôi đang chuẩn bị hồ sơ để đi du học.', '4597c0ff-4b63-4ecc-b182-372080001865', '2026-01-05T17:07:58.367Z', '2026-01-05T17:07:58.367Z'),
  ('d072e260-d1ce-4bea-b0f9-d1b5bf6c8cf9', '장학금', '奬學金', 'Học bổng', 'janghakgeum', '정부 장학금을 신청하려고 해요.', 'Tôi định đăng ký học bổng chính phủ.', '4597c0ff-4b63-4ecc-b182-372080001865', '2026-01-05T17:07:58.367Z', '2026-01-05T17:07:58.367Z'),
  ('73a61f8c-7b90-4e9e-ba7c-bcf19dc367d1', '적응하다', '適應하다', 'Thích nghi', 'jeogeunghada', '처음에는 새로운 환경에 적응하기 힘들었어요.', 'Ban đầu, việc thích nghi với môi trường mới rất khó khăn.', '4597c0ff-4b63-4ecc-b182-372080001865', '2026-01-05T17:07:58.367Z', '2026-01-05T17:07:58.367Z'),
  ('e9936b37-55c8-4dde-8933-4f281fddab4f', '향수병', '鄕愁病', 'Nỗi nhớ nhà', 'hyangsubyeong', '유학생들은 가끔 향수병에 걸려요.', 'Các du học sinh thỉnh thoảng mắc chứng nhớ nhà.', '4597c0ff-4b63-4ecc-b182-372080001865', '2026-01-05T17:07:58.367Z', '2026-01-05T17:07:58.367Z'),
  ('6fef9e10-7d36-49bf-8ad9-2f7677e45f59', '동아리', '', 'Câu lạc bộ', 'dong-ari', '저는 댄스 동아리에 가입했어요.', 'Tôi đã tham gia câu lạc bộ nhảy.', '5ba0a907-0fea-4615-9715-af2100f45043', '2026-01-05T17:07:58.367Z', '2026-01-05T17:07:58.367Z'),
  ('f0013e71-dd3a-4981-8445-a8e5d3326246', '가입하다', '加入하다', 'Tham gia, gia nhập', 'ga-ipada', '어떤 동아리에 가입하고 싶어요?', 'Bạn muốn tham gia câu lạc bộ nào?', '5ba0a907-0fea-4615-9715-af2100f45043', '2026-01-05T17:07:58.367Z', '2026-01-05T17:07:58.367Z'),
  ('414a57d7-1b9e-43c8-9178-f4317194dd7c', '활동하다', '活動하다', 'Hoạt động', 'hwaldonghada', '봉사 동아리에서 활동하고 있어요.', 'Tôi đang hoạt động trong câu lạc bộ tình nguyện.', '5ba0a907-0fea-4615-9715-af2100f45043', '2026-01-05T17:07:58.367Z', '2026-01-05T17:07:58.367Z'),
  ('3dcea0c7-a4cd-4346-85f5-75b3c22d7f2c', 'MT (Membership Training)', '', 'Chuyến đi dã ngoại của CLB/nhóm', 'em-ti', '동아리 회원들과 같이 MT를 갔어요.', 'Tôi đã đi MT cùng với các thành viên câu lạc bộ.', '5ba0a907-0fea-4615-9715-af2100f45043', '2026-01-05T17:07:58.367Z', '2026-01-05T17:07:58.367Z'),
  ('24e9e2a4-6cdb-4baa-8fd1-956aa40f2fef', '회장', '會長', 'Chủ tịch, trưởng CLB', 'hoejang', '동아리 회장을 뽑는 선거가 있어요.', 'Có một cuộc bầu cử để chọn ra chủ tịch câu lạc bộ.', '5ba0a907-0fea-4615-9715-af2100f45043', '2026-01-05T17:07:58.367Z', '2026-01-05T17:07:58.367Z'),
  ('814e6996-5f0d-4703-8145-cd7304610a5e', '아르바이트 (알바)', NULL, 'Việc làm thêm', 'areubaiteu (alba)', '저는 생활비를 벌기 위해 알바를 해요.', 'Tôi làm thêm để kiếm tiền sinh hoạt.', '12647628-3f16-46ed-a3d8-2f4844ab8ed4', '2026-01-05T17:07:58.367Z', '2026-01-05T17:07:58.367Z'),
  ('5065f0c1-f285-472e-be15-020ab41a4346', '시급', NULL, 'Lương theo giờ', 'sigeup', '올해 최저 시급은 얼마예요?', 'Mức lương tối thiểu theo giờ năm nay là bao nhiêu?', '12647628-3f16-46ed-a3d8-2f4844ab8ed4', '2026-01-05T17:07:58.367Z', '2026-01-05T17:07:58.367Z'),
  ('1669b3d4-d27a-4960-8766-8c44bc5b6318', '면접을 보다', NULL, 'Đi phỏng vấn', 'myeonjeobeul boda', '카페 알바 면접을 보러 가요.', 'Tôi đi phỏng vấn xin việc làm thêm ở quán cà phê.', '12647628-3f16-46ed-a3d8-2f4844ab8ed4', '2026-01-05T17:07:58.367Z', '2026-01-05T17:07:58.367Z'),
  ('7254cd6a-7631-4656-914e-60121c6fc913', '이력서', NULL, 'Sơ yếu lý lịch', 'iryeokseo', '알바를 구하려면 이력서가 필요해요.', 'Cần có sơ yếu lý lịch để xin việc làm thêm.', '12647628-3f16-46ed-a3d8-2f4844ab8ed4', '2026-01-05T17:07:58.367Z', '2026-01-05T17:07:58.367Z'),
  ('fc5f7e69-1220-4fc0-90dd-d2cedc13f58d', '근무 시간', NULL, 'Thời gian làm việc', 'geunmu sigan', '근무 시간은 사장님과 협의할 수 있어요.', 'Có thể thương lượng thời gian làm việc với ông chủ.', '12647628-3f16-46ed-a3d8-2f4844ab8ed4', '2026-01-05T17:07:58.367Z', '2026-01-05T17:07:58.367Z'),
  ('9ea6657e-1658-4eb2-8103-529b40f93340', '졸업', '卒業', 'Tốt nghiệp', 'joreop', '졸업 후에 무엇을 할지 고민이에요.', 'Tôi đang phân vân không biết sẽ làm gì sau khi tốt nghiệp.', 'a96c74fd-6e1d-4fab-b1db-a188dc1e63f9', '2026-01-05T17:07:58.367Z', '2026-01-05T17:07:58.367Z'),
  ('25643108-8002-408a-863e-eab0830c9521', '진로', '進路', 'Con đường tương lai, định hướng nghề nghiệp', 'jillo', '진로 문제 때문에 상담을 받았어요.', 'Tôi đã nhận tư vấn vì vấn đề định hướng nghề nghiệp.', 'a96c74fd-6e1d-4fab-b1db-a188dc1e63f9', '2026-01-05T17:07:58.367Z', '2026-01-05T17:07:58.367Z'),
  ('0a2f7429-954b-4c4f-829d-098056e99a38', '취업 준비', '就業 準備', 'Chuẩn bị xin việc', 'chwi-eop junbi', '요즘 대학생들은 취업 준비로 바빠요.', 'Sinh viên đại học dạo này rất bận rộn với việc chuẩn bị xin việc.', 'a96c74fd-6e1d-4fab-b1db-a188dc1e63f9', '2026-01-05T17:07:58.367Z', '2026-01-05T17:07:58.367Z'),
  ('ae8da0fa-38e6-4548-b49e-b39d2d0bc2c4', '대학원 진학', '大學院 進學', 'Học lên cao học', 'daehagwon jinhak', '저는 졸업하고 대학원에 진학할 계획이에요.', 'Tôi có kế hoạch học lên cao học sau khi tốt nghiệp.', 'a96c74fd-6e1d-4fab-b1db-a188dc1e63f9', '2026-01-05T17:07:58.367Z', '2026-01-05T17:07:58.367Z'),
  ('9af8c122-fc03-4399-b654-a3344a607fa5', '적성에 맞다', '適性에 맞다', 'Phù hợp với năng khiếu/tính cách', 'jeokseong-e matda', '제 적성에 맞는 일이 무엇인지 잘 모르겠어요.', 'Tôi không biết rõ công việc nào phù hợp với năng khiếu của mình.', 'a96c74fd-6e1d-4fab-b1db-a188dc1e63f9', '2026-01-05T17:07:58.367Z', '2026-01-05T17:07:58.367Z');

-- Quiz Questions
INSERT INTO "QuizQuestion" (id, question, "questionTranslation", options, "correctAnswer", explanation, "VocabularyId", "createdAt", "updatedAt") VALUES ('a605c432-8faf-472c-96ea-5729b7a7b724', '한 학기에 듣고자 하는 수업을 공식적으로 등록하는 절차는?', 'Quy trình đăng ký chính thức các lớp học mà bạn muốn tham gia trong một học kỳ là gì?', ARRAY['입학 신청', '수강 신청', '휴학 신청', '졸업 신청']::text[], '수강 신청', '수강 신청 có nghĩa là ''đăng ký môn học''. Đây là một sự kiện quan trọng và thường căng thẳng vào đầu mỗi học kỳ, khi sinh viên phải đăng nhập vào hệ thống trực tuyến của trường để giành suất vào các lớp học mong muốn trước khi hết chỗ.', 'ddd3bb73-8d75-40f4-9feb-cc6229ee2b69', '2026-01-05T17:07:58.367Z', '2026-01-05T17:07:58.367Z'),
  ('daf83664-9e83-437f-80b0-a9bc51bd6283', '수업의 양과 학업 성취를 수치로 나타낸 것은?', 'Thứ biểu thị khối lượng và thành tích học tập bằng số là gì?', ARRAY['출석', '학점', '성적표', '등급']::text[], '학점', '학점 có hai nghĩa chính: 1) ''Tín chỉ'' (Credit) - đơn vị đo khối lượng học tập (ví dụ: môn 3 tín chỉ). 2) ''Điểm số trung bình'' (Grade Point Average - GPA) - chỉ số đánh giá tổng thể kết quả học tập (ví dụ: 4.5/4.5). ''학점을 받다'' là kiếm được tín chỉ/điểm.', '093b99ce-c771-408a-8970-db6352c9c232', '2026-01-05T17:07:58.367Z', '2026-01-05T17:07:58.367Z'),
  ('30949836-4908-4c8f-8a12-c6636816eb9a', '학업 성적이 우수하거나 경제적 어려움이 있는 학생에게 지급되는 경제적 지원금은?', 'Khoản hỗ trợ tài chính được trao cho sinh viên có thành tích học tập xuất sắc hoặc hoàn cảnh kinh tế khó khăn là gì?', ARRAY['월급', '장학금', '보너스', '수당']::text[], '장학금', '장학금 có nghĩa là ''học bổng''. Có nhiều loại học bổng khác nhau: ''성적 장학금'' (học bổng thành tích), ''근로 장학금'' (học bổng làm việc), ''국가 장학금'' (học bổng nhà nước). Học bổng giúp giảm gánh nặng học phí (등록금) cho sinh viên và gia đình.', '9a984029-b05a-4998-8426-a71553b4820f', '2026-01-05T17:07:58.367Z', '2026-01-05T17:07:58.367Z'),
  ('24e77f2f-b236-4227-96be-c1bf8226d3e4', '교수가 수업 외적으로 학생에게 부여하는 연구나 글쓰기 작업은?', 'Công việc nghiên cứu hoặc viết bài mà giáo sư giao cho sinh viên ngoài giờ lên lớp là gì?', ARRAY['시험', '출석', '과제', '강의']::text[], '과제', '과제 có nghĩa là ''bài tập'' (Assignment). ''리포트'' là từ mượn từ ''Report'', thường chỉ các bài báo cáo dài hơn, nghiên cứu chuyên sâu. Việc hoàn thành 과제 đúng hạn (마감일) và chất lượng là một phần quan trọng để đánh giá cuối kỳ.', 'd8cdf8dd-f2cb-486e-af67-ba2327284474', '2026-01-05T17:07:58.367Z', '2026-01-05T17:07:58.367Z'),
  ('e0e8a914-a13d-4c15-88f3-b24e6238b433', '대학에서 집중적으로 공부하는 특정 학문 분야를 뭐라고 하나요?', 'Lĩnh vực học thuật cụ thể mà bạn tập trung nghiên cứu ở đại học được gọi là gì?', ARRAY['교양', '전공', '부전공', '복수전공']::text[], '전공', '전공 có nghĩa là ''chuyên ngành'' (Major). Sinh viên thường phải chọn một 전공 chính, và các môn học trong chuyên ngành đó (전공 수업) chiếm phần lớn chương trình học. Ngoài ra còn có ''부전공'' (Minor - chuyên ngành phụ) và ''복수전공'' (Double major - hai chuyên ngành chính).', 'defc98e1-9403-4579-ab13-5cefc82d7c21', '2026-01-05T17:07:58.367Z', '2026-01-05T17:07:58.367Z'),
  ('23a0a54b-7bb4-4b70-a8ec-5aaad1cbb379', '대학에서 정해진 모든 학업 과정을 마치고 공식적으로 학교를 떠나는 것은?', 'Việc hoàn thành tất cả các khóa học được quy định của trường đại học và rời trường một cách chính thức là gì?', ARRAY['입학하다', '휴학하다', '졸업하다', '전과하다']::text[], '졸업하다', '졸업하다 có nghĩa là ''tốt nghiệp''. Sau nhiều năm học tập và tích lũy đủ số tín chỉ (학점) yêu cầu, sinh viên sẽ tham dự ''졸업식'' (lễ tốt nghiệp) và nhận ''졸업장'' (bằng tốt nghiệp). Đây là cột mốc quan trọng đánh dấu sự chuyển tiếp sang một giai đoạn mới của cuộc đời.', '9fe2775d-d4af-4831-a008-4ecd03cdbe37', '2026-01-05T17:07:58.367Z', '2026-01-05T17:07:58.367Z'),
  ('2e3457d8-a125-4ea3-8631-c50e64c8bbb3', '학교에서 가르치고 배우는 개별적인 학문 분야나 수업 단위를 뭐라고 하나요?', 'Đơn vị bài học hoặc lĩnh vực học thuật riêng biệt được giảng dạy và học tập trong trường học gọi là gì?', ARRAY['학점', '과목', '학과', '수업']::text[], '과목', '과목 có nghĩa là ''môn học''. Đây là đơn vị cơ bản trong chương trình giảng dạy, ví dụ: 수학 (Toán), 영어 (Tiếng Anh), 역사 (Lịch sử).', 'ac2d0123-833b-4c5e-90e4-b62292f9d89d', '2026-01-05T17:07:58.367Z', '2026-01-05T17:07:58.367Z'),
  ('10a93173-94b9-44b0-8bb9-206f7ce24397', '전공과 관계없이 다양한 분야의 기본 소양을 쌓기 위해 배우는 과목을 뭐라고 하나요?', 'Các môn học nhằm xây dựng kiến thức nền tảng ở nhiều lĩnh vực, không phụ thuộc vào chuyên ngành, được gọi là gì?', ARRAY['전공 과목', '필수 과목', '교양 과목', '심화 과목']::text[], '교양 과목', '교양 과목 có nghĩa là ''môn học đại cương'' hoặc ''môn học giáo dục phổ thông''. Các môn này giúp sinh viên mở rộng tầm nhìn và phát triển tư duy toàn diện trước khi đi sâu vào chuyên ngành.', '1c0e7feb-3ba4-4504-90d1-750c00cce4ac', '2026-01-05T17:07:58.367Z', '2026-01-05T17:07:58.367Z'),
  ('7e004904-5380-43cf-aef1-1611d69c892a', '자신이 선택한 특정 학문 분야에 대한 전문적인 지식을 배우기 위한 핵심 과목은 무엇인가요?', 'Các môn học cốt lõi nhằm cung cấp kiến thức chuyên sâu về lĩnh vực học thuật cụ thể mà mình đã chọn là gì?', ARRAY['교양 과목', '전공 과목', '선택 과목', '체육 과목']::text[], '전공 과목', '전공 과목 có nghĩa là ''môn học chuyên ngành''. Đây là những môn bắt buộc hoặc tự chọn cung cấp kiến thức và kỹ năng chuyên sâu trong lĩnh vực mà sinh viên theo đuổi.', '529d5602-d4f2-45bd-9af9-10825b4defef', '2026-01-05T17:07:58.367Z', '2026-01-05T17:07:58.367Z'),
  ('3966af5a-6ddb-41c7-a8b4-709babd67d4b', '재화와 서비스의 생산, 분배, 소비 등을 연구하는 사회과학 분야는 무엇인가요?', 'Lĩnh vực khoa học xã hội nghiên cứu về sản xuất, phân phối và tiêu dùng hàng hóa, dịch vụ là gì?', ARRAY['공학', '경제학', '심리학', '문학']::text[], '경제학', '경제학 có nghĩa là ''Kinh tế học''. Đây là ngành học nghiên cứu cách các cá nhân, doanh nghiệp, chính phủ lựa chọn phân bổ nguồn lực khan hiếm để đáp ứng nhu cầu vô hạn.', '01c4664e-d08a-43ab-92df-a0f839eac25a', '2026-01-05T17:07:58.367Z', '2026-01-05T17:07:58.367Z'),
  ('0bfbc033-d796-415a-b561-4da55675a27a', '과학적 원리를 응용하여 실용적인 구조, 기계, 시스템 등을 설계하고 구축하는 학문 분야는 무엇인가요?', 'Lĩnh vực học thuật ứng dụng các nguyên lý khoa học để thiết kế và xây dựng các cấu trúc, máy móc, hệ thống thực tế là gì?', ARRAY['의학', '인문학', '공학', '교육학']::text[], '공학', '공학 có nghĩa là ''Kỹ thuật'' hoặc ''Công nghệ''. Đây là một lĩnh vực rộng bao gồm nhiều ngành nhỏ như 기계 공학 (kỹ thuật cơ khí), 전자 공학 (kỹ thuật điện tử), 화학 공학 (kỹ thuật hóa học).', '22bf5c56-dec2-403b-a70d-3f16030d1bc2', '2026-01-05T17:07:58.367Z', '2026-01-05T17:07:58.367Z'),
  ('d480c254-5996-40bc-bb07-d3fd21ca9e78', '아름다움과 창의적인 표현을 추구하는, 미술, 음악, 무용 등을 포함하는 분야는 무엇인가요?', 'Lĩnh vực theo đuổi cái đẹp và sự biểu đạt sáng tạo, bao gồm hội họa, âm nhạc, khiêu vũ,... là gì?', ARRAY['과학', '예술', '경영학', '법학']::text[], '예술', '예술 có nghĩa là ''Nghệ thuật''. Đây là lĩnh vực rộng lớn liên quan đến sáng tạo thẩm mỹ và biểu hiện cảm xúc, ý tưởng thông qua các hình thức như 그림 (hội họa), 조각 (điêu khắc), 음악 (âm nhạc).', 'fb110667-5dcc-424e-b12c-e743775ad85a', '2026-01-05T17:07:58.367Z', '2026-01-05T17:07:58.367Z'),
  ('97b8b1a4-7eee-4f44-b8a0-783549e28d31', '한 학기의 중간쯤에 보는 시험을 뭐라고 하나요?', 'Kỳ thi diễn ra vào khoảng giữa học kỳ được gọi là gì?', ARRAY['기말고사', '중간고사', '수시고사', '모의고사']::text[], '중간고사', '중간고사 có nghĩa là ''kỳ thi giữa kỳ'' (Midterm exam). Đây thường là kỳ thi chính thức đầu tiên trong học kỳ, diễn ra sau khi học được một nửa chương trình. Điểm số của 중간고사 chiếm một phần đáng kể trong tổng điểm cuối kỳ (기말 성적).', '17f41c7d-1d5c-4e42-9e04-5f83cdd12169', '2026-01-05T17:07:58.367Z', '2026-01-05T17:07:58.367Z'),
  ('7a1a64c5-3fe3-4617-9951-2822cfbd528f', '한 학기의 마지막에 보는 가장 중요한 시험은?', 'Kỳ thi quan trọng nhất diễn ra vào cuối học kỳ là gì?', ARRAY['중간고사', '기말고사', '퀴즈', '과제']::text[], '기말고사', '기말고사 có nghĩa là ''kỳ thi cuối kỳ'' (Final exam). Đây là kỳ thi tổng kết toàn bộ kiến thức của cả học kỳ, thường có phạm vi rộng và trọng số điểm rất lớn, quyết định phần lớn đến điểm tổng kết môn học (성적). ''기말고사 기간'' là thời gian cực kỳ áp lực và bận rộn đối với sinh viên.', '2bad6f83-dac9-4ac1-98f2-4225f4c1be05', '2026-01-05T17:07:58.367Z', '2026-01-05T17:07:58.367Z'),
  ('30f2d563-9024-4fe2-ae77-ce11727ab6f8', '시험, 과제, 출석 등을 종합하여 평가된 학업 결과를 뭐라고 하나요?', 'Kết quả học tập được đánh giá tổng hợp từ bài thi, bài tập và chuyên cần được gọi là gì?', ARRAY['출석', '성적', '학점', '평가']::text[], '성적', '성적 có nghĩa là ''thành tích'', ''điểm số'' hoặc ''kết quả học tập''. Mỗi môn học sẽ có một ''성적'' cuối cùng, thường được biểu thị bằng chữ cái như A+, A0, B+, C, D, F (trong đó F là ''낙제'' - trượt). Tất cả các ''성적'' sẽ được tổng hợp thành ''학점'' (GPA).', 'd0e883ea-63df-494b-9f84-624a5d0320b8', '2026-01-05T17:07:58.367Z', '2026-01-05T17:07:58.367Z'),
  ('90b24f90-3918-4edb-badc-790442a0e210', '모든 과목의 성적을 평균화한 총괄적인 학업 성취도 지표는?', 'Chỉ số tổng hợp về thành tích học tập được tính bằng cách lấy trung bình điểm số của tất cả các môn học là gì?', ARRAY['출석률', '학점', '등수', '성적표']::text[], '학점', '학점 (Grade Point Average - GPA) ở đây có nghĩa là ''điểm trung bình tích lũy''. Đây là một con số quan trọng phản ánh toàn bộ năng lực học tập của một sinh viên. Ở Hàn Quốc, thang điểm phổ biến là 4.5/4.5 hoặc 4.0/4.0. ''학점이 높다/좋다'' là lợi thế lớn khi xin việc (취직), học bổng (장학금) hoặc học lên cao (대학원 진학).', '7d596de5-59c1-40f5-a884-1cc1f72ae53f', '2026-01-05T17:07:58.367Z', '2026-01-05T17:07:58.367Z'),
  ('92752594-583f-49c2-b5f7-b3cbbdb60a8a', '낙제(F)나 낮은 점수를 받은 과목을 다시 듣는 것을 뭐라고 하나요?', 'Việc phải học lại một môn học do bị trượt (điểm F) hoặc đạt điểm thấp được gọi là gì?', ARRAY['선수강', '재수강', '복수강', '자율강']::text[], '재수강', '재수강 có nghĩa là ''học lại'' một môn học (Retake a course). Khi sinh viên nhận điểm F (낙제) hoặc không hài lòng với điểm số, họ có thể đăng ký học lại môn đó vào học kỳ sau để cải thiện ''성적'' và ''학점''. Tuy nhiên, điểm cũ thường vẫn được ghi trong ''성적표'' (bảng điểm).', '1bbdd67d-f2f5-458c-824b-af88e2ace885', '2026-01-05T17:07:58.367Z', '2026-01-05T17:07:58.367Z'),
  ('c85a4bd3-d70a-4d8a-aeeb-4dfe91815dbe', '평소에 공부하지 않고 시험 직전에 급하게 공부하는 방법은?', 'Phương pháp học tập vội vàng ngay trước kỳ thi do không học bài thường xuyên hàng ngày là gì?', ARRAY['꾸준한 공부', '벼락치기', '예습', '복습']::text[], '벼락치기', '벼락치기 là một thành ngữ có nghĩa là ''học dồn'', ''học cấp tốc'' hoặc ''nước đến chân mới nhảy'' (Cramming). Từ này ghép từ ''벼락'' (tia chớp, sét) và ''치다'' (đánh), ý chỉ việc học tập một cách gấp gáp, dồn dập như tia chớp. Mặc dù phổ biến, đây không phải là phương pháp học hiệu quả vì kiến thức khó nhớ lâu.', '09044f33-dd13-4a6e-8259-3e3b5b076052', '2026-01-05T17:07:58.367Z', '2026-01-05T17:07:58.367Z'),
  ('6c953a6b-a157-4dac-a47f-957cabafc852', '외국인을 대상으로 한국어를 전문적으로 가르치는 교육 기관은 무엇인가요?', 'Cơ sở giáo dục chuyên giảng dạy tiếng Hàn cho người nước ngoài là gì?', ARRAY['직업학교', '어학당', '학원', '평생교육원']::text[], '어학당', '어학당 có nghĩa là ''trung tâm ngôn ngữ'', thường chỉ các trung tâm tiếng Hàn trực thuộc trường đại học Hàn Quốc dành cho sinh viên quốc tế. Đây là nơi phổ biến để du học sinh bắt đầu học tiếng Hàn một cách bài bản.', '06b38142-7ce7-4dae-b2a5-340c080d71aa', '2026-01-05T17:07:58.367Z', '2026-01-05T17:07:58.367Z'),
  ('278f6205-f5f4-49bf-b622-676e0adac07b', '지식을 습득하고 능력을 향상시키기 위해 사용하는 체계적인 방식이나 절차를 뭐라고 하나요?', 'Cách thức hoặc quy trình có hệ thống được sử dụng để tiếp thu kiến thức và nâng cao năng lực gọi là gì?', ARRAY['오락 방법', '학습 방법', '교통 방법', '요리 방법']::text[], '학습 방법', '학습 방법 có nghĩa là ''phương pháp học tập''. Nó bao gồm các chiến lược, kỹ thuật và thói quen khác nhau để học ngoại ngữ hiệu quả, như nghe lặp lại, học qua hình ảnh, hoặc học nhóm.', '1004769b-c7e8-474f-a858-af919b6dbc12', '2026-01-05T17:07:58.367Z', '2026-01-05T17:07:58.367Z'),
  ('a643ae7f-f833-4659-a4db-d3536be50a93', '한국어를 모국어로 하지 않는 사람을 대상으로 하는 공식 한국어 능력 평가 시험의 줄임말은 무엇인가요?', 'Tên viết tắt của kỳ thi đánh giá năng lực tiếng Hàn chính thức dành cho những người không sử dụng tiếng Hàn là tiếng mẹ đẻ là gì?', ARRAY['TEPS', 'TOEFL', 'TOPIK', 'HSK']::text[], 'TOPIK', 'TOPIK là viết tắt của 한국어능력시험 (Kỳ thi Năng lực Tiếng Hàn). Đây là kỳ thi chuẩn hóa quan trọng, được sử dụng cho mục đích xin học bổng, nhập học đại học, xin việc làm và xin thị thực tại Hàn Quốc.', '3d620a1f-bc80-4454-ba5f-039d085ef831', '2026-01-05T17:07:58.367Z', '2026-01-05T17:07:58.367Z'),
  ('77ada4b1-49d0-4a5a-a269-336deb546453', '외국어를 자연스럽고 거침없이 말할 수 있는 상태를 나타내는 단어는 무엇인가요?', 'Từ ngữ chỉ trạng thái có thể nói một ngoại ngữ một cách tự nhiên, không vấp váp là gì?', ARRAY['서투르다', '유창하다', '더듬거리다', '망설이다']::text[], '유창하다', '유창하다 có nghĩa là ''lưu loát'', ''trôi chảy''. Đây là mục tiêu cao cấp trong học ngoại ngữ, khi người học có thể giao tiếp một cách tự tin, mạch lạc và gần như người bản xứ.', 'ac51db34-e9c0-4709-a1ac-44b53bfdad78', '2026-01-05T17:07:58.367Z', '2026-01-05T17:07:58.367Z'),
  ('50cdd72d-b39d-4fe9-ac35-c85601939837', '언어 학습의 기초가 되는 낱말을 기억하기 위해 반복적으로 공부하는 행위는 무엇인가요?', 'Hành động học lặp đi lặp lại để ghi nhớ các từ ngữ - nền tảng của việc học ngôn ngữ - là gì?', ARRAY['단어를 버리다', '단어를 쓰다', '단어를 외우다', '단어를 듣다']::text[], '단어를 외우다', '단어를 외우다 có nghĩa là ''học thuộc từ vựng''. Đây là một hoạt động cơ bản và cần thiết để xây dựng vốn từ, thường sử dụng thẻ ghi nhớ (플래시카드), ứng dụng hoặc sổ tay từ vựng.', '1567b8b7-7010-4dcc-85d8-87fa6db13128', '2026-01-05T17:07:58.367Z', '2026-01-05T17:07:58.367Z'),
  ('48affc7e-05ae-406d-9edb-36d1b5cecd0a', '이미 배운 내용을 다시 한번 돌아보고 공부하여 기억을 강화하는 것을 뭐라고 하나요?', 'Việc xem lại và học lại nội dung đã học trước đó để củng cố trí nhớ được gọi là gì?', ARRAY['예습하다', '복습하다', '축하하다', '발전하다']::text[], '복습하다', '복습하다 có nghĩa là ''ôn tập'', ''xem lại bài học''. Đây là bước quan trọng trong quá trình học, giúp chuyển thông tin từ trí nhớ ngắn hạn sang trí nhớ dài hạn, tránh tình trạng ''học trước quên sau''.', '7ba0d769-80c5-4609-9c13-ebdfe7a2dc28', '2026-01-05T17:07:58.367Z', '2026-01-05T17:07:58.367Z'),
  ('b9cd80ce-381f-4e85-8f87-0e345f2d9a46', '외국에서 공부하기 위해 다른 나라로 가는 것을 뭐라고 하나요?', 'Việc đến một đất nước khác để học tập được gọi là gì?', ARRAY['여행', '출장', '유학', '이민']::text[], '유학', '유학 (留學) có nghĩa là đi học ở nước ngoài, thường để theo đuổi một chương trình học thuật.', 'dc949c95-0863-47dd-be75-3bbea0233def', '2026-01-05T17:07:58.367Z', '2026-01-05T17:07:58.367Z'),
  ('33c612af-5573-444e-80d8-c76c20d1ccac', '"한국에 ______ 오셨나요?" 라고 물을 수 있어요.', 'Có thể hỏi "Bạn đến Hàn Quốc để ______ à?"', ARRAY['여행하러', '유학하러', '출장하러', '관광하러']::text[], '유학하러', 'Động từ ''유학하다'' (du học) được sử dụng để chỉ mục đích học tập ở nước ngoài.', 'dc949c95-0863-47dd-be75-3bbea0233def', '2026-01-05T17:07:58.367Z', '2026-01-05T17:07:58.367Z'),
  ('5b92574e-e06d-4fc5-98b4-f9b17c295b8a', '외국에서 공부하는 학생을 뭐라고 부르나요?', 'Người học sinh đang học tập ở nước ngoài được gọi là gì?', ARRAY['여행자', '유학생', '관광객', '교환 학생']::text[], '유학생', '유학생 là danh từ chỉ sinh viên/học sinh đang du học tại một quốc gia khác.', '3a40f58b-f52a-4000-aea7-a57e83708e41', '2026-01-05T17:07:58.367Z', '2026-01-05T17:07:58.367Z'),
  ('7694b181-2c7e-4adf-8bc2-e85b3e78de0e', '대학에서 외국인 ______들을 위한 특별 프로그램이 있어요.', 'Ở trường đại học có chương trình đặc biệt dành cho ______ nước ngoài.', ARRAY['관광객', '유학생', '출장자', '방문객']::text[], '유학생', '유학생 thường được các trường đại học cung cấp các dịch vụ hỗ trợ riêng như tư vấn, định hướng.', '3a40f58b-f52a-4000-aea7-a57e83708e41', '2026-01-05T17:07:58.367Z', '2026-01-05T17:07:58.367Z'),
  ('d5be8563-9671-450b-a339-567de329c9cd', '비자나 대학 지원을 할 때 필요한 증명서, 성적증명서 등을 모으는 행동은?', 'Hành động thu thập các giấy tờ cần thiết như chứng nhận, bảng điểm khi xin visa hoặc nộp hồ sơ đại học là gì?', ARRAY['서류를 제출하다', '서류를 준비하다', '서류를 확인하다', '서류를 받다']::text[], '서류를 준비하다', '''서류를 준비하다'' nghĩa là chuẩn bị, tập hợp tất cả các giấy tờ cần thiết trước khi nộp.', '9c11f725-5dee-4fa1-8c0e-6fb24ca2ac80', '2026-01-05T17:07:58.367Z', '2026-01-05T17:07:58.367Z'),
  ('0c580cec-0b94-424c-b438-3986e8f746e4', '유학 신청에 필요한 서류는 보통 어떤 것들이 있나요?', 'Hồ sơ cần thiết để apply du học thường bao gồm những gì?', ARRAY['여권, 비자, 성적증명서, 추천서 등', '기차표, 호텔 예약 확인서', '식사 메뉴, 쇼핑 리스트', '운전면허증, 차량 등록증']::text[], '여권, 비자, 성적증명서, 추천서 등', 'Hồ sơ du học (유학 서류) thường bao gồm hộ chiếu, đơn xin visa, bảng điểm, thư giới thiệu, kế hoạch học tập, v.v.', '9c11f725-5dee-4fa1-8c0e-6fb24ca2ac80', '2026-01-05T17:07:58.367Z', '2026-01-05T17:07:58.367Z'),
  ('8fff64bc-3e1b-4741-8198-6a8c0056db16', '성적이 좋거나 경제적으로 어려운 학생에게 주는 학비 지원금은?', 'Khoản hỗ trợ học phí dành cho sinh viên có thành tích tốt hoặc khó khăn kinh tế là gì?', ARRAY['월급', '보너스', '장학금', '연금']::text[], '장학금', '장학금 là học bổng, khoản tiền hỗ trợ cho sinh viên dựa trên thành tích học tập, năng khiếu hoặc hoàn cảnh.', 'd072e260-d1ce-4bea-b0f9-d1b5bf6c8cf9', '2026-01-05T17:07:58.367Z', '2026-01-05T17:07:58.367Z'),
  ('dee12e86-6f4e-41d6-9392-5a7040f185fd', '"______을/를 받다"라는 표현은 무슨 뜻인가요?', 'Cụm từ "______을/를 받다" có nghĩa là gì?', ARRAY['학비를 내다', '장학금을 지급받다', '선물을 사다', '월급을 주다']::text[], '장학금을 지급받다', '''장학금을 받다'' có nghĩa là được nhận học bổng, được cấp tiền hỗ trợ học tập.', 'd072e260-d1ce-4bea-b0f9-d1b5bf6c8cf9', '2026-01-05T17:07:58.367Z', '2026-01-05T17:07:58.367Z'),
  ('1a5de268-16ab-47e0-8c95-7354a4fe2883', '새로운 나라의 문화, 음식, 생활 방식에 익숙해지는 과정을 뭐라고 하나요?', 'Quá trình trở nên quen thuộc với văn hóa, đồ ăn, lối sống của một đất nước mới gọi là gì?', ARRAY['도착하다', '적응하다', '떠나다', '포기하다']::text[], '적응하다', '적응하다 có nghĩa là thích nghi, làm quen và điều chỉnh bản thân cho phù hợp với hoàn cảnh mới.', '73a61f8c-7b90-4e9e-ba7c-bcf19dc367d1', '2026-01-05T17:07:58.367Z', '2026-01-05T17:07:58.367Z'),
  ('9d77afb1-7388-4abe-8d62-01894aa9f2ba', '"한국 생활에 ______되었어요?" 라고 물을 수 있어요.', 'Có thể hỏi "Bạn đã ______ với cuộc sống ở Hàn Quốc chưa?"', ARRAY['적응', '도착', '시작', '종료']::text[], '적응', 'Động từ ''적응되다'' (được thích nghi) thường được sử dụng để hỏi về mức độ quen thuộc với môi trường sống mới.', '73a61f8c-7b90-4e9e-ba7c-bcf19dc367d1', '2026-01-05T17:07:58.367Z', '2026-01-05T17:07:58.367Z'),
  ('75f49cfd-8f06-462d-ad22-142826fc5045', '고향이나 가족, 친구가 그리워서 우울해지는 상태를 뭐라고 하나요?', 'Trạng thái buồn bã, trầm cảm vì nhớ quê hương, gia đình, bạn bè được gọi là gì?', ARRAY['감기', '두통', '향수병', '불면증']::text[], '향수병', '향수병 (homesickness) là cảm giác nhớ nhà, nhớ quê hương và những người thân yêu, thường gặp ở những người sống xa nhà.', 'e9936b37-55c8-4dde-8933-4f281fddab4f', '2026-01-05T17:07:58.367Z', '2026-01-05T17:07:58.367Z'),
  ('1ae402b5-0498-454c-bdcd-9d6fed290bac', '"______에 걸리다"라는 표현은 무슨 뜻인가요?', 'Cụm từ "______에 걸리다" có nghĩa là gì?', ARRAY['병에 걸리다 (mắc bệnh)', '버스를 타다', '약속을 잡다', '선물을 받다']::text[], '병에 걸리다 (mắc bệnh)', '''~에 걸리다'' là cụm từ dùng cho bệnh tật, nên ''향수병에 걸리다'' có nghĩa là mắc chứng nhớ nhà như một căn bệnh.', 'e9936b37-55c8-4dde-8933-4f281fddab4f', '2026-01-05T17:07:58.367Z', '2026-01-05T17:07:58.367Z'),
  ('9afa575c-e6b9-4ef5-9c97-e323e3e06d78', '특정 취미나 관심사를 공유하는 학생들이 모여 만든 비공식 모임은?', 'Nhóm hội không chính thức được thành lập bởi các sinh viên có cùng sở thích hoặc mối quan tâm đặc biệt là gì?', ARRAY['과목', '동아리', '수업', '강의']::text[], '동아리', '동아리 có nghĩa là ''câu lạc bộ'' (Club/Circle). Đây là một phần không thể thiếu của đời sống đại học Hàn Quốc. Các 동아리 đa dạng từ thể thao (축구, 농구), nghệ thuật (밴드, 댄스), học thuật (토론, 외국어), đến tình nguyện (봉사). Tham gia 동아리 giúp mở rộng mối quan hệ và phát triển kỹ năng mềm.', '6fef9e10-7d36-49bf-8ad9-2f7677e45f59', '2026-01-05T17:07:58.367Z', '2026-01-05T17:07:58.367Z'),
  ('13601200-97d1-4ca4-b1f4-9ebf80c91a10', '동아리나 조직의 일원이 되기 위한 절차를 밟는 것을 뭐라고 하나요?', 'Việc tiến hành các thủ tục để trở thành một thành viên của câu lạc bộ hoặc tổ chức được gọi là gì?', ARRAY['탈퇴하다', '가입하다', '거절하다', '방문하다']::text[], '가입하다', '가입하다 có nghĩa là ''tham gia'', ''gia nhập'' (Join). Đầu mỗi học kỳ mới (특히 신학기), các 동아리 thường tổ chức ''신입생 환영회'' (tiệc chào tân sinh viên) hoặc ''동아리 박람회'' (hội chợ câu lạc bộ) để tuyển thành viên mới. Sinh viên có thể chọn 동아리 phù hợp và nộp đơn ''가입하다''.', 'f0013e71-dd3a-4981-8445-a8e5d3326246', '2026-01-05T17:07:58.367Z', '2026-01-05T17:07:58.367Z'),
  ('153efbfb-2b48-46d9-84c6-a8bbfec50279', '동아리의 구성원으로서 정기 모임, 행사 준비, 프로젝트 수행 등을 하는 것은?', 'Việc tham gia các cuộc họp định kỳ, chuẩn bị sự kiện, thực hiện dự án với tư cách là một thành viên của câu lạc bộ là gì?', ARRAY['관찰하다', '활동하다', '휴식하다', '졸업하다']::text[], '활동하다', '활동하다 có nghĩa là ''hoạt động'', ''tham gia tích cực''. Sau khi ''가입하다'', sinh viên bắt đầu ''활동하다'' trong 동아리. Việc này bao gồm tham dự ''정기 모임'' (cuộc họp định kỳ), luyện tập, tổ chức ''공연'' (buổi biểu diễn) hoặc ''행사'' (sự kiện). ''동아리 활동'' là một điểm cộng trong hồ sơ xin việc.', '414a57d7-1b9e-43c8-9178-f4317194dd7c', '2026-01-05T17:07:58.367Z', '2026-01-05T17:07:58.367Z'),
  ('62a617b9-65ab-4575-96c9-8dc535f3441d', '동아리나 팀 구성원들이 친목을 다지기 위해 여행을 가는 활동은?', 'Hoạt động mà các thành viên câu lạc bộ hoặc nhóm cùng nhau đi du lịch để gắn kết tình cảm là gì?', ARRAY['시험', 'MT', '강의', '휴학']::text[], 'MT', 'MT là từ viết tắt của ''Membership Training'', có nghĩa là ''chuyến đi dã ngoại/du lịch tập thể'' của một nhóm (thường là 동아리, 학과, 회사). Đây là truyền thống phổ biến ở Hàn Quốc, thường diễn ra ở nhà nghỉ ngoại ô hoặc khu nghỉ dưỡng, kết hợp giữa trò chơi tập thể, ăn uống, uống rượu (회식) để tăng cường tình đoàn kết (화합) và làm quen nhau.', '3dcea0c7-a4cd-4346-85f5-75b3c22d7f2c', '2026-01-05T17:07:58.367Z', '2026-01-05T17:07:58.367Z'),
  ('cfba0e82-7ee8-4575-9e3b-85b538dbeb19', '동아리를 대표하고 운영을 총괄하는 최고 책임자를 뭐라고 하나요?', 'Người chịu trách nhiệm cao nhất, đại diện cho câu lạc bộ và điều hành tổng thể các hoạt động được gọi là gì?', ARRAY['회원', '회장', '고문', '선배']::text[], '회장', '회장 có nghĩa là ''chủ tịch'', ''trưởng câu lạc bộ'' (President/Chair). 회장 thường được bầu chọn (선출) từ các thành viên, có nhiệm kỳ một năm. Công việc của họ bao gồm lập kế hoạch hoạt động, quản lý tài chính, chủ trì cuộc họp và đại diện cho 동아리. Các vị trí lãnh đạo khác có thể có ''부회장'' (phó chủ tịch), ''총무'' (thư ký/quản lý).', '24e9e2a4-6cdb-4baa-8fd1-956aa40f2fef', '2026-01-05T17:07:58.367Z', '2026-01-05T17:07:58.367Z'),
  ('b2bcb068-cbde-4913-8851-8eff146d38fb', '학생이나 직장인이 정규 업무 외에 추가로 시간제로 하는 일을 뭐라고 하나요?', 'Công việc bán thời gian mà học sinh hoặc người đi làm làm thêm ngoài công việc chính thức gọi là gì?', ARRAY['정규직', '아르바이트 (알바)', '자원봉사', '인턴십']::text[], '아르바이트 (알바)', '아르바이트 (hay gọi tắt là 알바) có nghĩa là ''việc làm thêm'', bắt nguồn từ tiếng Đức ''Arbeit''. Ở Hàn Quốc, đây là từ phổ biến chỉ các công việc bán thời gian, thường là của sinh viên.', '814e6996-5f0d-4703-8145-cd7304610a5e', '2026-01-05T17:07:58.367Z', '2026-01-05T17:07:58.367Z'),
  ('1c709cb7-0aa0-4dd3-b5b9-9eedc0ffe98b', '한 시간 동안 일한 것에 대한 임금을 무엇이라고 하나요?', 'Tiền công cho một giờ làm việc được gọi là gì?', ARRAY['월급', '연봉', '시급', '성과금']::text[], '시급', '시급 có nghĩa là ''mức lương theo giờ''. Đây là cách tính lương phổ biến nhất cho các công việc làm thêm (아르바이트). Hàn Quốc có quy định về 최저 시급 (mức lương tối thiểu theo giờ) hàng năm.', '5065f0c1-f285-472e-be15-020ab41a4346', '2026-01-05T17:07:58.367Z', '2026-01-05T17:07:58.367Z'),
  ('11093175-ac1d-4a3a-9f7b-0ceba558eb07', '구직자가 회사 관계자와 만나 자신의 능력을 보여주고 적합성을 평가받는 과정을 뭐라고 하나요?', 'Quá trình người tìm việc gặp gỡ đại diện công ty để thể hiện năng lực và được đánh giá sự phù hợp gọi là gì?', ARRAY['시험을 보다', '면접을 보다', '상담을 받다', '교육을 받다']::text[], '면접을 보다', '면접을 보다 có nghĩa là ''tham gia phỏng vấn'', ''đi phỏng vấn''. Đây là bước bắt buộc khi xin việc, nơi nhà tuyển dụng đặt câu hỏi để đánh giá ứng viên. ''보다'' trong ngữ cảnh này mang nghĩa ''trải qua'', ''thực hiện''.', '1669b3d4-d27a-4960-8766-8c44bc5b6318', '2026-01-05T17:07:58.367Z', '2026-01-05T17:07:58.367Z'),
  ('912b982b-ae69-4b57-a310-7dcd4b9cc0fc', '지원자의 학력, 경력, 자격증 등 개인 정보와 경력을 정리한 문서는 무엇인가요?', 'Tài liệu tổng hợp thông tin cá nhân, học vấn, kinh nghiệm làm việc và chứng chỉ của ứng viên là gì?', ARRAY['증명사진', '이력서', '계약서', '명함']::text[], '이력서', '이력서 có nghĩa là ''sơ yếu lý lịch'' (CV/Resume). Đây là tài liệu quan trọng đầu tiên mà nhà tuyển dụng nhìn vào, thường đi kèm với 자소서 (thư tự giới thiệu).', '7254cd6a-7631-4656-914e-60121c6fc913', '2026-01-05T17:07:58.367Z', '2026-01-05T17:07:58.367Z'),
  ('6e0333a5-86f2-478e-8b9a-7ce7522f22d7', '직장에서 일을 시작하고 끝내는 시간, 즉 일하는 시간대를 무엇이라고 하나요?', 'Khoảng thời gian bắt đầu và kết thúc công việc tại nơi làm, hay còn gọi là khung giờ làm việc, là gì?', ARRAY['휴식 시간', '출퇴근 시간', '근무 시간', '야근 시간']::text[], '근무 시간', '근무 시간 có nghĩa là ''thời gian làm việc'', ''giờ làm''. Đối với công việc làm thêm, đây thường là yếu tố linh hoạt và có thể thương lượng (협의하다) dựa trên lịch học của sinh viên và nhu cầu của cửa hàng.', 'fc5f7e69-1220-4fc0-90dd-d2cedc13f58d', '2026-01-05T17:07:58.367Z', '2026-01-05T17:07:58.367Z'),
  ('f5234435-6324-4d2c-a567-cb2bfc3b6aa1', '학교에서 모든 과정을 마치고 나가는 것을 뭐라고 하나요?', 'Việc hoàn thành tất cả các môn học và rời trường được gọi là gì?', ARRAY['입학', '졸업', '휴학', '자퇴']::text[], '졸업', '졸업 là hành động hoàn thành chương trình học và chính thức tốt nghiệp từ một cơ sở giáo dục.', '9ea6657e-1658-4eb2-8103-529b40f93340', '2026-01-05T17:07:58.367Z', '2026-01-05T17:07:58.367Z'),
  ('006e5c78-bd8d-4c1e-8eb0-3f5b44a57bcb', '______식에 가족과 친구들이 참석해요.', 'Gia đình và bạn bè tham dự lễ ______.', ARRAY['입학', '졸업', '개강', '종강']::text[], '졸업', 'Lễ tốt nghiệp được gọi là 졸업식, là sự kiện quan trọng đánh dấu việc hoàn thành việc học.', '9ea6657e-1658-4eb2-8103-529b40f93340', '2026-01-05T17:07:58.367Z', '2026-01-05T17:07:58.367Z'),
  ('3a676d27-ae10-4f9b-a675-51fe2853580f', '앞으로 어떤 일을 할지, 어떤 길을 갈지에 관한 계획을 뭐라고 하나요?', 'Kế hoạch về việc sẽ làm công việc gì, đi theo con đường nào trong tương lai được gọi là gì?', ARRAY['여가', '진로', '취미', '과제']::text[], '진로', '진로 (進路) có nghĩa là con đường tương lai, hướng đi sự nghiệp, bao gồm việc lựa chọn nghề nghiệp và học tập.', '25643108-8002-408a-863e-eab0830c9521', '2026-01-05T17:07:58.367Z', '2026-01-05T17:07:58.367Z'),
  ('a63f3f6d-cadf-443a-93b4-124c480c2f27', '"______ 상담"은 학생들이 미래를 계획하는 데 도움을 주는 상담이에요.', '"______ tư vấn" là loại hình tư vấn giúp học sinh lập kế hoạch cho tương lai.', ARRAY['심리', '진로', '학습', '건강']::text[], '진로', '진로 상담 là hoạt động tư vấn giúp học sinh/sinh viên xác định mục tiêu và lập kế hoạch cho sự nghiệp tương lai.', '25643108-8002-408a-863e-eab0830c9521', '2026-01-05T17:07:58.367Z', '2026-01-05T17:07:58.367Z'),
  ('91558692-bcac-4af6-8749-322df1fc8ab6', '졸업 전후로 회사에 들어가기 위해 이력서를 쓰고 면접을 연습하는 활동은?', 'Hoạt động viết sơ yếu lý lịch và luyện tập phỏng vấn để vào công ty trước và sau khi tốt nghiệp là gì?', ARRAY['여행 준비', '시험 준비', '취업 준비', '결혼 준비']::text[], '취업 준비', '취업 준비 bao gồm tất cả các hoạt động cần thiết để tìm được việc làm, như tìm hiểu công ty, viết resume, chuẩn bị phỏng vấn.', '0a2f7429-954b-4c4f-829d-098056e99a38', '2026-01-05T17:07:58.367Z', '2026-01-05T17:07:58.367Z'),
  ('1e3bb1a3-bc78-4e4a-990f-43cd6b5a838b', '______이/가 힘들어서 스트레스를 많이 받아요.', 'Vì ______ quá khó khăn nên tôi bị rất nhiều áp lực.', ARRAY['공부', '여행', '취업 준비', '운동']::text[], '취업 준비', '취업 준비 thường là quá trình căng thẳng và cạnh tranh cao, đặc biệt là đối với sinh viên mới ra trường ở Hàn Quốc.', '0a2f7429-954b-4c4f-829d-098056e99a38', '2026-01-05T17:07:58.367Z', '2026-01-05T17:07:58.367Z'),
  ('1aa116f0-480d-4015-a48b-b4636114fd8e', '대학교를 졸업한 후에 석사나 박사 과정을 공부하기 위해 더 높은 학위 과정에 들어가는 것을 뭐라고 하나요?', 'Việc vào một chương trình học cao hơn để học thạc sĩ hoặc tiến sĩ sau khi tốt nghiệp đại học được gọi là gì?', ARRAY['유학', '대학원 진학', '취업', '휴학']::text[], '대학원 진학', '대학원 진학 có nghĩa là tiến vào học cao học, bao gồm chương trình thạc sĩ (석사) và tiến sĩ (박사).', 'ae8da0fa-38e6-4548-b49e-b39d2d0bc2c4', '2026-01-05T17:07:58.367Z', '2026-01-05T17:07:58.367Z'),
  ('461c713a-68b8-4e1b-956a-22e9bdee962d', '______을/를 위해서 연구 계획서를 쓰고 교수님께 추천서를 받아야 해요.', 'Để ______, phải viết đề cương nghiên cứu và xin thư giới thiệu từ giáo sư.', ARRAY['취업', '여행', '대학원 진학', '군 입대']::text[], '대학원 진학', 'Quá trình apply vào cao học (대학원 진학) thường yêu cầu đề cương nghiên cứu (연구 계획서) và thư giới thiệu (추천서).', 'ae8da0fa-38e6-4548-b49e-b39d2d0bc2c4', '2026-01-05T17:07:58.367Z', '2026-01-05T17:07:58.367Z'),
  ('40061191-342c-4a02-bab0-20b484f12ab3', '자신의 성격, 능력, 흥미에 알맞은 일이나 활동을 뭐라고 표현하나요?', 'Công việc hoặc hoạt động phù hợp với tính cách, khả năng, sở thích của bản thân được diễn đạt thế nào?', ARRAY['적성에 맞다', '시간에 맞다', '예산에 맞다', '규칙에 맞다']::text[], '적성에 맞다', '적성에 맞다 có nghĩa là phù hợp với năng khiếu bẩm sinh, tính cách và sở thích cá nhân.', '9af8c122-fc03-4399-b654-a3344a607fa5', '2026-01-05T17:07:58.367Z', '2026-01-05T17:07:58.367Z'),
  ('519eb1e2-8562-486a-a6ee-86a5885d04ac', '"적성 검사"를 보는 주된 목적은 무엇인가요?', 'Mục đích chính của việc làm "bài kiểm tra năng khiếu" là gì?', ARRAY['건강 상태를 확인하기 위해', '어학 능력을 측정하기 위해', '자신에게 맞는 직업을 찾기 위해', '운전 기술을 평가하기 위해']::text[], '자신에게 맞는 직업을 찾기 위해', '적성 검사 (aptitude test) là bài kiểm tra giúp xác định nghề nghiệp hoặc lĩnh vực học tập phù hợp nhất với khả năng và tính cách của một người.', '9af8c122-fc03-4399-b654-a3344a607fa5', '2026-01-05T17:07:58.367Z', '2026-01-05T17:07:58.367Z');

COMMIT;