BEGIN;

-- LearningGroup: Số & Thời gian
INSERT INTO "LearningGroup" (id, name, icon, "topikLevel", "createdAt", "updatedAt") VALUES ('7497b4ad-ffca-4165-b264-cf7432d6cbe7', 'Số & Thời gian', '🔢', 1, '2026-01-05T17:07:58.352Z', '2026-01-05T17:07:58.352Z');

-- Categories (4 categories)
INSERT INTO "Category" (id, name, description, icon, "order", "topikLevel", "groupId", "createdAt", "updatedAt") VALUES ('0b09d52f-e62a-4cea-8fca-1588d6355993', 'Số đếm Hán-Hàn (한자 수사)', 'Từ vựng về số đếm Hán-Hàn thường dùng trong đếm số tầng, tháng, giờ, giá cả, ngày tháng', '🔢', 1, 1, '7497b4ad-ffca-4165-b264-cf7432d6cbe7', '2026-01-05T17:07:58.352Z', '2026-01-05T17:07:58.352Z'),
  ('712c9429-c97f-406d-86b9-2daf519db308', 'Số đếm Thuần-Hàn', 'Số đếm thuần Hàn từ 1 đến 10 và số 20, cách sử dụng với bộ đếm', '🔢', 2, 1, '7497b4ad-ffca-4165-b264-cf7432d6cbe7', '2026-01-05T17:07:58.352Z', '2026-01-05T17:07:58.352Z'),
  ('841e2305-8850-489e-ab51-941c9bbc489b', 'Thứ trong tuần', 'Từ vựng về các ngày trong tuần và các khái niệm thời gian liên quan trong tiếng Hàn', '📅', 3, 1, '7497b4ad-ffca-4165-b264-cf7432d6cbe7', '2026-01-05T17:07:58.352Z', '2026-01-05T17:07:58.352Z'),
  ('7a666f9a-4834-4ca8-b185-0745ba335ad9', 'Ngày và Tháng (날짜와 월)', 'Từ vựng về năm, tháng, ngày và các tháng đặc biệt trong tiếng Hàn', '📅', 4, 1, '7497b4ad-ffca-4165-b264-cf7432d6cbe7', '2026-01-05T17:07:58.352Z', '2026-01-05T17:07:58.352Z');

-- Vocabulary Words
INSERT INTO "Vocabulary" (id, korean, hanja, vietnamese, pronunciation, example, "exampleTranslation", "categoryId", "createdAt", "updatedAt") VALUES ('f20c24d7-c31d-435e-ac06-f0ad4b58e720', '일', '一', 'một', 'il', '저는 1(일)층에 살아요.', 'Tôi sống ở tầng 1.', '0b09d52f-e62a-4cea-8fca-1588d6355993', '2026-01-05T17:07:58.352Z', '2026-01-05T17:07:58.352Z'),
  ('c792752d-d80c-43cc-994a-abef1ebd4f77', '이', '二', 'hai', 'i', '사과 2(이) 개 주세요.', 'Cho tôi 2 quả táo.', '0b09d52f-e62a-4cea-8fca-1588d6355993', '2026-01-05T17:07:58.352Z', '2026-01-05T17:07:58.352Z'),
  ('87a515cf-4182-4f49-af76-9685a438f7e3', '삼', '三', 'ba', 'sam', '3(삼)월에 한국에 갈 거예요.', 'Tôi sẽ đi Hàn Quốc vào tháng 3.', '0b09d52f-e62a-4cea-8fca-1588d6355993', '2026-01-05T17:07:58.352Z', '2026-01-05T17:07:58.352Z'),
  ('9166c298-7a2a-4c61-88a3-d21be060730f', '사', '四', 'bốn', 'sa', '제 방은 4(사)층에 있어요.', 'Phòng của tôi ở tầng 4.', '0b09d52f-e62a-4cea-8fca-1588d6355993', '2026-01-05T17:07:58.352Z', '2026-01-05T17:07:58.352Z'),
  ('b1b5bcdf-0c63-4519-9db2-9330111f4b25', '오', '五', 'năm', 'o', '지금은 5(오)시입니다.', 'Bây giờ là 5 giờ.', '0b09d52f-e62a-4cea-8fca-1588d6355993', '2026-01-05T17:07:58.352Z', '2026-01-05T17:07:58.352Z'),
  ('43373374-f6d7-4516-9515-737ce008ffc6', '육', '六', 'sáu', 'yuk', '버스가 6(육)시에 출발해요.', 'Xe buýt khởi hành lúc 6 giờ.', '0b09d52f-e62a-4cea-8fca-1588d6355993', '2026-01-05T17:07:58.352Z', '2026-01-05T17:07:58.352Z'),
  ('b8b2d818-57e9-409e-a7bf-59480ad9fe5a', '칠', '七', 'bảy', 'chil', '일주일은 7(칠)일입니다.', 'Một tuần có 7 ngày.', '0b09d52f-e62a-4cea-8fca-1588d6355993', '2026-01-05T17:07:58.352Z', '2026-01-05T17:07:58.352Z'),
  ('ea9a60c1-3a7c-4949-91fc-05ab6fa281e7', '팔', '八', 'tám', 'pal', '이 책은 8(팔)천 원이에요.', 'Quyển sách này giá 8,000 won.', '0b09d52f-e62a-4cea-8fca-1588d6355993', '2026-01-05T17:07:58.352Z', '2026-01-05T17:07:58.352Z'),
  ('e5f72acc-7b7d-441e-83f1-f84d3eabcc21', '구', '九', 'chín', 'gu', '제 생일은 9(구)월 9(구)일입니다.', 'Sinh nhật tôi là ngày 9 tháng 9.', '0b09d52f-e62a-4cea-8fca-1588d6355993', '2026-01-05T17:07:58.352Z', '2026-01-05T17:07:58.352Z'),
  ('9ab3509a-d12c-4069-bf01-aa90375d8199', '십', '十', 'mười', 'sip', '10(십)분만 기다려 주세요.', 'Xin hãy đợi 10 phút thôi ạ.', '0b09d52f-e62a-4cea-8fca-1588d6355993', '2026-01-05T17:07:58.352Z', '2026-01-05T17:07:58.352Z'),
  ('2a77bedb-1485-438d-9858-a53ca82df074', '백', '百', 'một trăm', 'baek', '이 옷은 100(백)달러예요.', 'Cái áo này giá 100 đô la.', '0b09d52f-e62a-4cea-8fca-1588d6355993', '2026-01-05T17:07:58.352Z', '2026-01-05T17:07:58.352Z'),
  ('582f6685-6e9a-4f99-97b7-b741caf4eab8', '천', '千', 'một nghìn', 'cheon', '이 가방은 10만(십만) 원이에요.', 'Cái túi này giá 100,000 won (10 man won).', '0b09d52f-e62a-4cea-8fca-1588d6355993', '2026-01-05T17:07:58.352Z', '2026-01-05T17:07:58.352Z'),
  ('f4d152dd-0f83-4121-973d-d78ac332b1bf', '하나 (한)', '一', 'một', 'hana (han)', '커피 한 잔 주세요.', 'Cho tôi một ly cà phê.', '712c9429-c97f-406d-86b9-2daf519db308', '2026-01-05T17:07:58.352Z', '2026-01-05T17:07:58.352Z'),
  ('dec732e8-c579-4e27-8f33-56f31c9be1bb', '둘 (두)', '二', 'hai', 'dul (du)', '여기 학생 두 명 있어요.', 'Ở đây có hai bạn học sinh.', '712c9429-c97f-406d-86b9-2daf519db308', '2026-01-05T17:07:58.352Z', '2026-01-05T17:07:58.352Z'),
  ('1d0aca9a-20d1-46bd-84e3-d18b2500b0f5', '셋 (세)', '三', 'ba', 'set (se)', '우리 가족은 세 명이에요.', 'Gia đình chúng tôi có ba người.', '712c9429-c97f-406d-86b9-2daf519db308', '2026-01-05T17:07:58.352Z', '2026-01-05T17:07:58.352Z'),
  ('c997b742-f121-4cae-b8e9-6cef11877ce6', '넷 (네)', '四', 'bốn', 'net (ne)', '네 시에 만나요.', 'Gặp nhau lúc bốn giờ nhé.', '712c9429-c97f-406d-86b9-2daf519db308', '2026-01-05T17:07:58.352Z', '2026-01-05T17:07:58.352Z'),
  ('c39bff80-91bd-426d-87a0-d6f706b8d971', '다섯', '五', 'năm', 'daseot', '손가락이 다섯 개 있어요.', 'Có năm ngón tay.', '712c9429-c97f-406d-86b9-2daf519db308', '2026-01-05T17:07:58.352Z', '2026-01-05T17:07:58.352Z'),
  ('abef3c8e-f7f0-405e-b46c-968ff3e60285', '여섯', '六', 'sáu', 'yeoseot', '아침 여섯 시에 일어나요.', 'Tôi thức dậy vào sáu giờ sáng.', '712c9429-c97f-406d-86b9-2daf519db308', '2026-01-05T17:07:58.352Z', '2026-01-05T17:07:58.352Z'),
  ('5f17b50a-20d1-4be0-91e3-290f2dbe2892', '일곱', '七', 'bảy', 'ilgop', '무지개는 일곱 색깔이에요.', 'Cầu vồng có bảy màu.', '712c9429-c97f-406d-86b9-2daf519db308', '2026-01-05T17:07:58.352Z', '2026-01-05T17:07:58.352Z'),
  ('acf8d541-6b82-4193-83dc-b98fa780f086', '여덟', '八', 'tám', 'yeodeol', '수업이 여덟 시에 시작해요.', 'Buổi học bắt đầu lúc tám giờ.', '712c9429-c97f-406d-86b9-2daf519db308', '2026-01-05T17:07:58.352Z', '2026-01-05T17:07:58.352Z'),
  ('bd0c6a23-d2af-4a33-81f7-98b4b02e72d1', '아홉', '九', 'chín', 'ahop', '저는 아홉 살이에요.', 'Tôi chín tuổi.', '712c9429-c97f-406d-86b9-2daf519db308', '2026-01-05T17:07:58.352Z', '2026-01-05T17:07:58.352Z'),
  ('98b4fcc7-0164-4022-9277-05f4e79498c4', '열', '十', 'mười', 'yeol', '열 시에 잠을 자요.', 'Tôi đi ngủ lúc mười giờ.', '712c9429-c97f-406d-86b9-2daf519db308', '2026-01-05T17:07:58.352Z', '2026-01-05T17:07:58.352Z'),
  ('014db372-6636-420f-bae7-d46961975c86', '스물', '二十', 'hai mươi', 'seumul', '제 형은 스무 살입니다.', 'Anh trai tôi hai mươi tuổi.', '712c9429-c97f-406d-86b9-2daf519db308', '2026-01-05T17:07:58.352Z', '2026-01-05T17:07:58.352Z'),
  ('6c417c61-2862-4627-b5d9-becabe1e8ad3', '월요일', '月曜日', 'Thứ Hai', 'woryoil', '월요일에 회의가 있어요.', 'Tôi có cuộc họp vào thứ Hai.', '841e2305-8850-489e-ab51-941c9bbc489b', '2026-01-05T17:07:58.352Z', '2026-01-05T17:07:58.352Z'),
  ('e18c3953-6179-4310-b079-cdc1366cf454', '화요일', '火曜日', 'Thứ Ba', 'hwayoil', '화요일에 한국어 수업이 있어요.', 'Tôi có lớp tiếng Hàn vào thứ Ba.', '841e2305-8850-489e-ab51-941c9bbc489b', '2026-01-05T17:07:58.352Z', '2026-01-05T17:07:58.352Z'),
  ('315232ce-8112-4133-8f67-8d5ab7be98a3', '수요일', '水曜日', 'Thứ Tư', 'suyoil', '수요일 저녁에 영화 볼까요?', 'Tối thứ Tư mình xem phim nhé?', '841e2305-8850-489e-ab51-941c9bbc489b', '2026-01-05T17:07:58.352Z', '2026-01-05T17:07:58.352Z'),
  ('5970e8d9-0a1f-418d-912b-436c67fea46c', '목요일', '木曜日', 'Thứ Năm', 'mogyoil', '목요일에 시험이 있어요.', 'Tôi có bài kiểm tra vào thứ Năm.', '841e2305-8850-489e-ab51-941c9bbc489b', '2026-01-05T17:07:58.352Z', '2026-01-05T17:07:58.352Z'),
  ('926a9226-edbb-47dd-b87b-22f3bea9b387', '금요일', '金曜日', 'Thứ Sáu', 'geumyoil', '금요일에 친구를 만나요.', 'Tôi gặp bạn vào thứ Sáu.', '841e2305-8850-489e-ab51-941c9bbc489b', '2026-01-05T17:07:58.352Z', '2026-01-05T17:07:58.352Z'),
  ('52053fc9-59b0-4463-9d1b-d212a8d58f97', '토요일', '土曜日', 'Thứ Bảy', 'toyoil', '토요일에 보통 뭐 해요?', 'Bạn thường làm gì vào thứ Bảy?', '841e2305-8850-489e-ab51-941c9bbc489b', '2026-01-05T17:07:58.352Z', '2026-01-05T17:07:58.352Z'),
  ('03c83519-b992-4224-9b17-cfac8587e24a', '일요일', '日曜日', 'Chủ Nhật', 'iryoil', '일요일에는 집에서 쉬어요.', 'Vào Chủ Nhật tôi nghỉ ngơi ở nhà.', '841e2305-8850-489e-ab51-941c9bbc489b', '2026-01-05T17:07:58.352Z', '2026-01-05T17:07:58.352Z'),
  ('3c8ed2a2-bb31-49ee-b18c-331aff5f790c', '오늘', NULL, 'Hôm nay', 'oneul', '오늘은 날씨가 아주 좋아요.', 'Thời tiết hôm nay rất tốt.', '841e2305-8850-489e-ab51-941c9bbc489b', '2026-01-05T17:07:58.352Z', '2026-01-05T17:07:58.352Z'),
  ('f2973ac2-4e5b-4970-983c-c223367f65da', '내일', NULL, 'Ngày mai', 'naeil', '내일 같이 도서관에 갈래요?', 'Ngày mai cùng đi thư viện không?', '841e2305-8850-489e-ab51-941c9bbc489b', '2026-01-05T17:07:58.352Z', '2026-01-05T17:07:58.352Z'),
  ('d6a2bf21-5008-4e34-a700-846b076c9594', '어제', NULL, 'Hôm qua', 'eoje', '어제 뭐 했어요?', 'Hôm qua bạn đã làm gì?', '841e2305-8850-489e-ab51-941c9bbc489b', '2026-01-05T17:07:58.352Z', '2026-01-05T17:07:58.352Z'),
  ('cd7d3cf8-377e-4c8e-9387-3dac762389a6', '주말', '週末', 'Cuối tuần', 'jumal', '주말에 계획이 있어요?', 'Bạn có kế hoạch gì vào cuối tuần không?', '841e2305-8850-489e-ab51-941c9bbc489b', '2026-01-05T17:07:58.352Z', '2026-01-05T17:07:58.352Z'),
  ('0bc61c41-fde2-469e-9666-4066be3995ce', '년', '年', 'Năm', 'nyeon', '지금은 2024(이천이십사)년입니다.', 'Bây giờ là năm 2024.', '7a666f9a-4834-4ca8-b185-0745ba335ad9', '2026-01-05T17:07:58.352Z', '2026-01-05T17:07:58.352Z'),
  ('16273c3f-cd02-4d05-8404-a8eacce0774d', '월', '月', 'Tháng', 'wol', '12(십이)월에는 눈이 와요.', 'Tuyết rơi vào tháng 12.', '7a666f9a-4834-4ca8-b185-0745ba335ad9', '2026-01-05T17:07:58.352Z', '2026-01-05T17:07:58.352Z'),
  ('02ebe25e-6642-46f3-b22e-fc7c378e891c', '일', '日', 'Ngày', 'il', '오늘이 며칠이에요?', 'Hôm nay là ngày mấy?', '7a666f9a-4834-4ca8-b185-0745ba335ad9', '2026-01-05T17:07:58.352Z', '2026-01-05T17:07:58.352Z'),
  ('541ee681-e0f7-4889-9b16-a3a112ddb8e9', '생일', '生日', 'Sinh nhật', 'saeng-il', '생일 축하해요!', 'Chúc mừng sinh nhật!', '7a666f9a-4834-4ca8-b185-0745ba335ad9', '2026-01-05T17:07:58.352Z', '2026-01-05T17:07:58.352Z'),
  ('bb9a3b16-376e-4abf-ae6f-7f752cc1ea15', '일월', '一月', 'Tháng 1', 'irwol', '1(일)월 1(일)은 새해입니다.', 'Ngày 1 tháng 1 là Năm mới.', '7a666f9a-4834-4ca8-b185-0745ba335ad9', '2026-01-05T17:07:58.352Z', '2026-01-05T17:07:58.352Z'),
  ('fbc9749d-f1e4-44a3-b678-c1d2f15a86ce', '이월', '二月', 'Tháng 2', 'iwol', '2(이)월은 짧아요.', 'Tháng 2 rất ngắn.', '7a666f9a-4834-4ca8-b185-0745ba335ad9', '2026-01-05T17:07:58.352Z', '2026-01-05T17:07:58.352Z'),
  ('290f4e15-1d10-4b9f-b29f-0b549428b891', '유월', '六月', 'Tháng 6', 'yuwol', '6(유)월부터 여름이 시작돼요.', 'Mùa hè bắt đầu từ tháng 6.', '7a666f9a-4834-4ca8-b185-0745ba335ad9', '2026-01-05T17:07:58.352Z', '2026-01-05T17:07:58.352Z'),
  ('90761a91-99fd-4cb6-a53f-7a20eef8eec2', '시월', '十月', 'Tháng 10', 'siwol', '10(시)월에는 날씨가 시원해요.', 'Thời tiết mát mẻ vào tháng 10.', '7a666f9a-4834-4ca8-b185-0745ba335ad9', '2026-01-05T17:07:58.352Z', '2026-01-05T17:07:58.352Z');

-- Quiz Questions
INSERT INTO "QuizQuestion" (id, question, "questionTranslation", options, "correctAnswer", explanation, "VocabularyId", "createdAt", "updatedAt") VALUES ('97def527-eebd-437f-9bb6-33013fdcee62', '아파트 ______층에 사세요?', 'Bạn sống ở tầng ______ của chung cư?', ARRAY['일', '이', '삼', '사']::text[], '일', '일 là số 1 trong số đếm Hán-Hàn, thường dùng để đánh số tầng, ngày, tháng, số thứ tự.', 'f20c24d7-c31d-435e-ac06-f0ad4b58e720', '2026-01-05T17:07:58.352Z', '2026-01-05T17:07:58.352Z'),
  ('e21a5ef0-a7c9-444e-bfe7-12c5a1eaf350', '______월부터 새 학기가 시작됩니다.', 'Học kỳ mới bắt đầu từ tháng ______.', ARRAY['일', '삼', '육', '구']::text[], '삼', '삼 là số 3, dùng để chỉ tháng 3 trong tiếng Hàn (삼월).', 'f20c24d7-c31d-435e-ac06-f0ad4b58e720', '2026-01-05T17:07:58.352Z', '2026-01-05T17:07:58.352Z'),
  ('88ed6365-c848-4bfa-bfdb-413827cd8b31', '______ 년 후에 한국에 갈 거예요.', 'Tôi sẽ đi Hàn Quốc sau ______ năm nữa.', ARRAY['일', '이', '삼', '사']::text[], '이', '이 là số 2, dùng để đếm số lượng và đơn vị thời gian.', 'c792752d-d80c-43cc-994a-abef1ebd4f77', '2026-01-05T17:07:58.352Z', '2026-01-05T17:07:58.352Z'),
  ('f53d78f8-8dd8-485e-b645-354d157c12d2', '저는 ______ 살 때 한국에 처음 왔어요.', 'Tôi đến Hàn Quốc lần đầu tiên khi ______ tuổi.', ARRAY['일', '이', '십', '백']::text[], '이', '이 có thể dùng để chỉ tuổi (số đếm thuần Hàn thông dụng hơn khi nói tuổi, nhưng trong văn viết/trang trọng có thể dùng).', 'c792752d-d80c-43cc-994a-abef1ebd4f77', '2026-01-05T17:07:58.352Z', '2026-01-05T17:07:58.352Z'),
  ('9d64338d-8567-41bf-b162-f3d44357ca13', '______월은 봄이에요.', 'Tháng ______ là mùa xuân.', ARRAY['일', '삼', '육', '구']::text[], '삼', '삼월 là tháng 3 trong tiếng Hàn.', '87a515cf-4182-4f49-af76-9685a438f7e3', '2026-01-05T17:07:58.352Z', '2026-01-05T17:07:58.352Z'),
  ('c4947728-d005-4121-959f-e2aae9ef9a88', '이 일을 끝내는 데 ______ 시간 걸렸어요.', 'Tôi mất ______ tiếng để hoàn thành việc này.', ARRAY['일', '삼', '오', '칠']::text[], '삼', '삼 dùng để chỉ số lượng 3 giờ.', '87a515cf-4182-4f49-af76-9685a438f7e3', '2026-01-05T17:07:58.352Z', '2026-01-05T17:07:58.352Z'),
  ('5b810fe5-a207-41e9-a943-7eccab163482', '______ 계절이 있어요.', 'Có ______ mùa.', ARRAY['사', '오', '육', '칠']::text[], '사', '사 là số 4, thường dùng trong các cụm từ cố định như 사계절 (bốn mùa).', '9166c298-7a2a-4c61-88a3-d21be060730f', '2026-01-05T17:07:58.352Z', '2026-01-05T17:07:58.352Z'),
  ('58c3c3ca-9865-4463-ad31-0f6b38fae6c8', '______각형을 영어로 뭐라고 해요?', 'Hình ______ giác trong tiếng Anh gọi là gì?', ARRAY['삼', '사', '오', '육']::text[], '사', '사각형 là hình tứ giác, hình vuông.', '9166c298-7a2a-4c61-88a3-d21be060730f', '2026-01-05T17:07:58.352Z', '2026-01-05T17:07:58.352Z'),
  ('1cf250c2-c4ec-46c7-82dd-94c710e89f1e', '점심시간은 보통 ______시부터예요.', 'Giờ ăn trưa thường bắt đầu từ ______ giờ.', ARRAY['사', '오', '육', '칠']::text[], '오', '오 là số 5, dùng để chỉ giờ (5 giờ).', 'b1b5bcdf-0c63-4519-9db2-9330111f4b25', '2026-01-05T17:07:58.352Z', '2026-01-05T17:07:58.352Z'),
  ('eac920d5-2131-471c-86dd-d90043ab68aa', '______일 동안 여행했어요.', 'Tôi đã đi du lịch trong ______ ngày.', ARRAY['삼', '사', '오', '육']::text[], '오', '오 dùng để đếm số ngày (5 ngày).', 'b1b5bcdf-0c63-4519-9db2-9330111f4b25', '2026-01-05T17:07:58.352Z', '2026-01-05T17:07:58.352Z'),
  ('887fb821-9c12-41c6-a968-6e2bd75bf244', '한 주는 ______일입니다.', 'Một tuần có ______ ngày.', ARRAY['오', '육', '칠', '팔']::text[], '칠', 'Một tuần có 7 ngày (칠일). Câu này kiểm tra kiến thức chung.', '43373374-f6d7-4516-9515-737ce008ffc6', '2026-01-05T17:07:58.352Z', '2026-01-05T17:07:58.352Z'),
  ('4591dd83-8aa8-4c0f-b9c6-9832328fe8cf', '______ 개월 동안 한국어를 공부했어요.', 'Tôi đã học tiếng Hàn được ______ tháng.', ARRAY['사', '오', '육', '칠']::text[], '육', '육 là số 6, dùng để đếm số tháng.', '43373374-f6d7-4516-9515-737ce008ffc6', '2026-01-05T17:07:58.352Z', '2026-01-05T17:07:58.352Z'),
  ('103d310f-2fbd-4394-b298-ce35867c7dbb', '______석색은 무지개의 일곱 번째 색이에요.', 'Màu ______ sắc là màu thứ bảy của cầu vồng.', ARRAY['삼', '사', '오', '칠']::text[], '칠', '칠 là số 7, dùng trong các từ ghép như 칠석색 (màu tím - màu thứ 7).', 'b8b2d818-57e9-409e-a7bf-59480ad9fe5a', '2026-01-05T17:07:58.352Z', '2026-01-05T17:07:58.352Z'),
  ('9344ca15-c740-49d0-b5dd-704aad0832e3', '이 방은 ______ 명까지 사용 가능합니다.', 'Phòng này có thể sử dụng cho tới ______ người.', ARRAY['오', '육', '칠', '팔']::text[], '칠', '칠 dùng để đếm số người (7 người).', 'b8b2d818-57e9-409e-a7bf-59480ad9fe5a', '2026-01-05T17:07:58.352Z', '2026-01-05T17:07:58.352Z'),
  ('838a11b6-56d5-418a-b91e-1fad5a7d66a9', '______각형은 팔각형이라고 해요.', 'Hình ______ giác gọi là hình bát giác.', ARRAY['육', '칠', '팔', '구']::text[], '팔', '팔각형 là hình bát giác.', 'ea9a60c1-3a7c-4949-91fc-05ab6fa281e7', '2026-01-05T17:07:58.352Z', '2026-01-05T17:07:58.352Z'),
  ('e7af463f-b149-4904-83f0-d3c93d869904', '______시에 만나기로 했어요.', 'Chúng tôi đã hẹn gặp lúc ______ giờ.', ARRAY['육', '칠', '팔', '구']::text[], '팔', '팔 là số 8, dùng để chỉ giờ.', 'ea9a60c1-3a7c-4949-91fc-05ab6fa281e7', '2026-01-05T17:07:58.352Z', '2026-01-05T17:07:58.352Z'),
  ('caf4e3d0-fd13-4d1f-a702-9ca23ec6f9af', '______월은 가을이에요.', 'Tháng ______ là mùa thu.', ARRAY['칠', '팔', '구', '십']::text[], '구', '구월 là tháng 9.', 'e5f72acc-7b7d-441e-83f1-f84d3eabcc21', '2026-01-05T17:07:58.352Z', '2026-01-05T17:07:58.352Z'),
  ('54104003-0957-4186-b7f6-b7aa710442fd', '______십 구(99)는 큰 숫자예요.', '______ mươi chín (99) là một con số lớn.', ARRAY['구', '십', '백', '천']::text[], '구', '구 là số 9, dùng trong các số như 99 (구십구).', 'e5f72acc-7b7d-441e-83f1-f84d3eabcc21', '2026-01-05T17:07:58.352Z', '2026-01-05T17:07:58.352Z'),
  ('f1a88e99-41f0-49da-b414-88ad09f16fe2', '______ 분 후에 출발할게요.', 'Tôi sẽ xuất phát sau ______ phút nữa.', ARRAY['구', '십', '백', '천']::text[], '십', '십 là số 10, dùng để đếm phút.', '9ab3509a-d12c-4069-bf01-aa90375d8199', '2026-01-05T17:07:58.352Z', '2026-01-05T17:07:58.352Z'),
  ('321ef855-47ed-4d13-a10b-ffec86066549', '이 건물에는 ______ 개의 방이 있어요.', 'Tòa nhà này có ______ phòng.', ARRAY['오', '칠', '구', '십']::text[], '십', '십 dùng để đếm số lượng (10 cái).', '9ab3509a-d12c-4069-bf01-aa90375d8199', '2026-01-05T17:07:58.352Z', '2026-01-05T17:07:58.352Z'),
  ('9a885b46-8856-4227-90b5-b924385a1a43', '______ 미터 달리기를 했어요.', 'Tôi đã chạy ______ mét.', ARRAY['십', '백', '천', '만']::text[], '백', '백 là 100, dùng trong các đơn vị đo lường như 100m.', '2a77bedb-1485-438d-9858-a53ca82df074', '2026-01-05T17:07:58.352Z', '2026-01-05T17:07:58.352Z'),
  ('b3af8498-7f72-433c-9c2f-eaa4ac314ee6', '이 책은 ______ 페이지나 돼요.', 'Cuốn sách này có tới ______ trang.', ARRAY['오십', '백', '이백', '천']::text[], '백', '백 dùng để đếm số trang (100 trang).', '2a77bedb-1485-438d-9858-a53ca82df074', '2026-01-05T17:07:58.352Z', '2026-01-05T17:07:58.352Z'),
  ('9fdc6862-7960-4d66-8b87-a49f2e315e54', '______ 명이 이 행사에 참가했어요.', 'Có ______ người đã tham gia sự kiện này.', ARRAY['백', '천', '만', '십만']::text[], '천', '천 là 1,000, dùng để đếm số người.', '582f6685-6e9a-4f99-97b7-b741caf4eab8', '2026-01-05T17:07:58.352Z', '2026-01-05T17:07:58.352Z'),
  ('f466ee05-67da-4722-be17-195db65f46c1', '______ 원짜리 지폐가 있어요.', 'Có tờ tiền ______ won.', ARRAY['오천', '만', '십만', '백만']::text[], '오천', '천 là đơn vị nghìn, 오천 là 5,000. Câu này kiểm tra khả năng kết hợp số.', '582f6685-6e9a-4f99-97b7-b741caf4eab8', '2026-01-05T17:07:58.352Z', '2026-01-05T17:07:58.352Z'),
  ('3bb2cfb0-08be-4131-9364-8ef330dadd08', '물 ______ 병 사 왔어요.', 'Tôi đã mua ______ chai nước.', ARRAY['하나', '한', '하나 또는 한', '일']::text[], '한', '''한'' là hình thức rút gọn của ''하나'' khi kết hợp với bộ đếm, thường dùng với 잔 (ly), 명 (người), 개 (cái).', 'f4d152dd-0f83-4121-973d-d78ac332b1bf', '2026-01-05T17:07:58.352Z', '2026-01-05T17:07:58.352Z'),
  ('71fe5da2-55c1-4edf-8973-03d11d3a3cf7', '______부터 열까지 세어 보세요.', 'Hãy đếm từ ______ đến mười.', ARRAY['하나', '한', '일', '첫째']::text[], '하나', 'Khi đếm số từ đầu tiên, dùng ''하나'' thay vì ''한'', vì đây là số đếm độc lập.', 'f4d152dd-0f83-4121-973d-d78ac332b1bf', '2026-01-05T17:07:58.352Z', '2026-01-05T17:07:58.352Z'),
  ('afa8f135-9ef4-4944-b1dc-9c95f9de166e', '책 ______ 권 빌렸어요.', 'Tôi đã mượn ______ quyển sách.', ARRAY['둘', '두', '이', '두 개']::text[], '두', '''두'' là hình thức rút gọn của ''둘'' khi kết hợp với bộ đếm như 권 (quyển sách), 명 (người), 마리 (con vật).', 'dec732e8-c579-4e27-8f33-56f31c9be1bb', '2026-01-05T17:07:58.352Z', '2026-01-05T17:07:58.352Z'),
  ('b00703f3-ac5b-4a2e-ac78-bb41eca468c2', '손가락은 ______씩 있어요.', 'Ngón tay có mỗi bên ______ cái.', ARRAY['둘', '두', '이', '두 개']::text[], '둘', 'Khi nói về số lượng độc lập không kèm bộ đếm cụ thể, dùng ''둘'' thay vì ''두''.', 'dec732e8-c579-4e27-8f33-56f31c9be1bb', '2026-01-05T17:07:58.352Z', '2026-01-05T17:07:58.352Z'),
  ('a3df6657-51a2-4859-813d-fd5d58ae34fd', '______ 시간 후에 만나요.', 'Chúng ta gặp nhau sau ______ tiếng nữa nhé.', ARRAY['셋', '세', '삼', '세 개']::text[], '세', '''세'' là hình thức rút gọn của ''셋'' khi kết hợp với bộ đếm thời gian như 시 (giờ), 분 (phút).', '1d0aca9a-20d1-46bd-84e3-d18b2500b0f5', '2026-01-05T17:07:58.352Z', '2026-01-05T17:07:58.352Z'),
  ('8082323f-550a-4ba1-8852-7de54cf74ef4', '______, 둘, 하나, 시작!', '______, hai, một, bắt đầu!', ARRAY['셋', '세', '삼', '서']::text[], '셋', 'Khi đếm ngược để bắt đầu cuộc thi hay sự kiện, dùng ''셋'' (ba) thay vì ''세''.', '1d0aca9a-20d1-46bd-84e3-d18b2500b0f5', '2026-01-05T17:07:58.352Z', '2026-01-05T17:07:58.352Z'),
  ('9fa726ba-44c3-4afe-9020-441ca6e045bb', '오늘 약속이 ______ 개 있어요.', 'Hôm nay tôi có ______ cuộc hẹn.', ARRAY['넷', '네', '사', '네 개']::text[], '네', '''네'' là hình thức rút gọn của ''넷'' khi kết hợp với bộ đếm 개 (cái) hoặc các bộ đếm khác.', 'c997b742-f121-4cae-b8e9-6cef11877ce6', '2026-01-05T17:07:58.352Z', '2026-01-05T17:07:58.352Z'),
  ('12cb43ea-4dbc-4aee-bf17-63f63c529f2a', '계절은 모두 ______이에요.', 'Có tất cả ______ mùa.', ARRAY['넷', '네', '사', '네 가지']::text[], '넷', 'Khi nói về số lượng tổng thể không kèm bộ đếm cụ thể, dùng ''넷'' thay vì ''네''.', 'c997b742-f121-4cae-b8e9-6cef11877ce6', '2026-01-05T17:07:58.352Z', '2026-01-05T17:07:58.352Z'),
  ('98b54408-41ae-4473-8a6d-6cd1cb33f5de', '주말에 친구 ______ 명이 와요.', 'Cuối tuần sẽ có ______ người bạn đến.', ARRAY['다섯', '오', '오 명', '다섯 개']::text[], '다섯', '다섯 là số đếm thuần Hàn cho số 5, không có hình thức rút gọn như các số từ 1-4, luôn giữ nguyên khi kết hợp với bộ đếm.', 'c39bff80-91bd-426d-87a0-d6f706b8d971', '2026-01-05T17:07:58.352Z', '2026-01-05T17:07:58.352Z'),
  ('8fa4d138-7cba-4d70-9fac-afb35454a285', '일주일은 ______ 일이에요.', 'Một tuần có ______ ngày.', ARRAY['다섯', '오', '오 개', '다섯 개']::text[], '다섯', 'Khi nói về số lượng ngày, dùng ''다섯'' kết hợp với bộ đếm ''일'' (ngày) để chỉ năm ngày.', 'c39bff80-91bd-426d-87a0-d6f706b8d971', '2026-01-05T17:07:58.352Z', '2026-01-05T17:07:58.352Z'),
  ('af2ad167-076e-4dd8-9f92-73e74b3bf16d', '수업은 ______ 시에 끝나요.', 'Lớp học kết thúc lúc ______ giờ.', ARRAY['여섯', '육', '륙', '여섯 개']::text[], '여섯', '여섯 là số đếm thuần Hàn cho số 6, dùng để đếm giờ, tuổi, hoặc số lượng đồ vật nhỏ.', 'abef3c8e-f7f0-405e-b46c-968ff3e60285', '2026-01-05T17:07:58.352Z', '2026-01-05T17:07:58.352Z'),
  ('ebb14b87-d944-4606-a083-9633a5b2a464', '계란 ______ 알 샀어요.', 'Tôi đã mua ______ quả trứng.', ARRAY['여섯', '육', '륙', '여섯 개']::text[], '여섯', 'Khi đếm trứng, dùng ''여섯'' kết hợp với bộ đếm ''알'' (quả/viên) để chỉ sáu quả trứng.', 'abef3c8e-f7f0-405e-b46c-968ff3e60285', '2026-01-05T17:07:58.352Z', '2026-01-05T17:07:58.352Z'),
  ('4e470161-71d4-4ad7-b4b7-71d1e85b429e', '일주일 중 ______ 일을 일해요.', 'Tôi làm việc ______ ngày trong tuần.', ARRAY['일곱', '칠', '칠 일', '일곱 개']::text[], '일곱', '일곱 là số đếm thuần Hàn cho số 7, thường dùng để đếm ngày, tuổi, hoặc số lượng đồ vật.', '5f17b50a-20d1-4be0-91e3-290f2dbe2892', '2026-01-05T17:07:58.352Z', '2026-01-05T17:07:58.352Z'),
  ('0dd30a65-0866-423a-9300-2b442e98a8ac', '______ 시간 자면 충분해요.', 'Ngủ ______ tiếng là đủ.', ARRAY['일곱', '칠', '칠 시간', '일곱 개']::text[], '일곱', 'Khi nói về thời gian ngủ, dùng ''일곱'' kết hợp với bộ đếm ''시간'' (giờ) để chỉ bảy tiếng.', '5f17b50a-20d1-4be0-91e3-290f2dbe2892', '2026-01-05T17:07:58.352Z', '2026-01-05T17:07:58.352Z'),
  ('dfbb6a5c-602b-4bae-835c-586de05108c4', '사과 ______ 개 먹었어요.', 'Tôi đã ăn ______ quả táo.', ARRAY['여덟', '팔', '팔 개', '여덟 개']::text[], '여덟', '여덟 là số đếm thuần Hàn cho số 8, dùng để đếm đồ vật, giờ, tuổi, và các số lượng nhỏ.', 'acf8d541-6b82-4193-83dc-b98fa780f086', '2026-01-05T17:07:58.352Z', '2026-01-05T17:07:58.352Z'),
  ('6b030f78-002e-4f77-9379-e981933c2bf7', '______ 월은 여름이에요.', 'Tháng ______ là mùa hè.', ARRAY['여덟', '팔', '팔 월', '여덟 월']::text[], '팔', 'Khi nói về tháng (월), phải dùng số Hán Hàn ''팔'' thay vì số thuần Hàn ''여덟''.', 'acf8d541-6b82-4193-83dc-b98fa780f086', '2026-01-05T17:07:58.352Z', '2026-01-05T17:07:58.352Z'),
  ('726b93e8-2347-4270-b41f-06981fc781c7', '______ 번 버스를 타야 해요.', 'Tôi phải đi xe buýt số ______.', ARRAY['아홉', '구', '구 번', '아홉 번']::text[], '구', 'Khi nói về số xe buýt, số điện thoại, hoặc số thứ tự, phải dùng số Hán Hàn ''구'' thay vì số thuần Hàn ''아홉''.', 'bd0c6a23-d2af-4a33-81f7-98b4b02e72d1', '2026-01-05T17:07:58.352Z', '2026-01-05T17:07:58.352Z'),
  ('1cbee4f5-cb5f-4081-887b-1cd87fe97fa6', '동생이 ______ 살이에요.', 'Em tôi ______ tuổi.', ARRAY['아홉', '구', '구 살', '아홉 살']::text[], '아홉', 'Khi nói về tuổi, luôn dùng số đếm thuần Hàn kết hợp với bộ đếm ''살'' (tuổi).', 'bd0c6a23-d2af-4a33-81f7-98b4b02e72d1', '2026-01-05T17:07:58.352Z', '2026-01-05T17:07:58.352Z'),
  ('13b1c30e-061f-4c81-bee7-ae3b27bf8b28', '______ 분 기다려 주세요.', 'Xin hãy đợi tôi ______ phút.', ARRAY['열', '십', '십 분', '열 분']::text[], '열', '열 là số đếm thuần Hàn cho số 10, dùng để đếm giờ, phút, tuổi, hoặc số lượng đồ vật nhỏ.', '98b4fcc7-0164-4022-9277-05f4e79498c4', '2026-01-05T17:07:58.352Z', '2026-01-05T17:07:58.352Z'),
  ('f8ccbb78-975b-4403-b1fd-18b474c0277f', '______ 월은 가을이에요.', 'Tháng ______ là mùa thu.', ARRAY['열', '십', '십 월', '열 월']::text[], '십', 'Khi nói về tháng (월), phải dùng số Hán Hàn ''십'' thay vì số thuần Hàn ''열''.', '98b4fcc7-0164-4022-9277-05f4e79498c4', '2026-01-05T17:07:58.352Z', '2026-01-05T17:07:58.352Z'),
  ('78596bd3-e16a-4cd5-89a4-e8e593e5ddd2', '저는 내년에 ______ 살이에요.', 'Năm sau tôi sẽ ______ tuổi.', ARRAY['스물', '스무', '이십', '스물 살']::text[], '스무', '''스무'' là hình thức rút gọn của ''스물'' khi kết hợp với bộ đếm ''살'' (tuổi), giống như ''한'' (một), ''두'' (hai).', '014db372-6636-420f-bae7-d46961975c86', '2026-01-05T17:07:58.352Z', '2026-01-05T17:07:58.352Z'),
  ('ca8d93a2-a3b5-43b2-93fb-f7877bb6569c', '______ 원이 있어요.', 'Tôi có ______ won.', ARRAY['스물', '스무', '이십', '스무 원']::text[], '이십', 'Khi nói về tiền (원), phải dùng số Hán Hàn ''이십'' thay vì số thuần Hàn ''스물'' hoặc ''스무''.', '014db372-6636-420f-bae7-d46961975c86', '2026-01-05T17:07:58.352Z', '2026-01-05T17:07:58.352Z'),
  ('93911b6e-c075-4337-ad8c-4a9ed02de755', '한국에서는 보통 ______부터 일주일이 시작해요.', 'Ở Hàn Quốc, tuần thường bắt đầu từ ______.', ARRAY['월요일', '일요일', '토요일', '금요일']::text[], '월요일', '월요일 (Thứ Hai) thường được coi là ngày đầu tuần trong lịch làm việc và học tập ở Hàn Quốc.', '6c417c61-2862-4627-b5d9-becabe1e8ad3', '2026-01-05T17:07:58.352Z', '2026-01-05T17:07:58.352Z'),
  ('51a49490-cee0-4f61-b0ae-351ab8af91bf', '''월''은 중국어에서 ''달''을 의미하기 때문에 ______은 ''달의 날''이라는 뜻이에요.', 'Vì ''월'' trong Hán tự có nghĩa là ''mặt trăng'', nên ______ có nghĩa là ''ngày của mặt trăng''.', ARRAY['월요일', '화요일', '수요일', '목요일']::text[], '월요일', '월 (月) trong 월요일 có nghĩa là mặt trăng, theo cách đặt tên các ngày trong tuần dựa trên các thiên thể.', '6c417c61-2862-4627-b5d9-becabe1e8ad3', '2026-01-05T17:07:58.352Z', '2026-01-05T17:07:58.352Z'),
  ('de194f94-1084-4ccb-b1bf-b3dae3d2298f', '______은 일주일의 두 번째 날이에요.', '______ là ngày thứ hai trong tuần.', ARRAY['화요일', '수요일', '월요일', '목요일']::text[], '화요일', '화요일 (Thứ Ba) đứng sau 월요일 trong thứ tự các ngày trong tuần của Hàn Quốc.', 'e18c3953-6179-4310-b079-cdc1366cf454', '2026-01-05T17:07:58.352Z', '2026-01-05T17:07:58.352Z'),
  ('0f3f2b6d-90cb-4386-aab6-380f259d8d84', '''화''는 불을 의미하기 때문에 ______은 ''불의 날''이라는 뜻이에요.', 'Vì ''화'' có nghĩa là ''lửa'', nên ______ có nghĩa là ''ngày của lửa''.', ARRAY['화요일', '월요일', '수요일', '금요일']::text[], '화요일', '화 (火) trong 화요일 có nghĩa là lửa, theo hệ thống đặt tên dựa trên ngũ hành và các thiên thể.', 'e18c3953-6179-4310-b079-cdc1366cf454', '2026-01-05T17:07:58.352Z', '2026-01-05T17:07:58.352Z'),
  ('39c52c57-45f2-46c0-aa98-eb681b922e24', '______은 주중의 정중앙에 위치한 날이에요.', '______ là ngày nằm ở chính giữa tuần.', ARRAY['수요일', '화요일', '목요일', '금요일']::text[], '수요일', '수요일 (Thứ Tư) thường được coi là ngày giữa tuần, chia tuần làm hai phần bằng nhau.', '315232ce-8112-4133-8f67-8d5ab7be98a3', '2026-01-05T17:07:58.352Z', '2026-01-05T17:07:58.352Z'),
  ('280ae0d0-77ce-435d-89c3-9c14887748ec', '''수''는 물을 의미하기 때문에 ______은 ''물의 날''이라는 뜻이에요.', 'Vì ''수'' có nghĩa là ''nước'', nên ______ có nghĩa là ''ngày của nước''.', ARRAY['수요일', '화요일', '목요일', '토요일']::text[], '수요일', '수 (水) trong 수요일 có nghĩa là nước, tiếp tục theo hệ thống đặt tên dựa trên các nguyên tố.', '315232ce-8112-4133-8f67-8d5ab7be98a3', '2026-01-05T17:07:58.352Z', '2026-01-05T17:07:58.352Z'),
  ('6ece51c7-5952-41c3-8dae-d1caf2a79304', '______이 지나면 거의 주말이 다가왔다고 느껴져요.', 'Sau khi ______ qua đi, người ta cảm thấy cuối tuần đã đến rất gần.', ARRAY['목요일', '수요일', '화요일', '월요일']::text[], '목요일', '목요일 (Thứ Năm) là ngày áp cuối của tuần làm việc, thường mang cảm giác cuối tuần sắp đến.', '5970e8d9-0a1f-418d-912b-436c67fea46c', '2026-01-05T17:07:58.352Z', '2026-01-05T17:07:58.352Z'),
  ('e1d476da-5f2e-424f-bb2f-a666fb3c468e', '''목''은 나무를 의미하기 때문에 ______은 ''나무의 날''이라는 뜻이에요.', 'Vì ''목'' có nghĩa là ''cây'', nên ______ có nghĩa là ''ngày của cây''.', ARRAY['목요일', '금요일', '토요일', '일요일']::text[], '목요일', '목 (木) trong 목요일 có nghĩa là cây/gỗ, tiếp tục theo hệ thống đặt tên dựa trên ngũ hành.', '5970e8d9-0a1f-418d-912b-436c67fea46c', '2026-01-05T17:07:58.352Z', '2026-01-05T17:07:58.352Z'),
  ('2cbcf0ef-06ad-4b59-a65a-4dfd16b05f9a', '______은 많은 사람들이 가장 기대하는 평일이에요.', '______ là ngày trong tuần được nhiều người mong đợi nhất.', ARRAY['금요일', '월요일', '수요일', '목요일']::text[], '금요일', '금요일 (Thứ Sáu) thường được gọi là ''불금'' (Thứ Sáu rực lửa) vì là ngày cuối cùng của tuần làm việc và bắt đầu cho cuối tuần.', '926a9226-edbb-47dd-b87b-22f3bea9b387', '2026-01-05T17:07:58.352Z', '2026-01-05T17:07:58.352Z'),
  ('75e39a3a-5d6e-423b-8eb6-b2065ffd8bbc', '''금''은 쇠를 의미하기 때문에 ______은 ''쇠의 날''이라는 뜻이에요.', 'Vì ''금'' có nghĩa là ''kim loại'', nên ______ có nghĩa là ''ngày của kim loại''.', ARRAY['금요일', '토요일', '일요일', '화요일']::text[], '금요일', '금 (金) trong 금요일 có nghĩa là kim loại/vàng, theo hệ thống đặt tên dựa trên ngũ hành.', '926a9226-edbb-47dd-b87b-22f3bea9b387', '2026-01-05T17:07:58.352Z', '2026-01-05T17:07:58.352Z'),
  ('b1a119df-9f9b-45eb-b3dd-a00c14e5d14c', '______은 한국에서 대부분의 직장인과 학생들이 쉬는 날이에요.', '______ là ngày mà hầu hết nhân viên văn phòng và học sinh ở Hàn Quốc được nghỉ.', ARRAY['토요일', '금요일', '일요일', '월요일']::text[], '토요일', '토요일 (Thứ Bảy) cùng với 일요일 tạo thành 주말 (cuối tuần) - thời gian nghỉ ngơi chính trong tuần.', '52053fc9-59b0-4463-9d1b-d212a8d58f97', '2026-01-05T17:07:58.352Z', '2026-01-05T17:07:58.352Z'),
  ('a6499946-3f0e-4731-9839-c8ac74ff71d0', '''토''는 흙을 의미하기 때문에 ______은 ''흙의 날''이라는 뜻이에요.', 'Vì ''토'' có nghĩa là ''đất'', nên ______ có nghĩa là ''ngày của đất''.', ARRAY['토요일', '일요일', '월요일', '화요일']::text[], '토요일', '토 (土) trong 토요일 có nghĩa là đất, hoàn thiện bộ ngũ hành trong cách đặt tên các ngày.', '52053fc9-59b0-4463-9d1b-d212a8d58f97', '2026-01-05T17:07:58.352Z', '2026-01-05T17:07:58.352Z'),
  ('20030a06-89df-46d8-b7f3-009112875f4c', '______은 일주일의 마지막 날이자 대부분의 교회에서 예배를 보는 날이에요.', '______ là ngày cuối cùng của tuần và là ngày mà hầu hết các nhà thờ tổ chức lễ.', ARRAY['일요일', '토요일', '월요일', '금요일']::text[], '일요일', '일요일 (Chủ Nhật) theo truyền thống là ngày nghỉ và đi lễ nhà thờ ở nhiều nền văn hóa.', '03c83519-b992-4224-9b17-cfac8587e24a', '2026-01-05T17:07:58.352Z', '2026-01-05T17:07:58.352Z'),
  ('1e53c58a-88b5-47cc-b89d-7e4088dc378d', '''일''은 해를 의미하기 때문에 ______은 ''해의 날''이라는 뜻이에요.', 'Vì ''일'' có nghĩa là ''mặt trời'', nên ______ có nghĩa là ''ngày của mặt trời''.', ARRAY['일요일', '월요일', '화요일', '수요일']::text[], '일요일', '일 (日) trong 일요일 có nghĩa là mặt trời/ngày, khép lại chu kỳ 7 ngày dựa trên các thiên thể và nguyên tố.', '03c83519-b992-4224-9b17-cfac8587e24a', '2026-01-05T17:07:58.352Z', '2026-01-05T17:07:58.352Z'),
  ('39d88c54-9047-4ff0-9921-755a2f8a46fb', '______ 일기예보에 따르면 비가 올 거라고 해요.', 'Theo dự báo thời tiết ______, họ nói rằng trời sẽ mưa.', ARRAY['오늘', '내일', '어제', '모레']::text[], '오늘', '오늘 có nghĩa là ''hôm nay'', chỉ ngày hiện tại mà người nói đang sống.', '3c8ed2a2-bb31-49ee-b18c-331aff5f790c', '2026-01-05T17:07:58.352Z', '2026-01-05T17:07:58.352Z'),
  ('fa42a1bf-dda4-47a8-b7ea-da3be953019c', '______ 무엇을 할 계획이에요?', 'Bạn có kế hoạch làm gì ______?', ARRAY['오늘', '내일', '어제', '그저께']::text[], '오늘', '오늘 thường được dùng để hỏi về kế hoạch, dự định trong ngày hiện tại.', '3c8ed2a2-bb31-49ee-b18c-331aff5f790c', '2026-01-05T17:07:58.352Z', '2026-01-05T17:07:58.352Z'),
  ('7debc5cc-182e-4549-a9e6-f0307ff233a7', '______은 제 생일이에요.', '______ là sinh nhật của tôi.', ARRAY['내일', '오늘', '어제', '글피']::text[], '내일', '내일 có nghĩa là ''ngày mai'', chỉ ngày tiếp theo sau ngày hôm nay.', 'f2973ac2-4e5b-4970-983c-c223367f65da', '2026-01-05T17:07:58.352Z', '2026-01-05T17:07:58.352Z'),
  ('a0f2777c-6bb4-46dc-9e64-95ce6a2deb95', '______ 일정이 어떻게 되세요?', 'Lịch trình của bạn ______ thế nào?', ARRAY['내일', '오늘', '어제', '매일']::text[], '내일', '내일 thường được dùng để hỏi về kế hoạch, lịch trình cho ngày tiếp theo.', 'f2973ac2-4e5b-4970-983c-c223367f65da', '2026-01-05T17:07:58.352Z', '2026-01-05T17:07:58.352Z'),
  ('4efca4bb-cea0-40ca-88a1-6db61f9e1e52', '______ 왜 지각했어요?', 'Tại sao bạn đến muộn ______?', ARRAY['어제', '오늘', '내일', '모레']::text[], '어제', '어제 có nghĩa là ''hôm qua'', chỉ ngày ngay trước ngày hôm nay.', 'd6a2bf21-5008-4e34-a700-846b076c9594', '2026-01-05T17:07:58.352Z', '2026-01-05T17:07:58.352Z'),
  ('caf19ee5-86f5-4292-b0e8-03ea267c0120', '______ 있었던 일을 말씀해 주세요.', 'Hãy kể cho tôi nghe về việc đã xảy ra ______.', ARRAY['어제', '오늘', '내일', '주말']::text[], '어제', '어제 thường được dùng để nói về những sự việc đã xảy ra trong quá khứ gần.', 'd6a2bf21-5008-4e34-a700-846b076c9594', '2026-01-05T17:07:58.352Z', '2026-01-05T17:07:58.352Z'),
  ('f9a0f150-ed17-4b35-aaaf-67ea643919d4', '______에는 보통 가족들과 시간을 보내요.', 'Vào ______, tôi thường dành thời gian với gia đình.', ARRAY['주말', '평일', '오늘', '내일']::text[], '주말', '주말 có nghĩa là ''cuối tuần'', thường bao gồm 토요일 (Thứ Bảy) và 일요일 (Chủ Nhật).', 'cd7d3cf8-377e-4c8e-9387-3dac762389a6', '2026-01-05T17:07:58.352Z', '2026-01-05T17:07:58.352Z'),
  ('f5adcd95-fbfc-4599-a43f-12db51bcbcfd', '이번 ______에 뭐 할 거예요?', 'Bạn sẽ làm gì vào ______ này?', ARRAY['주말', '평일', '아침', '저녁']::text[], '주말', '주말 thường được dùng để hỏi về kế hoạch nghỉ ngơi, giải trí vào những ngày cuối tuần.', 'cd7d3cf8-377e-4c8e-9387-3dac762389a6', '2026-01-05T17:07:58.352Z', '2026-01-05T17:07:58.352Z'),
  ('2cbfecb1-6549-4d32-a88d-6e1591ae77f3', '다음 ______에는 대학을 졸업할 거예요.', 'Tôi sẽ tốt nghiệp đại học vào ______ tới.', ARRAY['월', '년', '일', '시']::text[], '년', '년 là đơn vị thời gian chỉ ''năm'', dùng để đếm năm hoặc chỉ một năm cụ thể.', '0bc61c41-fde2-469e-9666-4066be3995ce', '2026-01-05T17:07:58.352Z', '2026-01-05T17:07:58.352Z'),
  ('168f07cf-b781-4863-baf8-5da4d8f219e8', '한국의 2020(______)년은 코로나로 힘든 시기였어요.', 'Năm 2020 ở Hàn Quốc là thời kỳ khó khăn vì Covid-19.', ARRAY['이천이십', '천구백', '이백이십', '삼천']::text[], '이천이십', '년 thường đi kèm với số đếm Hán-Hàn để chỉ năm cụ thể, như 2020년 (이천이십년).', '0bc61c41-fde2-469e-9666-4066be3995ce', '2026-01-05T17:07:58.352Z', '2026-01-05T17:07:58.352Z'),
  ('50da2ffa-a449-45ec-b776-dc6228d962c8', '한 해에는 열두 ______가 있어요.', 'Một năm có mười hai ______.', ARRAY['일', '월', '년', '주']::text[], '월', '월 là đơn vị thời gian chỉ ''tháng'', dùng để đếm tháng hoặc chỉ tháng cụ thể.', '16273c3f-cd02-4d05-8404-a8eacce0774d', '2026-01-05T17:07:58.352Z', '2026-01-05T17:07:58.352Z'),
  ('7bf5b20f-9740-4a6a-bfbc-8082a363c328', '______이 지나면 다시 만나요.', 'Sau khi ______ trôi qua, chúng ta hãy gặp lại nhau.', ARRAY['한 달', '한 해', '한 시간', '한 분']::text[], '한 달', '월 và 달 đều có nghĩa là ''tháng'', nhưng 월 thường dùng với số đếm Hán-Hàn (1월, 2월), còn 달 dùng với số đếm thuần Hàn (한 달, 두 달).', '16273c3f-cd02-4d05-8404-a8eacce0774d', '2026-01-05T17:07:58.352Z', '2026-01-05T17:07:58.352Z'),
  ('ff5dd183-d6c2-4ead-b34a-6d17833988c7', '한 달은 보통 30 ______ 또는 31 ______입니다.', 'Một tháng thường có 30 ______ hoặc 31 ______.', ARRAY['년', '월', '일', '시']::text[], '일', '일 là đơn vị thời gian chỉ ''ngày'', dùng để đếm số ngày hoặc chỉ ngày cụ thể trong tháng.', '02ebe25e-6642-46f3-b22e-fc7c378e891c', '2026-01-05T17:07:58.352Z', '2026-01-05T17:07:58.352Z'),
  ('6eaba8e6-42f8-4a31-873c-44cf87905d26', '매 ______ 아침에 운동을 해요.', 'Tôi tập thể dục vào mỗi buổi sáng.', ARRAY['월', '일', '년', '분']::text[], '일', '매일 có nghĩa là ''mỗi ngày'', 일 ở đây chỉ đơn vị ngày lặp lại hàng ngày.', '02ebe25e-6642-46f3-b22e-fc7c378e891c', '2026-01-05T17:07:58.352Z', '2026-01-05T17:07:58.352Z'),
  ('ecce3968-8c72-48be-a0c4-94903d104147', '오늘은 제 ______이에요.', 'Hôm nay là ______ của tôi.', ARRAY['기념일', '생일', '휴일', '명절']::text[], '생일', '생일 có nghĩa là ''sinh nhật'', là ngày kỷ niệm ngày sinh của một người.', '541ee681-e0f7-4889-9b16-a3a112ddb8e9', '2026-01-05T17:07:58.352Z', '2026-01-05T17:07:58.352Z'),
  ('a83cfc07-1d86-429a-a1a4-fecbb9698b03', '______ 파티에 초대합니다.', 'Tôi mời bạn đến dự tiệc ______.', ARRAY['결혼', '생일', '졸업', '환갑']::text[], '생일', '생일 thường đi kèm với 파티 để chỉ ''tiệc sinh nhật''.', '541ee681-e0f7-4889-9b16-a3a112ddb8e9', '2026-01-05T17:07:58.352Z', '2026-01-05T17:07:58.352Z'),
  ('a9a85319-3ab7-4a3e-8053-38351a5cc3a5', '______은/는 한 해의 첫 번째 달이에요.', '______ là tháng đầu tiên của năm.', ARRAY['일월', '이월', '삼월', '사월']::text[], '일월', '일월 là tháng 1, kết hợp của 일 (số 1) và 월 (tháng).', 'bb9a3b16-376e-4abf-ae6f-7f752cc1ea15', '2026-01-05T17:07:58.352Z', '2026-01-05T17:07:58.352Z'),
  ('4e20ebbe-becf-427a-8b10-7717a8e3a5bd', '______에 크리스마스가 있어요.', 'Có Giáng sinh vào tháng 12.', ARRAY['일월', '삼월', '유월', '십이월']::text[], '십이월', '십이월 là tháng 12. Câu này kiểm tra kiến thức về các tháng khác.', 'bb9a3b16-376e-4abf-ae6f-7f752cc1ea15', '2026-01-05T17:07:58.352Z', '2026-01-05T17:07:58.352Z'),
  ('afad5424-57c3-40b3-9e0a-2a8049458ad8', '______에는 발렌타인데이가 있어요.', 'Có Ngày Valentine vào ______.', ARRAY['일월', '이월', '삼월', '사월']::text[], '이월', '이월 là tháng 2, tháng có Ngày Valentine (14/2).', 'fbc9749d-f1e4-44a3-b678-c1d2f15a86ce', '2026-01-05T17:07:58.352Z', '2026-01-05T17:07:58.352Z'),
  ('3d6f83ca-22a9-4182-8042-b2d26e8f6a23', '가장 추운 달은 보통 ______이에요.', 'Tháng lạnh nhất thường là ______.', ARRAY['일월', '이월', '삼월', '사월']::text[], '일월', '일월 (tháng 1) thường là tháng lạnh nhất. Câu này kiểm tra hiểu biết thực tế về thời tiết.', 'fbc9749d-f1e4-44a3-b678-c1d2f15a86ce', '2026-01-05T17:07:58.352Z', '2026-01-05T17:07:58.352Z'),
  ('6d7b716f-f2bf-4531-9f04-1248e5c439c8', '______에 학교 방학이 시작되는 경우가 많아요.', 'Kỳ nghỉ hè thường bắt đầu vào ______.', ARRAY['사월', '오월', '유월', '칠월']::text[], '유월', '유월 là tháng 6, tháng bắt đầu mùa hè và kỳ nghỉ hè ở nhiều nước.', '290f4e15-1d10-4b9f-b29f-0b549428b891', '2026-01-05T17:07:58.352Z', '2026-01-05T17:07:58.352Z'),
  ('d7cddaac-8025-4e57-8af2-828b16ac0254', '6월의 발음은 ______입니다.', 'Cách phát âm của tháng 6 là ______.', ARRAY['육월', '유월', '륙월', '뉴월']::text[], '유월', '육월 thường được phát âm thành 유월 do biến âm trong tiếng Hàn để dễ phát âm hơn.', '290f4e15-1d10-4b9f-b29f-0b549428b891', '2026-01-05T17:07:58.352Z', '2026-01-05T17:07:58.352Z'),
  ('ecc8d7e7-3a88-4c66-aec6-0a853ba5cb2d', '______에는 단풍이 매우 아름다워요.', '______ có lá mùa thu rất đẹp.', ARRAY['구월', '시월', '십일월', '십이월']::text[], '시월', '시월 là tháng 10, tháng cao điểm của mùa thu với lá phong đổi màu.', '90761a91-99fd-4cb6-a53f-7a20eef8eec2', '2026-01-05T17:07:58.352Z', '2026-01-05T17:07:58.352Z'),
  ('51063edb-e0ed-4bc0-90d0-3099a3f17788', '10월의 올바른 발음은 ______입니다.', 'Cách phát âm đúng của tháng 10 là ______.', ARRAY['십월', '시월', '심월', '씨월']::text[], '시월', '십월 thường được phát âm thành 시월 để tránh phát âm khó (십월 → 시월).', '90761a91-99fd-4cb6-a53f-7a20eef8eec2', '2026-01-05T17:07:58.352Z', '2026-01-05T17:07:58.352Z');

COMMIT;