BEGIN;

-- LearningGroup: Sinh hoạt hàng ngày
INSERT INTO "LearningGroup" (id, name, icon, "order", "topikLevel", "createdAt", "updatedAt") VALUES ('97aa04bd-c319-4292-aacf-0c21683a5616', 'Sinh hoạt hàng ngày', '🌅', 4, 1, '2026-01-11T09:51:05.043Z', '2026-01-11T09:51:05.043Z');

-- Categories (3 categories)
INSERT INTO "Category" (id, name, description, icon, "order", "topikLevel", "groupId", "createdAt", "updatedAt") VALUES ('213810ad-c3d5-40a8-b991-6587292480b4', 'Hoạt động buổi sáng', 'Từ vựng về các hoạt động thường làm vào buổi sáng và thói quen hàng ngày', '🌅', 1, 1, '97aa04bd-c319-4292-aacf-0c21683a5616', '2026-01-11T09:51:05.043Z', '2026-01-11T09:51:05.043Z'),
  ('5847112b-24dc-4d1a-ba7c-24dd528ff459', 'Hoạt động trong ngày (낮 활동)', 'Từ vựng về các hoạt động thường làm vào ban ngày như làm việc, học tập, ăn uống, gặp gỡ', '🌞', 2, 1, '97aa04bd-c319-4292-aacf-0c21683a5616', '2026-01-11T09:51:05.043Z', '2026-01-11T09:51:05.043Z'),
  ('27ce0daa-a30c-4a64-be43-89da016b5bad', 'Hoạt động buổi tối (저녁 활동)', 'Từ vựng về các hoạt động thường làm vào buổi tối và trước khi ngủ', '🌙', 3, 1, '97aa04bd-c319-4292-aacf-0c21683a5616', '2026-01-11T09:51:05.043Z', '2026-01-11T09:51:05.043Z');

-- Vocabulary Words
INSERT INTO "Vocabulary" (id, korean, hanja, vietnamese, pronunciation, example, "exampleTranslation", "categoryId", "createdAt", "updatedAt") VALUES ('cc7f434a-702a-47b3-9183-3c0fbcd3ed38', '아침', NULL, 'Buổi sáng', 'achim', '아침에 운동을 해요.', 'Tôi tập thể dục vào buổi sáng.', '213810ad-c3d5-40a8-b991-6587292480b4', '2026-01-11T09:51:05.043Z', '2026-01-11T09:51:05.043Z'),
  ('0941c7f6-167f-4e94-86a3-84588adee20d', '일어나다', NULL, 'Thức dậy', 'ireonada', '저는 매일 7시에 일어나요.', 'Tôi thức dậy lúc 7 giờ mỗi ngày.', '213810ad-c3d5-40a8-b991-6587292480b4', '2026-01-11T09:51:05.043Z', '2026-01-11T09:51:05.043Z'),
  ('3081043f-26b3-462c-8232-793f8b0d2041', '세수하다', '洗面하다', 'Rửa mặt', 'sesuhada', '일어나서 세수해요.', 'Tôi thức dậy rồi rửa mặt.', '213810ad-c3d5-40a8-b991-6587292480b4', '2026-01-11T09:51:05.043Z', '2026-01-11T09:51:05.043Z'),
  ('84f56382-52ec-4f47-84a2-587bc14190b7', '이를 닦다', NULL, 'Đánh răng', 'ireul dakkda', '밥을 먹고 이를 닦아요.', 'Tôi ăn cơm xong rồi đánh răng.', '213810ad-c3d5-40a8-b991-6587292480b4', '2026-01-11T09:51:05.043Z', '2026-01-11T09:51:05.043Z'),
  ('ebeba5d3-4779-4ce8-830a-4ada88dac11c', '아침을 먹다', NULL, 'Ăn sáng', 'achimeul meokda', '보통 빵으로 아침을 먹어요.', 'Tôi thường ăn sáng bằng bánh mì.', '213810ad-c3d5-40a8-b991-6587292480b4', '2026-01-11T09:51:05.043Z', '2026-01-11T09:51:05.043Z'),
  ('0a5d46c8-7474-4263-b0c1-c17819bea59a', '옷을 입다', NULL, 'Mặc quần áo', 'oseul ipda', '학교에 가기 전에 옷을 입어요.', 'Tôi mặc quần áo trước khi đến trường.', '213810ad-c3d5-40a8-b991-6587292480b4', '2026-01-11T09:51:05.043Z', '2026-01-11T09:51:05.043Z'),
  ('bd826751-5e19-467c-9509-4b2122096140', '학교에 가다', '學校에 가다', 'Đi đến trường', 'hakgyoe gada', '8시까지 학교에 가야 해요.', 'Tôi phải đến trường trước 8 giờ.', '213810ad-c3d5-40a8-b991-6587292480b4', '2026-01-11T09:51:05.043Z', '2026-01-11T09:51:05.043Z'),
  ('eb5c3f68-6ec6-4efd-b1dd-450205fab464', '회사에 가다', '會社에 가다', 'Đi đến công ty', 'hoesae gada', '아버지는 버스로 회사에 가요.', 'Bố tôi đi làm bằng xe buýt.', '213810ad-c3d5-40a8-b991-6587292480b4', '2026-01-11T09:51:05.043Z', '2026-01-11T09:51:05.043Z'),
  ('0d82374a-9eda-45a9-b58f-738dc23d0616', '일하다', '--', 'Làm việc', 'ilhada', '저는 은행에서 일해요.', 'Tôi làm việc ở ngân hàng.', '5847112b-24dc-4d1a-ba7c-24dd528ff459', '2026-01-11T09:51:05.043Z', '2026-01-11T09:51:05.043Z'),
  ('4ee45b67-c664-4b45-bfbf-ad6b8dcdebfd', '공부하다', '勉強하다', 'Học bài', 'gongbuhada', '도서관에서 한국어를 공부해요.', 'Tôi học tiếng Hàn ở thư viện.', '5847112b-24dc-4d1a-ba7c-24dd528ff459', '2026-01-11T09:51:05.043Z', '2026-01-11T09:51:05.043Z'),
  ('45d87fad-6ef7-4cdc-8291-3c2b700452ad', '점심을 먹다', '點心을 먹다', 'Ăn trưa', 'jeomsimeul meokda', '12시에 친구와 점심을 먹어요.', 'Tôi ăn trưa với bạn lúc 12 giờ.', '5847112b-24dc-4d1a-ba7c-24dd528ff459', '2026-01-11T09:51:05.043Z', '2026-01-11T09:51:05.043Z'),
  ('131d06d5-3671-41b8-9e15-dbf6ff4004f2', '친구를 만나다', '親舊를 만나다', 'Gặp bạn bè', 'chingureul mannada', '주말에 친구를 만날 거예요.', 'Tôi sẽ gặp bạn vào cuối tuần.', '5847112b-24dc-4d1a-ba7c-24dd528ff459', '2026-01-11T09:51:05.043Z', '2026-01-11T09:51:05.043Z'),
  ('5c4fce29-e2e1-49d8-81ce-0566a3f6799e', '이야기하다', '--', 'Nói chuyện', 'iyagihada', '카페에서 친구와 이야기해요.', 'Tôi nói chuyện với bạn ở quán cà phê.', '5847112b-24dc-4d1a-ba7c-24dd528ff459', '2026-01-11T09:51:05.043Z', '2026-01-11T09:51:05.043Z'),
  ('f282512a-8f6f-440f-82fc-21c32638f3dd', '쉬다', '--', 'Nghỉ ngơi', 'swida', '피곤해서 좀 쉬고 싶어요.', 'Tôi mệt nên muốn nghỉ một chút.', '5847112b-24dc-4d1a-ba7c-24dd528ff459', '2026-01-11T09:51:05.043Z', '2026-01-11T09:51:05.043Z'),
  ('2c5a53e2-3871-4ebe-9401-99af5268ee41', '시장에 가다', '市場에 가다', 'Đi chợ', 'sijange gada', '엄마하고 시장에 가요.', 'Tôi đi chợ cùng mẹ.', '5847112b-24dc-4d1a-ba7c-24dd528ff459', '2026-01-11T09:51:05.043Z', '2026-01-11T09:51:05.043Z'),
  ('4c63b6f6-7d6f-49cb-991e-8471458d2fff', '청소하다', '淸掃하다', 'Dọn dẹp', 'cheongsohada', '주말에 방을 청소해요.', 'Tôi dọn phòng vào cuối tuần.', '5847112b-24dc-4d1a-ba7c-24dd528ff459', '2026-01-11T09:51:05.043Z', '2026-01-11T09:51:05.043Z'),
  ('7164fa55-8dc5-429c-a8b9-7efde5518e1c', '집에 오다/가다', NULL, 'Về nhà', 'jibe oda/gada', '수업 끝나고 바로 집에 가요.', 'Tan học tôi về nhà ngay.', '27ce0daa-a30c-4a64-be43-89da016b5bad', '2026-01-11T09:51:05.043Z', '2026-01-11T09:51:05.043Z'),
  ('76b9a80b-27d2-43c3-afb6-5875d21711f8', '저녁을 먹다', NULL, 'Ăn tối', 'jeonyeogeul meokda', '가족과 같이 저녁을 먹어요.', 'Tôi ăn tối cùng gia đình.', '27ce0daa-a30c-4a64-be43-89da016b5bad', '2026-01-11T09:51:05.043Z', '2026-01-11T09:51:05.043Z'),
  ('73afd232-5bc5-4424-839f-7bdfeb6fd23a', '숙제를 하다', NULL, 'Làm bài tập', 'sukjereul hada', '저녁 먹고 숙제를 해요.', 'Tôi ăn tối xong rồi làm bài tập.', '27ce0daa-a30c-4a64-be43-89da016b5bad', '2026-01-11T09:51:05.043Z', '2026-01-11T09:51:05.043Z'),
  ('b311d22f-faf8-4fb7-8ba5-fdb6857f38f6', '텔레비전을 보다', NULL, 'Xem TV', 'tellebijeoneul boda', '자기 전에 텔레비전을 봐요.', 'Tôi xem TV trước khi ngủ.', '27ce0daa-a30c-4a64-be43-89da016b5bad', '2026-01-11T09:51:05.043Z', '2026-01-11T09:51:05.043Z'),
  ('d999a2f0-f73b-495c-bac6-df97b8c59696', '책을 읽다', NULL, 'Đọc sách', 'chaegeul ikda', '저는 책 읽는 것을 좋아해요.', 'Tôi thích việc đọc sách.', '27ce0daa-a30c-4a64-be43-89da016b5bad', '2026-01-11T09:51:05.043Z', '2026-01-11T09:51:05.043Z'),
  ('211a56d6-a67d-47f8-a300-42db8baa9b1d', '샤워하다', NULL, 'Tắm (vòi sen)', 'syawohada', '운동하고 나서 샤워해요.', 'Tôi tắm sau khi tập thể dục.', '27ce0daa-a30c-4a64-be43-89da016b5bad', '2026-01-11T09:51:05.043Z', '2026-01-11T09:51:05.043Z'),
  ('54b3caf2-34b6-4d85-9461-02f492735e32', '운동하다', NULL, 'Tập thể dục', 'undonghada', '공원에서 운동하는 사람이 많아요.', 'Có nhiều người tập thể dục ở công viên.', '27ce0daa-a30c-4a64-be43-89da016b5bad', '2026-01-11T09:51:05.043Z', '2026-01-11T09:51:05.043Z'),
  ('87af2fa5-4d45-4b5d-89d7-dc0657733f5f', '자다', '寢', 'Ngủ', 'jada', '저는 보통 밤 11시에 자요.', 'Tôi thường ngủ lúc 11 giờ đêm.', '27ce0daa-a30c-4a64-be43-89da016b5bad', '2026-01-11T09:51:05.043Z', '2026-01-11T09:51:05.043Z');

-- Quiz Questions
INSERT INTO "QuizQuestion" (id, question, "questionTranslation", options, "correctAnswer", explanation, "VocabularyId", "createdAt", "updatedAt") VALUES ('837787b5-1760-4986-916c-74c3a2231075', '______ 공기가 가장 상쾌해요.', 'Không khí ______ trong lành nhất.', ARRAY['아침', '점심', '저녁', '밤']::text[], '아침', '아침 có nghĩa là ''buổi sáng'', thường chỉ khoảng thời gian từ lúc mặt trời mọc đến trước trưa.', 'cc7f434a-702a-47b3-9183-3c0fbcd3ed38', '2026-01-11T09:51:05.043Z', '2026-01-11T09:51:05.043Z'),
  ('2e35b3da-e235-48a2-a463-d5927302b98c', '______을 먹지 않고 학교에 가면 배가 고파요.', 'Nếu không ăn ______ mà đi học thì sẽ đói bụng.', ARRAY['아침', '점심', '저녁', '밤']::text[], '아침', '아침 cũng có thể được dùng để chỉ ''bữa sáng'' (아침식사), đặc biệt khi đi với động từ ''먹다'' (ăn).', 'cc7f434a-702a-47b3-9183-3c0fbcd3ed38', '2026-01-11T09:51:05.043Z', '2026-01-11T09:51:05.043Z'),
  ('92896623-1566-40de-ba2c-c6f4424d36c3', '알람 시계가 울리면 ______.', 'Khi đồng hồ báo thức kêu thì tôi ______.', ARRAY['일어나요', '자요', '먹어요', '읽어요']::text[], '일어나요', '일어나다 có nghĩa là ''thức dậy'', chỉ hành động chuyển từ trạng thái ngủ sang trạng thái thức.', '0941c7f6-167f-4e94-86a3-84588adee20d', '2026-01-11T09:51:05.043Z', '2026-01-11T09:51:05.043Z'),
  ('72551d35-800e-422c-b5b5-23ded591bce1', '늦잠을 자서 9시에 ______.', 'Vì ngủ nướng nên tôi đã ______ lúc 9 giờ.', ARRAY['일어났어요', '잤어요', '먹었어요', '웃었어요']::text[], '일어났어요', '일어나다 thường được dùng để miêu tả thời điểm bắt đầu một ngày mới sau giấc ngủ.', '0941c7f6-167f-4e94-86a3-84588adee20d', '2026-01-11T09:51:05.043Z', '2026-01-11T09:51:05.043Z'),
  ('ed1aacfc-a6f7-44c6-9add-4bd0e635537f', '잠에서 깨어나면 먼저 ______.', 'Sau khi tỉnh giấc, đầu tiên tôi ______.', ARRAY['세수해요', '먹어요', '읽어요', '달려요']::text[], '세수해요', '세수하다 có nghĩa là ''rửa mặt'', thường là một trong những hoạt động đầu tiên sau khi thức dậy.', '3081043f-26b3-462c-8232-793f8b0d2041', '2026-01-11T09:51:05.043Z', '2026-01-11T09:51:05.043Z'),
  ('cd3b09da-0a8c-4e01-9a59-e8f979323899', '______ 후에 상쾌한 느낌이 들어요.', 'Sau khi ______, tôi cảm thấy sảng khoái.', ARRAY['세수하고', '먹고', '자고', '쓰고']::text[], '세수하고', '세수하다 không chỉ làm sạch mặt mà còn giúp tỉnh táo và bắt đầu ngày mới.', '3081043f-26b3-462c-8232-793f8b0d2041', '2026-01-11T09:51:05.043Z', '2026-01-11T09:51:05.043Z'),
  ('6f573b4c-0fca-4480-9fc9-1bef6a99486e', '하루에 세 번 ______ 위생에 좋아요.', 'Một ngày ______ ba lần thì tốt cho vệ sinh răng miệng.', ARRAY['이를 닦는 것이', '세수하는 것이', '머리 감는 것이', '손 씻는 것이']::text[], '이를 닦는 것이', '이를 닦다 có nghĩa là ''đánh răng'', một hoạt động vệ sinh cá nhân quan trọng.', '84f56382-52ec-4f47-84a2-587bc14190b7', '2026-01-11T09:51:05.043Z', '2026-01-11T09:51:05.043Z'),
  ('77085e20-1d14-46b2-b74e-837453c5f6b7', '______ 칫솔과 치약이 필요해요.', 'Để ______ cần có bàn chải đánh răng và kem đánh răng.', ARRAY['이를 닦으려면', '세수하려면', '머리 감으려면', '씻으려면']::text[], '이를 닦으려면', '이를 닦다 luôn đi kèm với dụng cụ là 칫솔 (bàn chải đánh răng) và 치약 (kem đánh răng).', '84f56382-52ec-4f47-84a2-587bc14190b7', '2026-01-11T09:51:05.043Z', '2026-01-11T09:51:05.043Z'),
  ('8eeb9be9-5b4e-48be-8a61-4f2bb374d9e6', '______은 하루의 에너지를 공급해요.', 'Việc ______ cung cấp năng lượng cho cả ngày.', ARRAY['아침을 먹는 것이', '점심을 먹는 것이', '저녁을 먹는 것이', '간식을 먹는 것이']::text[], '아침을 먹는 것이', '아침을 먹다 có nghĩa là ''ăn sáng'', bữa ăn đầu tiên trong ngày sau một đêm dài.', 'ebeba5d3-4779-4ce8-830a-4ada88dac11c', '2026-01-11T09:51:05.043Z', '2026-01-11T09:51:05.043Z'),
  ('222b018c-a7c9-4926-99b5-f6cddb2647f1', '______ 시간이 없어서 그냥 커피만 마셨어요.', 'Vì không có thời gian ______ nên tôi chỉ uống cà phê thôi.', ARRAY['아침을 먹을', '점심을 먹을', '저녁을 먹을', '간식을 먹을']::text[], '아침을 먹을', '아침을 먹다 thường bị bỏ qua khi mọi người vội vã đi làm hoặc đi học.', 'ebeba5d3-4779-4ce8-830a-4ada88dac11c', '2026-01-11T09:51:05.043Z', '2026-01-11T09:51:05.043Z'),
  ('ab71c34a-5d40-462e-8032-b76f7b1c07c8', '날씨에 맞는 ______ 건강에 중요해요.', 'Việc ______ phù hợp với thời tiết rất quan trọng cho sức khỏe.', ARRAY['옷을 입는 것이', '신발을 신는 것이', '모자를 쓰는 것이', '장갑을 끼는 것이']::text[], '옷을 입는 것이', '옷을 입다 có nghĩa là ''mặc quần áo'', một hoạt động chuẩn bị cơ bản trước khi ra ngoài.', '0a5d46c8-7474-4263-b0c1-c17819bea59a', '2026-01-11T09:51:05.043Z', '2026-01-11T09:51:05.043Z'),
  ('70197824-a425-42db-95ae-2add6820b612', '______ 오늘 일정에 맞는 복장을 선택해요.', 'Khi ______, tôi chọn trang phục phù hợp với lịch trình hôm nay.', ARRAY['옷을 입을 때', '세수할 때', '이를 닦을 때', '먹을 때']::text[], '옷을 입을 때', '옷을 입다 không chỉ là mặc đồ mà còn bao gồm việc lựa chọn trang phục phù hợp.', '0a5d46c8-7474-4263-b0c1-c17819bea59a', '2026-01-11T09:51:05.043Z', '2026-01-11T09:51:05.043Z'),
  ('9ecd3be6-cbcd-4cf6-be90-e52fff9ae224', '학생들은 월요일부터 금요일까지 ______.', 'Học sinh ______ từ thứ Hai đến thứ Sáu.', ARRAY['학교에 가요', '회사에 가요', '여행 가요', '쉬어요']::text[], '학교에 가요', '학교에 가다 có nghĩa là ''đi đến trường'', thường dùng cho học sinh, sinh viên.', 'bd826751-5e19-467c-9509-4b2122096140', '2026-01-11T09:51:05.043Z', '2026-01-11T09:51:05.043Z'),
  ('e9d809f7-e633-4dbb-884e-645e8e51e35c', '버스나 지하철을 타고 ______.', 'Tôi ______ bằng xe buýt hoặc tàu điện ngầm.', ARRAY['학교에 가요', '집에 가요', '공원에 가요', '병원에 가요']::text[], '학교에 가요', '학교에 가다 thường được kết hợp với phương tiện di chuyển như 걸어서 (đi bộ), 버스로 (bằng xe buýt).', 'bd826751-5e19-467c-9509-4b2122096140', '2026-01-11T09:51:05.043Z', '2026-01-11T09:51:05.043Z'),
  ('0f9e4cc8-de2b-4903-a239-e3e65bb33c8b', '직장인들은 아침에 ______.', 'Nhân viên văn phòng ______ vào buổi sáng.', ARRAY['회사에 가요', '학교에 가요', '시장에 가요', '도서관에 가요']::text[], '회사에 가요', '회사에 가다 có nghĩa là ''đi đến công ty'', tương đương với ''đi làm'' đối với nhân viên văn phòng.', 'eb5c3f68-6ec6-4efd-b1dd-450205fab464', '2026-01-11T09:51:05.043Z', '2026-01-11T09:51:05.043Z'),
  ('80449c29-5e4c-4067-ac06-e62a0d1912ad', '출근 시간에는 ______ 사람들이 많아요.', 'Vào giờ đi làm, có rất nhiều người đang ______.', ARRAY['회사에 가는', '학교에 가는', '집에 가는', '쇼핑하는']::text[], '회사에 가는', '회사에 가다 thường được dùng trong bối cảnh 출근 (đi làm) và thường xảy ra vào buổi sáng các ngày trong tuần.', 'eb5c3f68-6ec6-4efd-b1dd-450205fab464', '2026-01-11T09:51:05.043Z', '2026-01-11T09:51:05.043Z'),
  ('4d48dd67-5ab4-4e73-94bc-393d7b417159', '월요일부터 금요일까지 회사에서 ______.', 'Từ thứ Hai đến thứ Sáu, tôi ______ ở công ty.', ARRAY['쉬어요', '일해요', '놀아요', '자요']::text[], '일해요', '일하다 có nghĩa là ''làm việc'', là hoạt động chính trong ngày của nhiều người trưởng thành.', '0d82374a-9eda-45a9-b58f-738dc23d0616', '2026-01-11T09:51:05.043Z', '2026-01-11T09:51:05.043Z'),
  ('1eec5f9e-0a20-43d5-bea1-66bfbb2cf20e', '저는 보통 아침 9시부터 저녁 6시까지 ______.', 'Tôi thường ______ từ 9 giờ sáng đến 6 giờ tối.', ARRAY['공부해요', '일해요', '쉬어요', '먹어요']::text[], '일해요', '일하다 thường được dùng để chỉ công việc chính thức, có giờ giấc cụ thể.', '0d82374a-9eda-45a9-b58f-738dc23d0616', '2026-01-11T09:51:05.043Z', '2026-01-11T09:51:05.043Z'),
  ('a0614662-4ba2-45fb-9c7a-7ba31f3f79ac', '시험 전에는 열심히 ______.', 'Trước kỳ thi thì tôi chăm chỉ ______.', ARRAY['놀아요', '공부해요', '자요', '먹어요']::text[], '공부해요', '공부하다 có nghĩa là ''học tập'', là hoạt động chính của học sinh, sinh viên.', '4ee45b67-c664-4b45-bfbf-ad6b8dcdebfd', '2026-01-11T09:51:05.043Z', '2026-01-11T09:51:05.043Z'),
  ('e16b25e7-0eec-484c-8f11-f80d216565ad', '한국어를 잘하고 싶어서 매일 ______.', 'Vì muốn giỏi tiếng Hàn nên tôi ______ mỗi ngày.', ARRAY['일해요', '공부해요', '쉬어요', '놀아요']::text[], '공부해요', '공부하다 thường đi với đối tượng học (한국어를 공부하다, 수학을 공부하다).', '4ee45b67-c664-4b45-bfbf-ad6b8dcdebfd', '2026-01-11T09:51:05.043Z', '2026-01-11T09:51:05.043Z'),
  ('0adf6d65-5552-4cf3-aafc-626c6e823cff', '회사 사람들과 함께 ______.', 'Tôi ______ cùng với đồng nghiệp.', ARRAY['점심을 먹어요', '일을 해요', '놀아요', '잠을 자요']::text[], '점심을 먹어요', '점심을 먹다 là ''ăn trưa'', thường diễn ra vào khoảng 12 giờ trưa.', '45d87fad-6ef7-4cdc-8291-3c2b700452ad', '2026-01-11T09:51:05.043Z', '2026-01-11T09:51:05.043Z'),
  ('2a92d110-c78a-432a-8047-03bf86f11f7a', '______ 후에 커피를 마셔요.', 'Sau khi ______, tôi uống cà phê.', ARRAY['일을 하고', '공부하고', '점심을 먹고', '쉬고']::text[], '점심을 먹고', '점심을 먹다 là hoạt động thường nhật, thường được nhắc đến trong lịch trình hàng ngày.', '45d87fad-6ef7-4cdc-8291-3c2b700452ad', '2026-01-11T09:51:05.043Z', '2026-01-11T09:51:05.043Z'),
  ('458f079a-1137-4b7c-988d-5b5dce84c434', '오랜만에 고등학교 ______.', 'Tôi ______ bạn cấp 3 sau một thời gian dài.', ARRAY['친구를 만나요', '친구를 찾아요', '친구를 부르요', '친구를 기다려요']::text[], '친구를 만나요', '친구를 만나다 có nghĩa là ''gặp gỡ bạn bè'', là hoạt động xã hội phổ biến.', '131d06d5-3671-41b8-9e15-dbf6ff4004f2', '2026-01-11T09:51:05.043Z', '2026-01-11T09:51:05.043Z'),
  ('4e052d50-f626-4298-8e77-ec8fec7805a2', '주말에는 보통 ______.', 'Vào cuối tuần tôi thường ______.', ARRAY['일해요', '공부해요', '친구를 만나요', '청소해요']::text[], '친구를 만나요', '친구를 만나다 thường là hoạt động vào cuối tuần khi mọi người có thời gian rảnh.', '131d06d5-3671-41b8-9e15-dbf6ff4004f2', '2026-01-11T09:51:05.043Z', '2026-01-11T09:51:05.043Z'),
  ('e7da41b8-4f0e-4fa1-8fd7-47e807fe4046', '전화로 오랜 시간 ______.', 'Tôi ______ lâu trên điện thoại.', ARRAY['이야기해요', '일해요', '공부해요', '자요']::text[], '이야기해요', '이야기하다 có nghĩa là ''trò chuyện, nói chuyện'', thường đi với ''와/과'' (cùng với).', '5c4fce29-e2e1-49d8-81ce-0566a3f6799e', '2026-01-11T09:51:05.043Z', '2026-01-11T09:51:05.043Z'),
  ('42c532bf-4bc3-4217-946d-7c7b15bd35bf', '중요한 문제에 대해 ______.', 'Chúng tôi ______ về vấn đề quan trọng.', ARRAY['이야기해요', '먹어요', '자요', '놀아요']::text[], '이야기해요', '이야기하다 có thể dùng trong cả ngữ cảnh thân mật và nghiêm túc.', '5c4fce29-e2e1-49d8-81ce-0566a3f6799e', '2026-01-11T09:51:05.043Z', '2026-01-11T09:51:05.043Z'),
  ('4938c416-330f-4c7e-9038-1a35e998a166', '일을 많이 해서 ______.', 'Vì làm việc nhiều nên tôi muốn ______.', ARRAY['더 해요', '쉬고 싶어요', '놀고 싶어요', '먹고 싶어요']::text[], '쉬고 싶어요', '쉬다 có nghĩa là ''nghỉ ngơi'', thường dùng khi cảm thấy mệt mỏi.', 'f282512a-8f6f-440f-82fc-21c32638f3dd', '2026-01-11T09:51:05.043Z', '2026-01-11T09:51:05.043Z'),
  ('e49b71e2-f694-44be-b2d5-925c959fef8e', '점심시간에 30분 ______.', 'Tôi ______ 30 phút vào giờ nghỉ trưa.', ARRAY['일해요', '쉬어요', '공부해요', '청소해요']::text[], '쉬어요', '쉬다 là hoạt động cần thiết để lấy lại năng lượng trong ngày.', 'f282512a-8f6f-440f-82fc-21c32638f3dd', '2026-01-11T09:51:05.043Z', '2026-01-11T09:51:05.043Z'),
  ('cee2e6fe-c50f-47eb-9e01-99d3610beb42', '신선한 야채를 사려고 ______.', 'Để mua rau tươi, tôi ______.', ARRAY['시장에 가요', '백화점에 가요', '마트에 가요', '편의점에 가요']::text[], '시장에 가요', '시장에 가다 là ''đi chợ'', thường để mua thực phẩm tươi sống với giá rẻ.', '2c5a53e2-3871-4ebe-9401-99af5268ee41', '2026-01-11T09:51:05.043Z', '2026-01-11T09:51:05.043Z'),
  ('773222a7-b530-4131-9ca2-ab172a12056f', '일요일 아침에 ______.', 'Vào sáng Chủ nhật, tôi ______.', ARRAY['늦게 자요', '시장에 가요', '일해요', '공부해요']::text[], '시장에 가요', '시장에 가다 thường là hoạt động cuối tuần, đặc biệt là vào buổi sáng.', '2c5a53e2-3871-4ebe-9401-99af5268ee41', '2026-01-11T09:51:05.043Z', '2026-01-11T09:51:05.043Z'),
  ('1a84cdfb-9383-41bb-9fc8-4966ffca7895', '방이 더러워서 ______.', 'Vì phòng bẩn nên tôi ______.', ARRAY['청소해요', '자요', '놀아요', '먹어요']::text[], '청소해요', '청소하다 có nghĩa là ''dọn dẹp, lau chùi'', là công việc nhà thường xuyên.', '4c63b6f6-7d6f-49cb-991e-8471458d2fff', '2026-01-11T09:51:05.043Z', '2026-01-11T09:51:05.043Z'),
  ('67d2ce84-9c4e-427a-83b6-e47bc3605035', '집안을 깨끗하게 ______.', 'Tôi ______ để nhà cửa sạch sẽ.', ARRAY['청소해요', '고쳐요', '만들어요', '팔아요']::text[], '청소해요', '청소하다 thường đi với đối tượng được dọn dẹp (방을 청소하다, 집을 청소하다).', '4c63b6f6-7d6f-49cb-991e-8471458d2fff', '2026-01-11T09:51:05.043Z', '2026-01-11T09:51:05.043Z'),
  ('2fbd9058-aa74-45de-ac24-abd51154e182', '피곤해서 빨리 ______.', 'Vì mệt nên tôi muốn về nhà nhanh.', ARRAY['집에 가고 싶어요', '학교에 가고 싶어요', '쇼핑하고 싶어요', '운동하고 싶어요']::text[], '집에 가고 싶어요', '''집에 가다'' nghĩa là ''về nhà'', đây là hoạt động thường làm sau khi kết thúc công việc hoặc học tập.', '7164fa55-8dc5-429c-a8b9-7efde5518e1c', '2026-01-11T09:51:05.043Z', '2026-01-11T09:51:05.043Z'),
  ('638ca90e-16ed-44c9-9a02-1e90666c8279', '회사에서 ______ 길에 마트에 들렀어요.', 'Trên đường về nhà từ công ty, tôi đã ghé vào siêu thị.', ARRAY['집에 오는', '학교에 가는', '출근하는', '여행하는']::text[], '집에 오는', '''집에 오다'' được dùng khi nói về việc trở về nhà của chính mình.', '7164fa55-8dc5-429c-a8b9-7efde5518e1c', '2026-01-11T09:51:05.043Z', '2026-01-11T09:51:05.043Z'),
  ('ca81727a-8317-49d9-af77-ec5e43cf35af', '보통 몇 시에 ______?', 'Bạn thường ăn tối lúc mấy giờ?', ARRAY['아침을 먹어요', '점심을 먹어요', '저녁을 먹어요', '밤을 먹어요']::text[], '저녁을 먹어요', '''저녁을 먹다'' là cụm từ cố định để chỉ hoạt động ăn bữa tối.', '76b9a80b-27d2-43c3-afb6-5875d21711f8', '2026-01-11T09:51:05.043Z', '2026-01-11T09:51:05.043Z'),
  ('68a044d3-a657-4ca6-bfd0-809e0fb58593', '오늘 ______ 식당을 추천해 주세요.', 'Hãy giới thiệu cho tôi nhà hàng để ăn tối hôm nay.', ARRAY['저녁을 먹을', '아침을 먹을', '점심을 먹을', '회식을 할']::text[], '저녁을 먹을', '''저녁을 먹을'' là dạng định ngữ của động từ, bổ nghĩa cho danh từ ''식당'' (nhà hàng).', '76b9a80b-27d2-43c3-afb6-5875d21711f8', '2026-01-11T09:51:05.043Z', '2026-01-11T09:51:05.043Z'),
  ('e8d3f275-dd71-40a5-8382-f0fc89c20566', '아이들이 방에서 ______ 있어요.', 'Bọn trẻ đang làm bài tập trong phòng.', ARRAY['숙제를 하고', '놀고', '자고', '읽고']::text[], '숙제를 하고', '''숙제를 하다'' là cụm động từ chỉ hoạt động làm bài tập về nhà.', '73afd232-5bc5-4424-839f-7bdfeb6fd23a', '2026-01-11T09:51:05.043Z', '2026-01-11T09:51:05.043Z'),
  ('bf7ffaef-1236-4b78-89d5-642dfbbac266', '______ 많아서 시간이 없어요.', 'Vì có nhiều bài tập nên tôi không có thời gian.', ARRAY['숙제가', '일이', '친구가', '시간이']::text[], '숙제가', 'Trong câu này, ''숙제'' (bài tập) đóng vai trò chủ ngữ với trợ từ ''가''.', '73afd232-5bc5-4424-839f-7bdfeb6fd23a', '2026-01-11T09:51:05.043Z', '2026-01-11T09:51:05.043Z'),
  ('b31f60a9-decf-4be5-8a04-23f034fed76d', '주말에 집에서 ______.', 'Vào cuối tuần tôi xem TV ở nhà.', ARRAY['텔레비전을 봐요', '텔레비전을 만들어요', '텔레비전을 고쳐요', '텔레비전을 팔아요']::text[], '텔레비전을 봐요', '''텔레비전을 보다'' là hoạt động giải trí phổ biến, có nghĩa là xem truyền hình.', 'b311d22f-faf8-4fb7-8ba5-fdb6857f38f6', '2026-01-11T09:51:05.043Z', '2026-01-11T09:51:05.043Z'),
  ('a214ec23-1288-4231-9857-12a4c80a91a3', '______ 좋아하는 프로그램이 뭐예요?', 'Chương trình TV nào bạn thích xem?', ARRAY['텔레비전에서', '라디오에서', '인터넷에서', '영화관에서']::text[], '텔레비전에서', '''텔레비전에서'' có nghĩa là ''trên TV'', chỉ phương tiện phát sóng chương trình.', 'b311d22f-faf8-4fb7-8ba5-fdb6857f38f6', '2026-01-11T09:51:05.043Z', '2026-01-11T09:51:05.043Z'),
  ('31480973-9e9f-4463-ad36-f1e8425dfbf5', '잠들기 전에 ______.', 'Trước khi ngủ tôi đọc sách.', ARRAY['책을 읽어요', '책을 써요', '책을 사요', '책을 빌려요']::text[], '책을 읽어요', '''책을 읽다'' là hoạt động đọc sách, thường được làm vào buổi tối để thư giãn.', 'd999a2f0-f73b-495c-bac6-df97b8c59696', '2026-01-11T09:51:05.043Z', '2026-01-11T09:51:05.043Z'),
  ('63ad9ab0-3d01-433e-a1f8-e452ab4672bd', '______ 시간이 부족해요.', 'Tôi thiếu thời gian để đọc sách.', ARRAY['책을 읽을', '영화를 볼', '음악을 들을', '운동할']::text[], '책을 읽을', '''책을 읽을'' là dạng định ngữ, bổ nghĩa cho danh từ ''시간'' (thời gian).', 'd999a2f0-f73b-495c-bac6-df97b8c59696', '2026-01-11T09:51:05.043Z', '2026-01-11T09:51:05.043Z'),
  ('0b08336a-2b4e-4989-8f4e-420f83f56109', '더워서 하루에 두 번 ______.', 'Vì nóng nên tôi tắm hai lần một ngày.', ARRAY['샤워해요', '씻어요', '목욕해요', '청소해요']::text[], '샤워해요', '''샤워하다'' là động từ Hán-Hàn chỉ việc tắm bằng vòi sen, khác với ''목욕하다'' (tắm bồn).', '211a56d6-a67d-47f8-a300-42db8baa9b1d', '2026-01-11T09:51:05.043Z', '2026-01-11T09:51:05.043Z'),
  ('f625dc4b-95b3-4891-92c5-76592b8461fb', '______ 물이 차가워요.', 'Nước tắm lạnh.', ARRAY['샤워', '세탁', '요리', '청소']::text[], '샤워', '''샤워'' ở đây là danh từ, ''샤워 물'' có nghĩa là ''nước để tắm''.', '211a56d6-a67d-47f8-a300-42db8baa9b1d', '2026-01-11T09:51:05.043Z', '2026-01-11T09:51:05.043Z'),
  ('8d849a07-9900-4877-85ed-e8b591130610', '건강을 위해 매일 ______.', 'Để khỏe mạnh, tôi tập thể dục mỗi ngày.', ARRAY['운동해요', '먹어요', '자요', '놀아요']::text[], '운동해요', '''운동하다'' là hoạt động rèn luyện thân thể, tốt cho sức khỏe.', '54b3caf2-34b6-4d85-9461-02f492735e32', '2026-01-11T09:51:05.043Z', '2026-01-11T09:51:05.043Z'),
  ('0ea65bb9-0246-4670-ae8c-e8f3dee37901', '______ 좋은 장소를 알고 싶어요.', 'Tôi muốn biết địa điểm tốt để tập thể dục.', ARRAY['운동할', '쇼핑할', '공부할', '일할']::text[], '운동할', '''운동할'' là dạng định ngữ, bổ nghĩa cho danh từ ''장소'' (địa điểm).', '54b3caf2-34b6-4d85-9461-02f492735e32', '2026-01-11T09:51:05.043Z', '2026-01-11T09:51:05.043Z'),
  ('a537ebe8-757d-47c7-bcac-ae1326b2e96e', '어제 밤에 잘 못 ______.', 'Tối qua tôi không ngủ được.', ARRAY['잡니다', '잡시다', '자요', '잤어요']::text[], '잤어요', '''자다'' chia quá khứ thành ''잤다'', phù hợp với trạng từ ''어제 밤에'' (tối qua).', '87af2fa5-4d45-4b5d-89d7-dc0657733f5f', '2026-01-11T09:51:05.043Z', '2026-01-11T09:51:05.043Z'),
  ('e4d07050-3516-4e31-9834-cbbda6a17792', '______ 전에 차 한 잔 마시지 마세요.', 'Đừng uống trà trước khi ngủ.', ARRAY['자는', '잘', '자고', '자면']::text[], '잘', '''잘'' là dạng gốc của ''자다'' khi kết hợp với ''전에'' (trước khi) để tạo cụm ''잘 전에'' (trước khi ngủ).', '87af2fa5-4d45-4b5d-89d7-dc0657733f5f', '2026-01-11T09:51:05.043Z', '2026-01-11T09:51:05.043Z');

COMMIT;