BEGIN;

-- LearningGroup: Thiên nhiên & Thời tiết
INSERT INTO "LearningGroup" (id, name, icon, "order", "topikLevel", "createdAt", "updatedAt") VALUES ('a3e6b2d4-4865-49ae-b312-9d72cc58bb96', 'Thiên nhiên & Thời tiết', '⛅', 7, 1, '2026-01-11T09:51:05.029Z', '2026-01-11T09:51:05.029Z');

-- Categories (3 categories)
INSERT INTO "Category" (id, name, description, icon, "order", "topikLevel", "groupId", "createdAt", "updatedAt") VALUES ('707dfcd4-5eb7-4c09-8074-f54b2c0119a5', 'Màu sắc cơ bản', 'Từ vựng về các màu sắc cơ bản trong tiếng Hàn', '🎨', 1, 1, 'a3e6b2d4-4865-49ae-b312-9d72cc58bb96', '2026-01-11T09:51:05.029Z', '2026-01-11T09:51:05.029Z'),
  ('aae02a2d-b30f-446c-9055-9b178a456497', 'Thời tiết (Phần 1)', 'Từ vựng về các hiện tượng thời tiết cơ bản và miêu tả khí hậu theo mùa trong tiếng Hàn', '⛅', 2, 1, 'a3e6b2d4-4865-49ae-b312-9d72cc58bb96', '2026-01-11T09:51:05.029Z', '2026-01-11T09:51:05.029Z'),
  ('a296f9ac-96b8-4581-a69b-994a09a30a6e', 'Bốn mùa (사계절)', 'Từ vựng về các mùa trong năm và đặc trưng của từng mùa ở Hàn Quốc', '🍂', 3, 1, 'a3e6b2d4-4865-49ae-b312-9d72cc58bb96', '2026-01-11T09:51:05.029Z', '2026-01-11T09:51:05.029Z');

-- Vocabulary Words
INSERT INTO "Vocabulary" (id, korean, hanja, vietnamese, pronunciation, example, "exampleTranslation", "categoryId", "createdAt", "updatedAt") VALUES ('1d536e64-3ebf-4471-9040-8e891cd92701', '색깔 / 색', '色', 'Màu sắc', 'saekkal / saek', '무슨 색을 좋아해요?', 'Bạn thích màu gì?', '707dfcd4-5eb7-4c09-8074-f54b2c0119a5', '2026-01-11T09:51:05.029Z', '2026-01-11T09:51:05.029Z'),
  ('3886856d-30b0-4b98-a7b1-3fd9f6943266', '빨간색', NULL, 'Màu đỏ', 'ppalgansaek', '저는 빨간색 사과를 좋아해요.', 'Tôi thích táo màu đỏ.', '707dfcd4-5eb7-4c09-8074-f54b2c0119a5', '2026-01-11T09:51:05.029Z', '2026-01-11T09:51:05.029Z'),
  ('5385966a-5670-484a-ab90-9492666d793d', '노란색', NULL, 'Màu vàng', 'noransaek', '노란색 바나나가 맛있어요.', 'Chuối màu vàng rất ngon.', '707dfcd4-5eb7-4c09-8074-f54b2c0119a5', '2026-01-11T09:51:05.029Z', '2026-01-11T09:51:05.029Z'),
  ('23b6e487-66d3-4cf5-ad60-eb536daac5b4', '파란색', NULL, 'Màu xanh da trời', 'paransaek', '하늘은 파란색이에요.', 'Bầu trời màu xanh.', '707dfcd4-5eb7-4c09-8074-f54b2c0119a5', '2026-01-11T09:51:05.029Z', '2026-01-11T09:51:05.029Z'),
  ('ba1e87b4-bfbb-4c05-9c67-d888945e2dd9', '초록색', NULL, 'Màu xanh lá cây', 'choroksaek', '나무는 초록색이에요.', 'Cây cối màu xanh lá.', '707dfcd4-5eb7-4c09-8074-f54b2c0119a5', '2026-01-11T09:51:05.029Z', '2026-01-11T09:51:05.029Z'),
  ('2a2eef39-cbb6-4add-acda-0a0c9a4e09a0', '하얀색', NULL, 'Màu trắng', 'hayansaek', '하얀색 눈이 와요.', 'Tuyết trắng đang rơi.', '707dfcd4-5eb7-4c09-8074-f54b2c0119a5', '2026-01-11T09:51:05.029Z', '2026-01-11T09:51:05.029Z'),
  ('03c5bd2d-c747-4beb-a98e-7f0c661a3b76', '검은색', NULL, 'Màu đen', 'geomeunsaek', '저는 검은색 옷을 자주 입어요.', 'Tôi thường mặc quần áo màu đen.', '707dfcd4-5eb7-4c09-8074-f54b2c0119a5', '2026-01-11T09:51:05.029Z', '2026-01-11T09:51:05.029Z'),
  ('21cd619b-3f1d-44db-b91e-eb19232b90aa', '주황색', NULL, 'Màu cam', 'juhwangsaek', '주황색 오렌지를 먹고 싶어요.', 'Tôi muốn ăn cam màu cam.', '707dfcd4-5eb7-4c09-8074-f54b2c0119a5', '2026-01-11T09:51:05.029Z', '2026-01-11T09:51:05.029Z'),
  ('59438731-fe1d-44a6-9810-849757209a3e', '분홍색', NULL, 'Màu hồng', 'bunhongsaek', '분홍색 꽃이 예뻐요.', 'Hoa màu hồng rất đẹp.', '707dfcd4-5eb7-4c09-8074-f54b2c0119a5', '2026-01-11T09:51:05.029Z', '2026-01-11T09:51:05.029Z'),
  ('182db5c3-1c16-4994-9e15-854850724780', '보라색', NULL, 'Màu tím', 'borasaek', '포도는 보통 보라색이에요.', 'Nho thường có màu tím.', '707dfcd4-5eb7-4c09-8074-f54b2c0119a5', '2026-01-11T09:51:05.029Z', '2026-01-11T09:51:05.029Z'),
  ('abb7d66e-4d77-4df5-8f32-ffcdb04cf957', '날씨', NULL, 'Thời tiết', 'nalssi', '오늘 날씨가 어때요?', 'Thời tiết hôm nay thế nào?', 'aae02a2d-b30f-446c-9055-9b178a456497', '2026-01-11T09:51:05.029Z', '2026-01-11T09:51:05.029Z'),
  ('e2ebbd0f-8bf2-4e9f-95a8-a6d9bc3d7591', '맑다', NULL, 'Trong xanh', 'makda', '오늘은 하늘이 아주 맑아요.', 'Hôm nay trời rất trong xanh.', 'aae02a2d-b30f-446c-9055-9b178a456497', '2026-01-11T09:51:05.029Z', '2026-01-11T09:51:05.029Z'),
  ('33fbf525-06c7-4989-948d-7e2e9d550e35', '흐리다', NULL, 'U ám', 'heurida', '날씨가 흐려서 비가 올 것 같아요.', 'Thời tiết u ám, chắc là trời sẽ mưa.', 'aae02a2d-b30f-446c-9055-9b178a456497', '2026-01-11T09:51:05.029Z', '2026-01-11T09:51:05.029Z'),
  ('0a3889a7-41e6-4be5-9e07-aa00028afb0e', '비가 오다', NULL, 'Mưa', 'biga oda', '밖을 보세요. 비가 와요.', 'Nhìn ra ngoài đi. Trời đang mưa.', 'aae02a2d-b30f-446c-9055-9b178a456497', '2026-01-11T09:51:05.029Z', '2026-01-11T09:51:05.029Z'),
  ('55e31798-01c3-4bcc-8800-c8239d77c381', '눈이 오다', NULL, 'Tuyết rơi', 'nuni oda', '겨울에 눈이 오면 좋겠어요.', 'Sẽ thật tuyệt nếu tuyết rơi vào mùa đông.', 'aae02a2d-b30f-446c-9055-9b178a456497', '2026-01-11T09:51:05.029Z', '2026-01-11T09:51:05.029Z'),
  ('c9685cdb-84e0-43b8-b10a-10b226b13f51', '바람이 불다', NULL, 'Gió thổi', 'barami bulda', '오늘은 바람이 많이 불어요.', 'Hôm nay gió thổi mạnh.', 'aae02a2d-b30f-446c-9055-9b178a456497', '2026-01-11T09:51:05.029Z', '2026-01-11T09:51:05.029Z'),
  ('77878f37-c98f-43e4-bb45-655be9ecba5f', '덥다', NULL, 'Nóng', 'deopda', '여름은 너무 더워요.', 'Mùa hè nóng quá.', 'aae02a2d-b30f-446c-9055-9b178a456497', '2026-01-11T09:51:05.029Z', '2026-01-11T09:51:05.029Z'),
  ('8b005621-f2c7-4812-bbc5-2c1d5e723b3f', '춥다', NULL, 'Lạnh', 'chupda', '겨울은 너무 추워요.', 'Mùa đông lạnh quá.', 'aae02a2d-b30f-446c-9055-9b178a456497', '2026-01-11T09:51:05.029Z', '2026-01-11T09:51:05.029Z'),
  ('299931e1-5630-4a81-a1f9-4d48efaa8427', '따뜻하다', NULL, 'Ấm áp', 'ttatteuthada', '봄은 날씨가 따뜻해요.', 'Mùa xuân thời tiết ấm áp.', 'aae02a2d-b30f-446c-9055-9b178a456497', '2026-01-11T09:51:05.029Z', '2026-01-11T09:51:05.029Z'),
  ('eadb477d-1ea7-4e25-a90b-0a035fb883f8', '시원하다', NULL, 'Mát mẻ', 'siwonhada', '가을은 날씨가 시원해요.', 'Mùa thu thời tiết mát mẻ.', 'aae02a2d-b30f-446c-9055-9b178a456497', '2026-01-11T09:51:05.029Z', '2026-01-11T09:51:05.029Z'),
  ('8ce7dd78-296f-40d2-937a-8fb428a1277f', '계절', '季節', 'Mùa', 'gyejeol', '한국은 사계절이 있어요.', 'Hàn Quốc có bốn mùa.', 'a296f9ac-96b8-4581-a69b-994a09a30a6e', '2026-01-11T09:51:05.029Z', '2026-01-11T09:51:05.029Z'),
  ('1e0a2dc7-31bc-4a28-b952-3b99d163458b', '봄', '--', 'Mùa xuân', 'bom', '봄에는 꽃이 많이 펴요.', 'Hoa nở nhiều vào mùa xuân.', 'a296f9ac-96b8-4581-a69b-994a09a30a6e', '2026-01-11T09:51:05.029Z', '2026-01-11T09:51:05.029Z'),
  ('4ee65adf-6f23-419f-ae39-64fae2f2a6c6', '여름', '--', 'Mùa hè', 'yeoreum', '여름에는 바다에 가요.', 'Tôi đi biển vào mùa hè.', 'a296f9ac-96b8-4581-a69b-994a09a30a6e', '2026-01-11T09:51:05.029Z', '2026-01-11T09:51:05.029Z'),
  ('7afc6de2-8ea1-4bd3-85eb-7991d6026c54', '가을', '--', 'Mùa thu', 'ga-eul', '가을에는 단풍이 예뻐요.', 'Lá phong đẹp vào mùa thu.', 'a296f9ac-96b8-4581-a69b-994a09a30a6e', '2026-01-11T09:51:05.029Z', '2026-01-11T09:51:05.029Z'),
  ('9c85586b-12af-4d08-9fb2-352eb1ed4c18', '겨울', '--', 'Mùa đông', 'gyeoul', '겨울에는 스키를 타요.', 'Tôi trượt tuyết vào mùa đông.', 'a296f9ac-96b8-4581-a69b-994a09a30a6e', '2026-01-11T09:51:05.029Z', '2026-01-11T09:51:05.029Z'),
  ('66f83757-3b8d-4810-a719-b47ae60301d0', '꽃', '꽃', 'Hoa', 'kkot', '공원에 꽃이 많이 있어요.', 'Có rất nhiều hoa ở công viên.', 'a296f9ac-96b8-4581-a69b-994a09a30a6e', '2026-01-11T09:51:05.029Z', '2026-01-11T09:51:05.029Z'),
  ('352fcfb7-3b75-4ec2-8799-725beec2cdee', '나무', '--', 'Cây', 'namu', '우리 집 앞에 큰 나무가 있어요.', 'Có một cái cây lớn trước nhà tôi.', 'a296f9ac-96b8-4581-a69b-994a09a30a6e', '2026-01-11T09:51:05.029Z', '2026-01-11T09:51:05.029Z'),
  ('9b164724-08e4-4d61-8302-6147f4ba7a96', '단풍', '丹楓', 'Lá phong/lá đổi màu', 'danpung', '가을에는 단풍 구경을 가요.', 'Tôi đi ngắm lá phong vào mùa thu.', 'a296f9ac-96b8-4581-a69b-994a09a30a6e', '2026-01-11T09:51:05.029Z', '2026-01-11T09:51:05.029Z'),
  ('c5a9d5f5-2ae4-4128-bf66-86082c94f039', '눈', '雪', 'Tuyết', 'nun', '하얀 눈이 내려요.', 'Tuyết trắng đang rơi.', 'a296f9ac-96b8-4581-a69b-994a09a30a6e', '2026-01-11T09:51:05.029Z', '2026-01-11T09:51:05.029Z');

-- Quiz Questions
INSERT INTO "QuizQuestion" (id, question, "questionTranslation", options, "correctAnswer", explanation, "VocabularyId", "createdAt", "updatedAt") VALUES ('8bf7c93a-be06-42aa-ae8e-05b716dd3f56', '무지개에는 일곱 가지 ______이 있어요.', 'Cầu vồng có bảy ______.', ARRAY['색깔', '모양', '크기', '길이']::text[], '색깔', '색깔 có nghĩa là ''màu sắc'', dùng để chỉ màu của vật thể hoặc hiện tượng.', '1d536e64-3ebf-4471-9040-8e891cd92701', '2026-01-11T09:51:05.029Z', '2026-01-11T09:51:05.029Z'),
  ('8a04c5b9-9a38-475f-8ae6-5d4d62df2b32', '이 옷의 ______이 예뻐요.', '______ của chiếc áo này đẹp quá.', ARRAY['색', '디자인', '재질', '브랜드']::text[], '색', '색 là hình thức ngắn gọn của 색깔, thường được dùng trong văn nói hoặc khi kết hợp với các từ khác.', '1d536e64-3ebf-4471-9040-8e891cd92701', '2026-01-11T09:51:05.029Z', '2026-01-11T09:51:05.029Z'),
  ('8f73300b-2068-445c-a3fd-1839e3d11cad', '______ 신호등은 멈추라는 뜻이에요.', 'Đèn giao thông ______ có nghĩa là dừng lại.', ARRAY['빨간색', '초록색', '노란색', '파란색']::text[], '빨간색', '빨간색 có nghĩa là ''màu đỏ'', là màu của nguy hiểm, cảnh báo, và dừng lại trong giao thông.', '3886856d-30b0-4b98-a7b1-3fd9f6943266', '2026-01-11T09:51:05.029Z', '2026-01-11T09:51:05.029Z'),
  ('36abb598-f5b7-4fbd-bac4-7f0aa99a99e1', '사랑을 상징하는 꽃은 보통 ______ 장미예요.', 'Hoa tượng trưng cho tình yêu thường là hoa hồng ______.', ARRAY['빨간색', '하얀색', '노란색', '보라색']::text[], '빨간색', '빨간색 tượng trưng cho tình yêu, đam mê, và sức mạnh trong nhiều nền văn hóa.', '3886856d-30b0-4b98-a7b1-3fd9f6943266', '2026-01-11T09:51:05.029Z', '2026-01-11T09:51:05.029Z'),
  ('16811c24-9821-4d8c-9d53-b169c1e06037', '______ 신호등은 준비하라는 뜻이에요.', 'Đèn giao thông ______ có nghĩa là chuẩn bị.', ARRAY['노란색', '빨간색', '초록색', '파란색']::text[], '노란색', '노란색 có nghĩa là ''màu vàng'', thường tượng trưng cho sự thận trọng, cảnh báo, và ánh sáng mặt trời.', '5385966a-5670-484a-ab90-9492666d793d', '2026-01-11T09:51:05.029Z', '2026-01-11T09:51:05.029Z'),
  ('efb9f246-aa73-49d0-9815-69f790b4bc4d', '봄이 되면 ______ 민들레꽃이 피어요.', 'Khi mùa xuân đến, những bông hoa bồ công anh ______ nở rộ.', ARRAY['노란색', '빨간색', '파란색', '보라색']::text[], '노란색', '노란색 thường gắn liền với mùa xuân, sự ấm áp, và năng lượng tích cực.', '5385966a-5670-484a-ab90-9492666d793d', '2026-01-11T09:51:05.029Z', '2026-01-11T09:51:05.029Z'),
  ('f98c9802-77c8-40a1-9e76-f50fd91deb7a', '______ 바다는 매우 아름다워요.', 'Biển ______ rất đẹp.', ARRAY['파란색', '빨간색', '초록색', '검은색']::text[], '파란색', '파란색 có nghĩa là ''màu xanh da trời'', thường gắn liền với bầu trời, biển cả, và sự yên bình.', '23b6e487-66d3-4cf5-ad60-eb536daac5b4', '2026-01-11T09:51:05.029Z', '2026-01-11T09:51:05.029Z'),
  ('c08acdaf-ba66-441c-9b90-625d1922e195', '______ 옷은 청량감을 주는 느낌이에요.', 'Quần áo ______ cho cảm giác mát mẻ, sảng khoái.', ARRAY['파란색', '빨간색', '주황색', '갈색']::text[], '파란색', '파란색 thường được cảm nhận là màu lạnh, tạo cảm giác thanh mát, yên tĩnh và đáng tin cậy.', '23b6e487-66d3-4cf5-ad60-eb536daac5b4', '2026-01-11T09:51:05.029Z', '2026-01-11T09:51:05.029Z'),
  ('8b596411-13a7-428f-be47-4ea1f42efcc8', '______ 신호등은 건너가도 된다는 뜻이에요.', 'Đèn giao thông ______ có nghĩa là được phép đi qua.', ARRAY['초록색', '빨간색', '노란색', '파란색']::text[], '초록색', '초록색 có nghĩa là ''màu xanh lá cây'', tượng trưng cho sự an toàn, đi tiếp, và thiên nhiên.', 'ba1e87b4-bfbb-4c05-9c67-d888945e2dd9', '2026-01-11T09:51:05.029Z', '2026-01-11T09:51:05.029Z'),
  ('6a6b363c-d4f0-4d83-8bdb-2b6617858e93', '공원의 ______ 잔디밭에서 사람들이 즐거워해요.', 'Mọi người vui vẻ trên bãi cỏ ______ ở công viên.', ARRAY['초록색', '빨간색', '파란색', '보라색']::text[], '초록색', '초록색 là màu của thiên nhiên, cây cỏ, và sự phát triển, thường mang lại cảm giác tươi mát và bình yên.', 'ba1e87b4-bfbb-4c05-9c67-d888945e2dd9', '2026-01-11T09:51:05.029Z', '2026-01-11T09:51:05.029Z'),
  ('be440e83-a5b0-4331-9bcd-abc40d8c86bc', '결혼식에서 신부는 보통 ______ 웨딩드레스를 입어요.', 'Trong đám cưới, cô dâu thường mặc váy cưới ______.', ARRAY['하얀색', '검은색', '빨간색', '파란색']::text[], '하얀색', '하얀색 có nghĩa là ''màu trắng'', tượng trưng cho sự thuần khiết, trong sáng, và ngây thơ.', '2a2eef39-cbb6-4add-acda-0a0c9a4e09a0', '2026-01-11T09:51:05.029Z', '2026-01-11T09:51:05.029Z'),
  ('e785d7a1-c679-483b-a382-020da83f8b37', '의사와 간호사는 ______ 가운을 입어요.', 'Bác sĩ và y tá mặc áo blouse ______.', ARRAY['하얀색', '파란색', '초록색', '회색']::text[], '하얀색', '하얀색 thường được liên tưởng đến sự sạch sẽ, vệ sinh, và tính chuyên nghiệp trong ngành y tế.', '2a2eef39-cbb6-4add-acda-0a0c9a4e09a0', '2026-01-11T09:51:05.029Z', '2026-01-11T09:51:05.029Z'),
  ('824fe44c-882f-46a9-a98c-2e4401d84314', '______ 고양이는 운이 좋다고 해요.', 'Người ta nói mèo ______ mang lại may mắn.', ARRAY['검은색', '하얀색', '노란색', '갈색']::text[], '검은색', '검은색 có nghĩa là ''màu đen'', trong một số nền văn hóa tượng trưng cho sự bí ẩn, sang trọng, và đôi khi là điềm xấu.', '03c5bd2d-c747-4beb-a98e-7f0c661a3b76', '2026-01-11T09:51:05.029Z', '2026-01-11T09:51:05.029Z'),
  ('fca9cf08-22e3-46c6-aaab-9a3cfdab488a', '정장으로 ______ 양복을 입는 경우가 많아요.', 'Trang phục công sở thường là bộ vest ______.', ARRAY['검은색', '빨간색', '파란색', '초록색']::text[], '검은색', '검은색 tượng trưng cho sự trang trọng, quyền lực, và thanh lịch, thường được chọn cho trang phục công sở và sự kiện quan trọng.', '03c5bd2d-c747-4beb-a98e-7f0c661a3b76', '2026-01-11T09:51:05.029Z', '2026-01-11T09:51:05.029Z'),
  ('80cecb2c-de67-4ed5-9911-607f064658be', '가을에 ______ 단풍이 아름다워요.', 'Vào mùa thu, những chiếc lá phong ______ rất đẹp.', ARRAY['주황색', '파란색', '초록색', '보라색']::text[], '주황색', '주황색 có nghĩa là ''màu cam'', thường gắn liền với mùa thu, sự ấm áp, và năng lượng.', '21cd619b-3f1d-44db-b91e-eb19232b90aa', '2026-01-11T09:51:05.029Z', '2026-01-11T09:51:05.029Z'),
  ('37dba473-f88f-4b80-b4aa-705a4643d585', '______ 경고 표지판은 주의를 끄는 색이에요.', 'Biển báo cảnh báo ______ là màu thu hút sự chú ý.', ARRAY['주황색', '회색', '갈색', '하얀색']::text[], '주황색', '주황색 rất nổi bật và dễ nhận thấy, thường được dùng cho thiết bị an toàn, đồ bảo hộ, và biển báo.', '21cd619b-3f1d-44db-b91e-eb19232b90aa', '2026-01-11T09:51:05.029Z', '2026-01-11T09:51:05.029Z'),
  ('40ced8f6-9326-4c17-ba97-497d3477e4b3', '어린 소녀들은 종종 ______ 옷을 좋아해요.', 'Các bé gái thường thích quần áo ______.', ARRAY['분홍색', '회색', '갈색', '남색']::text[], '분홍색', '분홍색 có nghĩa là ''màu hồng'', thường được liên kết với sự nữ tính, dịu dàng, và lãng mạn.', '59438731-fe1d-44a6-9810-849757209a3e', '2026-01-11T09:51:05.029Z', '2026-01-11T09:51:05.029Z'),
  ('227deabf-efda-4e5f-977d-d70152eb632f', '벚꽃이 피면 ______ 꽃잎이 날려요.', 'Khi hoa anh đào nở, những cánh hoa ______ bay lượn.', ARRAY['분홍색', '노란색', '파란색', '보라색']::text[], '분홍색', '분홍색 là màu đặc trưng của hoa anh đào (벚꽃) ở Hàn Quốc và Nhật Bản, biểu tượng của mùa xuân và vẻ đẹp thoáng qua.', '59438731-fe1d-44a6-9810-849757209a3e', '2026-01-11T09:51:05.029Z', '2026-01-11T09:51:05.029Z'),
  ('4340fb45-88a6-4f6d-b131-922aafa266db', '______ 라벤더 향기가 기분을 좋게 해요.', 'Hương thơm của hoa oải hương ______ làm tâm trạng tốt hơn.', ARRAY['보라색', '빨간색', '초록색', '주황색']::text[], '보라색', '보라색 có nghĩa là ''màu tím'', thường gắn liền với sự cao quý, sáng tạo, và tâm linh.', '182db5c3-1c16-4994-9e15-854850724780', '2026-01-11T09:51:05.029Z', '2026-01-11T09:51:05.029Z'),
  ('b8314473-2b37-4499-95fa-1bba04b2ca03', '한국 왕족은 ______ 옷을 입었어요.', 'Vương tộc Hàn Quốc đã mặc trang phục ______.', ARRAY['보라색', '검은색', '하얀색', '초록색']::text[], '보라색', 'Trong lịch sử Hàn Quốc, 보라색 là màu của hoàng gia và quý tộc, tượng trưng cho sự giàu có, quyền lực, và địa vị cao.', '182db5c3-1c16-4994-9e15-854850724780', '2026-01-11T09:51:05.029Z', '2026-01-11T09:51:05.029Z'),
  ('5a16f81b-e753-4553-a130-1d87fc56aee9', '______에 따라 옷을 입는 것이 중요해요.', 'Việc mặc đồ theo ______ là rất quan trọng.', ARRAY['날씨', '시간', '장소', '기분']::text[], '날씨', '날씨 có nghĩa là ''thời tiết'', chỉ trạng thái khí quyển tại một thời điểm và địa điểm cụ thể.', 'abb7d66e-4d77-4df5-8f32-ffcdb04cf957', '2026-01-11T09:51:05.029Z', '2026-01-11T09:51:05.029Z'),
  ('147e6462-f467-483f-8a63-0a63e86e66f3', '여행 계획을 세울 때 ______를 먼저 확인해요.', 'Khi lên kế hoạch du lịch, hãy kiểm tra ______ trước.', ARRAY['날씨', '가격', '시간', '친구']::text[], '날씨', '날씨 là yếu tố quan trọng ảnh hưởng đến hoạt động ngoài trời, vì vậy thường được kiểm tra đầu tiên khi lập kế hoạch.', 'abb7d66e-4d77-4df5-8f32-ffcdb04cf957', '2026-01-11T09:51:05.029Z', '2026-01-11T09:51:05.029Z'),
  ('4cca4337-5e50-41a0-b816-9990c798dbb5', '______ 하늘을 보면 기분이 좋아져요.', 'Nhìn bầu trời ______, tâm trạng trở nên tốt hơn.', ARRAY['맑은', '흐린', '어두운', '낮은']::text[], '맑은', '맑다 có nghĩa là ''trong xanh'', ''quang đãng'', thường dùng để miêu tả bầu trời không có mây, nắng đẹp.', 'e2ebbd0f-8bf2-4e9f-95a8-a6d9bc3d7591', '2026-01-11T09:51:05.029Z', '2026-01-11T09:51:05.029Z'),
  ('562be65d-5414-4f7c-b807-6451fce5fca2', '주말에 ______ 날씨가 계속되면 좋겠어요.', 'Ước gì thời tiết ______ tiếp tục kéo dài vào cuối tuần.', ARRAY['맑은', '흐린', '추운', '더운']::text[], '맑a', '맑다 thường gắn với hình ảnh thời tiết đẹp, lý tưởng cho các hoạt động ngoài trời.', 'e2ebbd0f-8bf2-4e9f-95a8-a6d9bc3d7591', '2026-01-11T09:51:05.029Z', '2026-01-11T09:51:05.029Z'),
  ('ac9eb9d5-96a2-411c-9026-02613820abc3', '______ 날에는 실내 활동을 하는 것이 좋아요.', 'Vào những ngày ______, nên tham gia các hoạt động trong nhà.', ARRAY['흐린', '맑은', '따뜻한', '시원한']::text[], '흐린', '흐리다 có nghĩa là ''u ám'', ''nhiều mây'', thường báo hiệu trời có thể mưa và không thuận lợi cho hoạt động ngoài trời.', '33fbf525-06c7-4989-948d-7e2e9d550e35', '2026-01-11T09:51:05.029Z', '2026-01-11T09:51:05.029Z'),
  ('1c357e35-ddae-44dd-aaeb-1e2bb2567166', '하늘이 ______ 그래서 햇빛이 보이지 않아요.', 'Bầu trời ______ nên không thấy ánh nắng mặt trời.', ARRAY['흐려서', '맑아서', '추워서', '더워서']::text[], '흐려서', '흐리다 thường đi kèm với cảm giác ảm đạm, thiếu ánh sáng tự nhiên.', '33fbf525-06c7-4989-948d-7e2e9d550e35', '2026-01-11T09:51:05.029Z', '2026-01-11T09:51:05.029Z'),
  ('de52f5f2-74c6-464e-bb56-9a06bda139ea', '______ 우산을 꼭 챙기세요.', 'Khi ______ nhớ mang theo ô nhé.', ARRAY['비가 올 때는', '눈이 올 때는', '맑을 때는', '흐릴 때는']::text[], '비가 올 때는', '비가 오다 có nghĩa là ''mưa'', chỉ hiện tượng nước rơi từ mây xuống đất.', '0a3889a7-41e6-4be5-9e07-aa00028afb0e', '2026-01-11T09:51:05.029Z', '2026-01-11T09:51:05.029Z'),
  ('887454ef-0180-4c1e-bde5-82ae104d7744', '장마철에는 자주 ______.', 'Vào mùa mưa thường xuyên ______.', ARRAY['비가 와요', '눈이 와요', '바람이 불어요', '맑아요']::text[], '비가 와요', '비가 오다 là hiện tượng thời tiết phổ biến, đặc biệt trong 장마 (mùa mưa) ở Hàn Quốc từ tháng 6 đến tháng 8.', '0a3889a7-41e6-4be5-9e07-aa00028afb0e', '2026-01-11T09:51:05.029Z', '2026-01-11T09:51:05.029Z'),
  ('506b8dfe-5954-4839-b049-baf414e87fbe', '______ 아이들은 밖에서 눈싸움을 해요.', 'Khi ______, trẻ con chơi đánh nhau bằng tuyết ở ngoài.', ARRAY['눈이 오면', '비가 오면', '맑으면', '흐리면']::text[], '눈이 오면', '눈이 오다 có nghĩa là ''tuyết rơi'', là hiện tượng thời tiết đặc trưng của mùa đông ở nhiều vùng tại Hàn Quốc.', '55e31798-01c3-4bcc-8800-c8239d77c381', '2026-01-11T09:51:05.029Z', '2026-01-11T09:51:05.029Z'),
  ('3cf26f91-62dd-46d5-976e-2bc3f1ada780', '첫 ______을(를) 맞이하는 날이에요.', 'Hôm nay là ngày đón ______ đầu tiên.', ARRAY['눈', '비', '바람', '안개']::text[], '눈', '눈 (tuyết) thường mang lại cảm giác thích thú, đặc biệt là 첫눈 (tuyết đầu mùa) được nhiều người mong đợi.', '55e31798-01c3-4bcc-8800-c8239d77c381', '2026-01-11T09:51:05.029Z', '2026-01-11T09:51:05.029Z'),
  ('5ae09723-9672-4d60-97ab-c6a92f269423', '______ 머리카락이 흩날려요.', 'Vì ______ nên tóc bay tung.', ARRAY['바람이 불어서', '비가 와서', '눈이 와서', '맑아서']::text[], '바람이 불어서', '바람이 불다 có nghĩa là ''gió thổi'', chỉ sự chuyển động của không khí trong khí quyển.', 'c9685cdb-84e0-43b8-b10a-10b226b13f51', '2026-01-11T09:51:05.029Z', '2026-01-11T09:51:05.029Z'),
  ('1609d3e2-571d-450b-ab3e-fe84529c545f', '가을에는 ______ 낙엽이 날려요.', 'Vào mùa thu, ______ lá khô bay.', ARRAY['바람이 불면', '비가 오면', '눈이 오면', '맑으면']::text[], '바람이 불면', '바람이 불다 có thể từ nhẹ nhàng (산들바람) đến mạnh (강한 바람), ảnh hưởng đến nhiều hoạt động ngoài trời.', 'c9685cdb-84e0-43b8-b10a-10b226b13f51', '2026-01-11T09:51:05.029Z', '2026-01-11T09:51:05.029Z'),
  ('9f80539e-79d3-4cc3-9d37-4b871f4a2553', '______ 날에는 시원한 음식을 먹고 싶어져요.', 'Vào những ngày ______, tôi muốn ăn đồ ăn mát lạnh.', ARRAY['더운', '추운', '따뜻한', '시원한']::text[], '더운', '덥다 có nghĩa là ''nóng'', chỉ cảm giác nhiệt độ cao, thường gắn với mùa hè hoặc khí hậu nhiệt đới.', '77878f37-c98f-43e4-bb45-655be9ecba5f', '2026-01-11T09:51:05.029Z', '2026-01-11T09:51:05.029Z'),
  ('68ed8ef0-6345-4f53-9da6-8c1b24e12844', '한국의 여름은 습하고 ______.', 'Mùa hè ở Hàn Quốc vừa ẩm ướt vừa ______.', ARRAY['더워요', '추워요', '따뜻해요', '시원해요']::text[], '더워요', '덥다 đặc biệt được dùng để miêu tả cái nóng oi bức của mùa hè Hàn Quốc với độ ẩm cao.', '77878f37-c98f-43e4-bb45-655be9ecba5f', '2026-01-11T09:51:05.029Z', '2026-01-11T09:51:05.029Z'),
  ('098e32e4-1dab-4a3f-988b-c981e1e26b15', '______ 날씨에는 따뜻한 옷을 입어야 해요.', 'Vào thời tiết ______, cần mặc quần áo ấm.', ARRAY['추운', '더운', '따뜻한', '시원한']::text[], '추운', '춥다 có nghĩa là ''lạnh'', chỉ cảm giác nhiệt độ thấp, thường gắn với mùa đông hoặc khí hậu lạnh giá.', '8b005621-f2c7-4812-bbc5-2c1d5e723b3f', '2026-01-11T09:51:05.029Z', '2026-01-11T09:51:05.029Z'),
  ('7c4083e6-5808-4765-afbc-faee6a7201a5', '밖이 ______ 실내에 있는 것이 좋아요.', 'Vì bên ngoài ______ nên ở trong nhà thì tốt hơn.', ARRAY['추워서', '더워서', '따뜻해서', '시원해서']::text[], '추워서', '춥다 thường được dùng để miêu tả cái lạnh khắc nghiệt của mùa đông Hàn Quốc, đặc biệt là gió lạnh từ Siberi.', '8b005621-f2c7-4812-bbc5-2c1d5e723b3f', '2026-01-11T09:51:05.029Z', '2026-01-11T09:51:05.029Z'),
  ('db770fb3-8340-4aca-84c1-f8c8ca35b0ad', '______ 봄날에 소풍 가는 것을 좋아해요.', 'Tôi thích đi dã ngoại vào những ngày xuân ______.', ARRAY['따뜻한', '추운', '더운', '시원한']::text[], '따뜻a', '따뜻하다 có nghĩa là ''ấm áp'', chỉ nhiệt độ vừa phải, dễ chịu, không quá nóng cũng không quá lạnh.', '299931e1-5630-4a81-a1f9-4d48efaa8427', '2026-01-11T09:51:05.029Z', '2026-01-11T09:51:05.029Z'),
  ('6c8ed16a-9ac8-43d9-8d00-00c95c2644e8', '햇볕이 ______ 기분이 좋아요.', 'Ánh nắng mặt trời ______, tâm trạng thấy tốt hơn.', ARRAY['따뜻해서', '추워서', '더워서', '시원해서']::text[], '따뜻해서', '따뜻하다 thường gắn với cảm giác dễ chịu, thoải mái và thường được dùng để miêu tả thời tiết mùa xuân.', '299931e1-5630-4a81-a1f9-4d48efaa8427', '2026-01-11T09:51:05.029Z', '2026-01-11T09:51:05.029Z'),
  ('29d9ed62-61db-454e-9bb6-fa866406d414', '______ 가을 바람이 불어오면 상쾌해요.', 'Khi làn gió thu ______ thổi đến, tôi cảm thấy sảng khoái.', ARRAY['시원한', '따뜻한', '추운', '더운']::text[], '시원한', '시원하다 có nghĩa là ''mát mẻ'', chỉ cảm giác nhiệt độ thấp vừa phải, dễ chịu, thường sau cái nóng mùa hè.', 'eadb477d-1ea7-4e25-a90b-0a035fb883f8', '2026-01-11T09:51:05.029Z', '2026-01-11T09:51:05.029Z'),
  ('0c82d368-db4a-4e19-a00d-a06092e72ee3', '더운 여름날 ______ 음료수를 마시면 기분이 좋아져요.', 'Vào ngày hè nóng nực, uống đồ uống ______ thì tâm trạng sẽ tốt hơn.', ARRAY['시원한', '따뜻한', '뜨거운', '미지근한']::text[], '시원한', '시원하다 không chỉ dùng cho thời tiết mà còn dùng cho đồ uống, thức ăn hoặc cảm giác sau khi tắm.', 'eadb477d-1ea7-4e25-a90b-0a035fb883f8', '2026-01-11T09:51:05.029Z', '2026-01-11T09:51:05.029Z'),
  ('720ae354-f99a-4109-b9c2-9baffefe033d', '한 해에는 네 ______이/가 있어요.', 'Một năm có bốn ______.', ARRAY['월', '계절', '주', '일']::text[], '계절', '계절 là ''mùa'', đơn vị thời gian theo chu kỳ thời tiết trong năm. Hàn Quốc có 사계절 (bốn mùa) rõ rệt.', '8ce7dd78-296f-40d2-937a-8fb428a1277f', '2026-01-11T09:51:05.029Z', '2026-01-11T09:51:05.029Z'),
  ('c16982ad-a6aa-4bac-b7d1-67c1a043ad59', '______마다 다른 옷을 입어요.', 'Tôi mặc quần áo khác nhau theo từng ______.', ARRAY['계절', '요일', '시간', '나이']::text[], '계절', '계절 ảnh hưởng đến thời tiết nên mọi người thay đổi trang phục phù hợp với từng mùa.', '8ce7dd78-296f-40d2-937a-8fb428a1277f', '2026-01-11T09:51:05.029Z', '2026-01-11T09:51:05.029Z'),
  ('5e627847-4817-4a76-8d58-3471dcb5bd76', '______에는 날씨가 따뜻해져요.', 'Vào ______, thời tiết trở nên ấm áp.', ARRAY['봄', '여름', '가을', '겨울']::text[], '봄', '봄 là ''mùa xuân'', mùa chuyển tiếp từ lạnh sang ấm, thường từ tháng 3 đến tháng 5 ở Hàn Quốc.', '1e0a2dc7-31bc-4a28-b952-3b99d163458b', '2026-01-11T09:51:05.029Z', '2026-01-11T09:51:05.029Z'),
  ('fb597c20-eeed-4e99-b3c1-7cc1e6013820', '______꽃으로 유명한 진해에 가 보고 싶어요.', 'Tôi muốn đến Jinhae nổi tiếng với hoa anh đào ______.', ARRAY['봄', '여름', '가을', '겨울']::text[], '봄', '봄 gắn liền với hoa anh đào (벚꽃) nở rộ, đặc biệt ở các địa điểm như 진해, 여의도.', '1e0a2dc7-31bc-4a28-b952-3b99d163458b', '2026-01-11T09:51:05.029Z', '2026-01-11T09:51:05.029Z'),
  ('2ebc09c0-7f67-4080-b9df-b679e3f1e1c8', '______에는 날씨가 덥고 비가 많이 와요.', 'Vào ______, thời tiết nóng và mưa nhiều.', ARRAY['봄', '여름', '가을', '겨울']::text[], '여름', '여름 là ''mùa hè'', mùa nóng nhất trong năm với nhiệt độ cao và mùa mưa (장마), thường từ tháng 6 đến tháng 8.', '4ee65adf-6f23-419f-ae39-64fae2f2a6c6', '2026-01-11T09:51:05.029Z', '2026-01-11T09:51:05.029Z'),
  ('787c8c48-a78f-4f21-8f53-7a8d4e456145', '______휴가를 이용해 제주도에 갔어요.', 'Tôi đã đi Jeju bằng cách sử dụng kỳ nghỉ ______.', ARRAY['봄', '여름', '가을', '겨울']::text[], '여름', '여름 là mùa của kỳ nghỉ hè (여름휴가), nhiều người đi du lịch biển và nghỉ mát.', '4ee65adf-6f23-419f-ae39-64fae2f2a6c6', '2026-01-11T09:51:05.029Z', '2026-01-11T09:51:05.029Z'),
  ('b10b977c-e818-4648-9f08-803ba52f7126', '______에는 하늘이 높고 맑아요.', 'Vào ______, bầu trời cao và trong xanh.', ARRAY['봄', '여름', '가을', '겨울']::text[], '가을', '가을 là ''mùa thu'', mùa mát mẻ với bầu trời trong xanh, thường từ tháng 9 đến tháng 11.', '7afc6de2-8ea1-4bd3-85eb-7991d6026c54', '2026-01-11T09:51:05.029Z', '2026-01-11T09:51:05.029Z'),
  ('2c201c43-bf0a-4b32-a70c-b5390aa86ca9', '한국의 ______은/는 단풍이 아름다워요.', '______ của Hàn Quốc có lá phong rất đẹp.', ARRAY['봄', '여름', '가을', '겨울']::text[], '가을', '가을 nổi tiếng với 단풍 (lá phong đổi màu), thu hút nhiều khách du lịch đi ngắm lá mùa thu (단풍 구경).', '7afc6de2-8ea1-4bd3-85eb-7991d6026c54', '2026-01-11T09:51:05.029Z', '2026-01-11T09:51:05.029Z'),
  ('936219b2-dca1-4cd0-8b6c-99793c1080a2', '______에는 날씨가 춥고 눈이 와요.', 'Vào ______, thời tiết lạnh và có tuyết rơi.', ARRAY['봄', '여름', '가을', '겨울']::text[], '겨울', '겨울 là ''mùa đông'', mùa lạnh nhất trong năm với nhiệt độ dưới 0°C và tuyết rơi, thường từ tháng 12 đến tháng 2.', '9c85586b-12af-4d08-9fb2-352eb1ed4c18', '2026-01-11T09:51:05.029Z', '2026-01-11T09:51:05.029Z'),
  ('36c6dc2a-a7f5-49fa-8ad9-206d2d204dd3', '______ 스포츠로 스키나 스노보드를 즐겨요.', 'Tôi thích trượt tuyết hoặc trượt ván tuyết như môn thể thao ______.', ARRAY['봄', '여름', '가을', '겨울']::text[], '겨울', '겨울 là mùa của các môn thể thao mùa đông như 스키 (trượt tuyết), 스노보드 (trượt ván tuyết), 아이스스케이팅 (trượt băng).', '9c85586b-12af-4d08-9fb2-352eb1ed4c18', '2026-01-11T09:51:05.029Z', '2026-01-11T09:51:05.029Z'),
  ('e70d2e33-1d9d-45c2-ad8c-7a22b5e46acf', '______을/를 좋아하는 사람을 애호가라고 해요.', 'Người thích ______ được gọi là người yêu hoa.', ARRAY['꽃', '나무', '풀', '잎']::text[], '꽃', '꽃 là ''hoa'', biểu tượng của vẻ đẹp và sự sinh sôi. 각 계절마다 다른 꽃이 피어요 (Mỗi mùa có những loại hoa khác nhau nở).', '66f83757-3b8d-4810-a719-b47ae60301d0', '2026-01-11T09:51:05.029Z', '2026-01-11T09:51:05.029Z'),
  ('3d7d96bd-88bd-4a7d-a4bb-439525008fef', '______ 축제가 열리는 봄에 벚꽃을 보러 가요.', 'Tôi đi ngắm hoa anh đào vào mùa xuân khi lễ hội ______ được tổ chức.', ARRAY['꽃', '음식', '영화', '음악']::text[], '꽃', '꽃 thường là chủ đề của các lễ hội mùa xuân như 벚꽃 축제 (lễ hội hoa anh đào).', '66f83757-3b8d-4810-a719-b47ae60301d0', '2026-01-11T09:51:05.029Z', '2026-01-11T09:51:05.029Z'),
  ('aa2ac7bf-df9e-42c3-9876-c151a0942317', '공원에는 다양한 ______이/가 자라고 있어요.', 'Có nhiều loại ______ khác nhau đang mọc trong công viên.', ARRAY['꽃', '나무', '풀', '돌']::text[], '나무', '나무 là ''cây'', thực vật thân gỗ sống lâu năm. 나무는 공기를 정화해 줘요 (Cây lọc sạch không khí).', '352fcfb7-3b75-4ec2-8799-725beec2cdee', '2026-01-11T09:51:05.029Z', '2026-01-11T09:51:05.029Z'),
  ('21a4995f-d017-47af-b913-165b18a1c176', '______에 열매가 열렸어요.', '______ đã ra quả.', ARRAY['나무', '꽃', '풀', '흙']::text[], '나무', '나무 có thể ra hoa và kết quả theo mùa, như 사과나무 (cây táo), 배나무 (cây lê).', '352fcfb7-3b75-4ec2-8799-725beec2cdee', '2026-01-11T09:51:05.029Z', '2026-01-11T09:51:05.029Z'),
  ('54944b54-a1f6-42da-8634-257eb86e054a', '______이/가 드는 가을이 제일 좋아요.', 'Tôi thích nhất là mùa thu khi ______ đổi màu.', ARRAY['단풍', '꽃', '풀', '눈']::text[], '단풍', '단풍 là ''lá phong đổi màu'', hiện tượng lá cây chuyển sang màu đỏ, vàng, cam vào mùa thu.', '9b164724-08e4-4d61-8302-6147f4ba7a96', '2026-01-11T09:51:05.029Z', '2026-01-11T09:51:05.029Z'),
  ('5a808083-c183-4f74-aacc-358bbe23ed40', '______ 명소로 설악산이 유명해요.', 'Seoraksan nổi tiếng là địa điểm ngắm ______.', ARRAY['꽃', '단풍', '눈', '바다']::text[], '단풍', '단풍 구경 (ngắm lá mùa thu) là hoạt động phổ biến vào mùa thu ở Hàn Quốc, với các địa điểm nổi tiếng như 설악산, 내장산.', '9b164724-08e4-4d61-8302-6147f4ba7a96', '2026-01-11T09:51:05.029Z', '2026-01-11T09:51:05.029Z'),
  ('a53666e1-8cbb-496a-855c-f9e5598ef56b', '______이/가 쌓여서 길이 미끄러워요.', '______ đóng thành đống khiến đường trơn trượt.', ARRAY['눈', '비', '바람', '안개']::text[], '눈', '눈 là ''tuyết'', dạng kết tủa của nước ở dạng tinh thể băng, thường rơi vào mùa đông.', 'c5a9d5f5-2ae4-4128-bf66-86082c94f039', '2026-01-11T09:51:05.029Z', '2026-01-11T09:51:05.029Z'),
  ('6cd176e7-aab8-43b9-b8f4-8c8fb817b231', '첫 ______을/를 보면 소원을 빌 수 있어요.', 'Khi nhìn thấy ______ đầu tiên, bạn có thể ước một điều ước.', ARRAY['눈', '비', '별', '구름']::text[], '눈', '눈 có ý nghĩa đặc biệt trong văn hóa, như 첫눈 (tuyết đầu mùa) thường gắn với những điều ước và kỷ niệm lãng mạn.', 'c5a9d5f5-2ae4-4128-bf66-86082c94f039', '2026-01-11T09:51:05.029Z', '2026-01-11T09:51:05.029Z');

COMMIT;