BEGIN;

-- LearningGroup: Chào hỏi & Thông tin cá nhân
INSERT INTO "LearningGroup" (id, name, icon, "topikLevel", "createdAt", "updatedAt") VALUES ('9face822-764c-4ba8-bdcb-09567118df8e', 'Chào hỏi & Thông tin cá nhân', '👋', 1, '2026-01-05T17:07:58.351Z', '2026-01-05T17:07:58.351Z');

-- Categories (4 categories)
INSERT INTO "Category" (id, name, description, icon, "order", "topikLevel", "groupId", "createdAt", "updatedAt") VALUES ('9082a771-c7a9-4129-a27d-c84d49e14d29', 'Chào hỏi thông dụng', 'Các câu chào hỏi, cảm ơn, xin lỗi cơ bản trong tiếng Hàn', '👋', 1, 1, '9face822-764c-4ba8-bdcb-09567118df8e', '2026-01-05T17:07:58.351Z', '2026-01-05T17:07:58.351Z'),
  ('a14b3d20-e757-4208-91f9-d29120bfedc3', 'Giới thiệu tên & tuổi', 'Từ vựng về hỏi tên, tuổi và giới thiệu bản thân', '📝', 2, 1, '9face822-764c-4ba8-bdcb-09567118df8e', '2026-01-05T17:07:58.351Z', '2026-01-05T17:07:58.351Z'),
  ('32f7e382-f38b-4213-a02b-618af66dc78d', 'Quốc tịch', 'Từ vựng về quốc tịch, quốc gia và ngôn ngữ', '🌍', 3, 1, '9face822-764c-4ba8-bdcb-09567118df8e', '2026-01-05T17:07:58.351Z', '2026-01-05T17:07:58.351Z'),
  ('cc00fa6c-393b-4e4e-902d-1e398d119b9a', 'Nghề nghiệp cơ bản', 'Từ vựng về các nghề nghiệp thông dụng trong xã hội', '👨‍💼', 4, 1, '9face822-764c-4ba8-bdcb-09567118df8e', '2026-01-05T17:07:58.351Z', '2026-01-05T17:07:58.351Z');

-- Vocabulary Words
INSERT INTO "Vocabulary" (id, korean, hanja, vietnamese, pronunciation, example, "exampleTranslation", "categoryId", "createdAt", "updatedAt") VALUES ('d5115eee-d508-4a44-b581-9635c9c81f3c', '안녕하세요', NULL, 'Xin chào', 'annyeonghaseyo', '안녕하세요, 선생님.', 'Em chào cô/thầy ạ.', '9082a771-c7a9-4129-a27d-c84d49e14d29', '2026-01-05T17:07:58.351Z', '2026-01-05T17:07:58.351Z'),
  ('4e0ac674-2a0a-4af3-bf70-2e2c7a07381f', '안녕히 가세요', NULL, 'Tạm biệt (Khi bạn ở lại)', 'annyeonghi gaseyo', '먼저 갈게요. 안녕히 가세요.', 'Tôi đi trước nhé. Tạm biệt.', '9082a771-c7a9-4129-a27d-c84d49e14d29', '2026-01-05T17:07:58.351Z', '2026-01-05T17:07:58.351Z'),
  ('c576cbc7-e4a7-40c8-809f-30de1750e50d', '안녕히 계세요', NULL, 'Tạm biệt (Khi bạn đi)', 'annyeonghi gyeseyo', '저는 이만 가보겠습니다. 안녕히 계세요.', 'Tôi xin phép đi bây giờ. Xin chào ạ.', '9082a771-c7a9-4129-a27d-c84d49e14d29', '2026-01-05T17:07:58.351Z', '2026-01-05T17:07:58.351Z'),
  ('bd50d9c0-a08c-49a2-8932-96415da44b08', '감사합니다', '感謝합니다', 'Cảm ơn (Trang trọng)', 'gamsahamnida', '도와주셔서 정말 감사합니다.', 'Thực sự cảm ơn vì đã giúp đỡ tôi ạ.', '9082a771-c7a9-4129-a27d-c84d49e14d29', '2026-01-05T17:07:58.351Z', '2026-01-05T17:07:58.351Z'),
  ('417520ea-d083-4c21-9113-81182c839d2b', '죄송합니다', '罪悚합니다', 'Xin lỗi (Trang trọng)', 'joesonghamnida', '늦어서 죄송합니다.', 'Tôi xin lỗi vì đã đến muộn.', '9082a771-c7a9-4129-a27d-c84d49e14d29', '2026-01-05T17:07:58.351Z', '2026-01-05T17:07:58.351Z'),
  ('4e259b64-c559-4fc4-b612-b0dff38eb945', '네', NULL, 'Vâng / Dạ / Đúng vậy', 'ne', '"이거 맞아요?" "네, 맞아요."', '"Cái này đúng không?" "Vâng, đúng rồi."', '9082a771-c7a9-4129-a27d-c84d49e14d29', '2026-01-05T17:07:58.351Z', '2026-01-05T17:07:58.351Z'),
  ('031f96ec-0e17-4f45-a13f-15a2bf4ec0fd', '아니요', NULL, 'Không / Không phải', 'aniyo', '"커피 드실래요?" "아니요, 괜찮아요."', '"Bạn có muốn uống cà phê không?" "Không, tôi không sao đâu."', '9082a771-c7a9-4129-a27d-c84d49e14d29', '2026-01-05T17:07:58.351Z', '2026-01-05T17:07:58.351Z'),
  ('047569b1-3bf5-46db-a308-0c8625fa54ef', '괜찮아요', NULL, 'Không sao / Ổn mà', 'gwaenchanayo', '넘어져도 괜찮아요.', 'Dù bị ngã cũng không sao đâu.', '9082a771-c7a9-4129-a27d-c84d49e14d29', '2026-01-05T17:07:58.351Z', '2026-01-05T17:07:58.351Z'),
  ('a662839d-de9f-4673-9198-c2754becbc70', '만나서 반갑습니다', NULL, 'Rất vui được gặp bạn', 'mannaseo bangapseumnida', '처음 뵙겠습니다. 만나서 반갑습니다.', 'Lần đầu gặp mặt. Rất vui được gặp bạn.', '9082a771-c7a9-4129-a27d-c84d49e14d29', '2026-01-05T17:07:58.351Z', '2026-01-05T17:07:58.351Z'),
  ('878cec59-e4b7-42be-b551-844ca2ff687c', '이름', NULL, 'Tên', 'ireum', '이름이 뭐예요?', 'Tên bạn là gì?', 'a14b3d20-e757-4208-91f9-d29120bfedc3', '2026-01-05T17:07:58.351Z', '2026-01-05T17:07:58.351Z'),
  ('d0ce1612-8017-4ddd-9ca1-e69c83fecfc3', '성함', '姓銜', 'Tên (Kính ngữ)', 'seongham', '선생님 성함이 어떻게 되세요?', 'Quý danh của thầy/cô là gì ạ?', 'a14b3d20-e757-4208-91f9-d29120bfedc3', '2026-01-05T17:07:58.351Z', '2026-01-05T17:07:58.351Z'),
  ('0d9c3687-177b-4702-97dc-4d62bb2c2567', '나이', NULL, 'Tuổi', 'nai', '나이가 몇 살이에요?', 'Bạn bao nhiêu tuổi?', 'a14b3d20-e757-4208-91f9-d29120bfedc3', '2026-01-05T17:07:58.351Z', '2026-01-05T17:07:58.351Z'),
  ('592218d8-574c-4a6f-91cd-b3ef690e3135', '살', NULL, 'Tuổi (Đơn vị đếm)', 'sal', '저는 스무 살입니다.', 'Tôi 20 tuổi.', 'a14b3d20-e757-4208-91f9-d29120bfedc3', '2026-01-05T17:07:58.351Z', '2026-01-05T17:07:58.351Z'),
  ('f8575bb1-67db-47d8-b321-7c6860ce1b5c', '저', NULL, 'Tôi (Kính ngữ)', 'jeo', '저는 학생입니다.', 'Tôi là học sinh.', 'a14b3d20-e757-4208-91f9-d29120bfedc3', '2026-01-05T17:07:58.351Z', '2026-01-05T17:07:58.351Z'),
  ('3797f718-4410-4e29-8a59-9973447c4e97', '나', NULL, 'Tôi (Thân mật)', 'na', '나는 한국어를 공부해요.', 'Tôi học tiếng Hàn.', 'a14b3d20-e757-4208-91f9-d29120bfedc3', '2026-01-05T17:07:58.351Z', '2026-01-05T17:07:58.351Z'),
  ('69d20c42-cff2-479a-a274-355da97e0938', '제', NULL, 'Của tôi (Kính ngữ)', 'je', '제 이름은 김민준입니다.', 'Tên của tôi là Kim Minjun.', 'a14b3d20-e757-4208-91f9-d29120bfedc3', '2026-01-05T17:07:58.351Z', '2026-01-05T17:07:58.351Z'),
  ('91e9592c-9d8a-4e4f-80eb-5ca322ed4eaf', '입니다', NULL, 'Là...', 'imnida', '저는 베트남 사람입니다.', 'Tôi là người Việt Nam.', 'a14b3d20-e757-4208-91f9-d29120bfedc3', '2026-01-05T17:07:58.351Z', '2026-01-05T17:07:58.351Z'),
  ('0f4a4c1e-2f6b-4ee7-90ae-42704ee7dfe0', '무엇', '何', 'Cái gì', 'mu-eot', '직업이 무엇이에요?', 'Nghề nghiệp của bạn là gì?', 'a14b3d20-e757-4208-91f9-d29120bfedc3', '2026-01-05T17:07:58.351Z', '2026-01-05T17:07:58.351Z'),
  ('b5d3fdcb-4bc3-4d6b-b991-7fa9f5a41977', '몇', NULL, 'Mấy, bao nhiêu', 'myeot', '지금 몇 시예요?', 'Bây giờ là mấy giờ?', 'a14b3d20-e757-4208-91f9-d29120bfedc3', '2026-01-05T17:07:58.351Z', '2026-01-05T17:07:58.351Z'),
  ('99ef4aaf-89a9-471d-b986-163f173ba123', '국적', '國籍', 'Quốc tịch', 'gukjeok', '국적이 어디예요?', 'Quốc tịch của bạn là gì?', '32f7e382-f38b-4213-a02b-618af66dc78d', '2026-01-05T17:07:58.351Z', '2026-01-05T17:07:58.351Z'),
  ('0d97189d-4345-4034-a49b-edd5fb24ddc6', '나라', NULL, 'Đất nước', 'nara', '어느 나라에서 왔어요?', 'Bạn đến từ đất nước nào?', '32f7e382-f38b-4213-a02b-618af66dc78d', '2026-01-05T17:07:58.351Z', '2026-01-05T17:07:58.351Z'),
  ('cf9e5d40-a04d-427b-9b5b-60301b7e33f0', '사람', NULL, 'Người', 'saram', '저는 한국 사람입니다.', 'Tôi là người Hàn Quốc.', '32f7e382-f38b-4213-a02b-618af66dc78d', '2026-01-05T17:07:58.351Z', '2026-01-05T17:07:58.351Z'),
  ('57bb2350-2c8e-482e-8d1c-e9b1f6841884', '어느', NULL, 'Nào', 'eoneu', '어느 식당이 맛있어요?', 'Nhà hàng nào ngon?', '32f7e382-f38b-4213-a02b-618af66dc78d', '2026-01-05T17:07:58.351Z', '2026-01-05T17:07:58.351Z'),
  ('cf3cffb3-bce6-4d24-882e-a02d222178ba', '한국', '韓國', 'Hàn Quốc', 'hanguk', '저는 한국에 가고 싶어요.', 'Tôi muốn đi Hàn Quốc.', '32f7e382-f38b-4213-a02b-618af66dc78d', '2026-01-05T17:07:58.351Z', '2026-01-05T17:07:58.351Z'),
  ('ece6b637-f081-4d26-a9aa-d42610189b49', '베트남', NULL, 'Việt Nam', 'beteunam', '제 고향은 베트남입니다.', 'Quê hương của tôi là Việt Nam.', '32f7e382-f38b-4213-a02b-618af66dc78d', '2026-01-05T17:07:58.351Z', '2026-01-05T17:07:58.351Z'),
  ('042b5e4d-fffe-4c57-8b48-07589faceb27', '미국', '美國', 'Mỹ', 'miguk', '그 친구는 미국에서 왔어요.', 'Người bạn đó đến từ Mỹ.', '32f7e382-f38b-4213-a02b-618af66dc78d', '2026-01-05T17:07:58.351Z', '2026-01-05T17:07:58.351Z'),
  ('1590722d-c6bf-4a3a-8763-3a102bb8e788', '일본', '日本', 'Nhật Bản', 'ilbon', '일본 음식을 좋아해요.', 'Tôi thích đồ ăn Nhật Bản.', '32f7e382-f38b-4213-a02b-618af66dc78d', '2026-01-05T17:07:58.351Z', '2026-01-05T17:07:58.351Z'),
  ('2c5ede1d-f865-4b70-b9ec-2ec574979adf', '중국', '中國', 'Trung Quốc', 'jungguk', '저는 중국어를 공부해요.', 'Tôi học tiếng Trung Quốc.', '32f7e382-f38b-4213-a02b-618af66dc78d', '2026-01-05T17:07:58.351Z', '2026-01-05T17:07:58.351Z'),
  ('ab9c85e6-2183-439f-92ea-521111b34075', '한국어', '韓國語', 'Tiếng Hàn', 'hangugeo', '한국어를 잘하고 싶어요.', 'Tôi muốn giỏi tiếng Hàn.', '32f7e382-f38b-4213-a02b-618af66dc78d', '2026-01-05T17:07:58.351Z', '2026-01-05T17:07:58.351Z'),
  ('a0f79a07-b8c5-4740-96f4-33955e9976c1', '직업', '職業', 'Nghề nghiệp', 'jigeop', '직업이 뭐예요?', 'Nghề nghiệp của bạn là gì?', 'cc00fa6c-393b-4e4e-902d-1e398d119b9a', '2026-01-05T17:07:58.351Z', '2026-01-05T17:07:58.351Z'),
  ('a30a8620-d87b-4c7b-a03d-2e942b0e375d', '학생', '學生', 'Học sinh, sinh viên', 'haksaeng', '저는 대학생입니다.', 'Tôi là sinh viên đại học.', 'cc00fa6c-393b-4e4e-902d-1e398d119b9a', '2026-01-05T17:07:58.351Z', '2026-01-05T17:07:58.351Z'),
  ('092ada5e-6e67-4ce1-b7ac-5083560e0172', '선생님', '先生님', 'Giáo viên', 'seonsaengnim', '우리 선생님은 정말 친절해요.', 'Giáo viên của chúng tôi rất thân thiện.', 'cc00fa6c-393b-4e4e-902d-1e398d119b9a', '2026-01-05T17:07:58.351Z', '2026-01-05T17:07:58.351Z'),
  ('2114b6fc-d270-432d-889c-1476d431df26', '회사원', '會社員', 'Nhân viên công ty', 'hoesawon', '제 친구는 회사원이에요.', 'Bạn tôi là nhân viên công ty.', 'cc00fa6c-393b-4e4e-902d-1e398d119b9a', '2026-01-05T17:07:58.351Z', '2026-01-05T17:07:58.351Z'),
  ('691c47eb-767f-4403-862f-324ed7a8e57e', '의사', '醫師', 'Bác sĩ', 'uisa', '아파서 의사를 만나러 갔어요.', 'Vì bị ốm nên tôi đã đi gặp bác sĩ.', 'cc00fa6c-393b-4e4e-902d-1e398d119b9a', '2026-01-05T17:07:58.351Z', '2026-01-05T17:07:58.351Z'),
  ('af28c30f-0ae1-4f85-95c0-526bbae9077d', '간호사', '看護師', 'Y tá', 'ganhosa', '간호사가 주사를 놓았어요.', 'Y tá đã tiêm cho tôi.', 'cc00fa6c-393b-4e4e-902d-1e398d119b9a', '2026-01-05T17:07:58.351Z', '2026-01-05T17:07:58.351Z'),
  ('8d03d3d8-2763-42cc-bdc7-387d7295a13f', '경찰', '警察', 'Cảnh sát', 'gyeongchal', '경찰이 교통정리를 해요.', 'Cảnh sát đang điều tiết giao thông.', 'cc00fa6c-393b-4e4e-902d-1e398d119b9a', '2026-01-05T17:07:58.351Z', '2026-01-05T17:07:58.351Z'),
  ('4ff3c12e-c922-49a1-8c85-33ca0a5dbca8', '요리사', '料理師', 'Đầu bếp', 'yorisa', '제 꿈은 요리사입니다.', 'Ước mơ của tôi là trở thành đầu bếp.', 'cc00fa6c-393b-4e4e-902d-1e398d119b9a', '2026-01-05T17:07:58.351Z', '2026-01-05T17:07:58.351Z'),
  ('205e0ae8-89e9-4ce5-a5ff-8be3b466c112', '가수', '歌手', 'Ca sĩ', 'gasu', '그 가수는 노래를 아주 잘해요.', 'Ca sĩ đó hát rất hay.', 'cc00fa6c-393b-4e4e-902d-1e398d119b9a', '2026-01-05T17:07:58.351Z', '2026-01-05T17:07:58.351Z'),
  ('c25f1758-b2ba-45b4-ba00-7beb0f37bb53', '주부', '主婦', 'Nội trợ', 'jubu', '우리 어머니는 주부입니다.', 'Mẹ của chúng tôi là nội trợ.', 'cc00fa6c-393b-4e4e-902d-1e398d119b9a', '2026-01-05T17:07:58.351Z', '2026-01-05T17:07:58.351Z');

-- Quiz Questions
INSERT INTO "QuizQuestion" (id, question, "questionTranslation", options, "correctAnswer", explanation, "VocabularyId", "createdAt", "updatedAt") VALUES ('20b69eef-f434-46ba-84e1-832d8a2c2e28', '처음 만났을 때 무엇이라고 말하나요?', 'Khi gặp lần đầu người ta nói gì?', ARRAY['안녕히 가세요', '안녕하세요', '감사합니다', '죄송합니다']::text[], '안녕하세요', '안녕하세요 là lời chào phổ biến nhất trong tiếng Hàn, dùng khi gặp gỡ ai đó lần đầu hoặc trong tình huống trang trọng.', 'd5115eee-d508-4a44-b581-9635c9c81f3c', '2026-01-05T17:07:58.351Z', '2026-01-05T17:07:58.351Z'),
  ('ce51a8f9-3a5b-4035-843b-88a690602e4f', '선생님께 인사할 때 적절한 말은?', 'Khi chào thầy/cô, câu nào phù hợp?', ARRAY['안녕', '안녕하세요', '잘 가', '또 봐']::text[], '안녕하세요', '안녕하세요 là hình thức lịch sự, trang trọng để chào hỏi, phù hợp khi nói với thầy cô hoặc người lớn tuổi.', 'd5115eee-d508-4a44-b581-9635c9c81f3c', '2026-01-05T17:07:58.351Z', '2026-01-05T17:07:58.351Z'),
  ('9500f500-b48d-4645-acb2-12ed1a449c28', '친구가 집에 갈 때 뭐라고 하나요?', 'Khi bạn về nhà, chúng ta nói gì?', ARRAY['안녕하세요', '안녕히 가세요', '안녕히 계세요', '어서 오세요']::text[], '안녕히 가세요', '안녕히 가세요 được dùng khi chào tạm biệt người đang rời đi, trong khi bạn ở lại.', '4e0ac674-2a0a-4af3-bf70-2e2c7a07381f', '2026-01-05T17:07:58.351Z', '2026-01-05T17:07:58.351Z'),
  ('a235a49d-935f-4e65-bea0-99c572eda9a4', '손님이 가게를 나갈 때 직원이 하는 말은?', 'Khi khách rời cửa hàng, nhân viên nói gì?', ARRAY['안녕히 계세요', '안녕히 가세요', '어서 오세요', '감사합니다']::text[], '안녕히 가세요', '안녕히 가세요 là lời chào lịch sự dành cho người đang rời đi, thường dùng trong cửa hàng, nhà hàng hoặc khi tiễn khách.', '4e0ac674-2a0a-4af3-bf70-2e2c7a07381f', '2026-01-05T17:07:58.351Z', '2026-01-05T17:07:58.351Z'),
  ('01c12adb-abdc-45de-a4ae-aa90e1e2d5b3', '회사에서 먼저 퇴근할 때 동료에게 뭐라고 하나요?', 'Khi rời công ty trước đồng nghiệp, bạn nói gì?', ARRAY['안녕히 가세요', '안녕히 계세요', '안녕하세요', '수고하세요']::text[], '안녕히 계세요', '안녕히 계세요 được dùng khi bạn rời đi và người kia ở lại, ví dụ khi bạn về trước đồng nghiệp.', 'c576cbc7-e4a7-40c8-809f-30de1750e50d', '2026-01-05T17:07:58.351Z', '2026-01-05T17:07:58.351Z'),
  ('dc4e28d9-172e-4fdd-b385-a553f8df412a', '식당에서 계산하고 나올 때 주인에게 하는 말은?', 'Khi thanh toán và rời nhà hàng, bạn nói với chủ quán gì?', ARRAY['안녕하세요', '안녕히 계세요', '잘 먹었습니다', '다녀오겠습니다']::text[], '안녕히 계세요', '안녕히 계세요 là lời chào phù hợp khi khách hàng rời đi và chủ quán vẫn ở lại quán.', 'c576cbc7-e4a7-40c8-809f-30de1750e50d', '2026-01-05T17:07:58.351Z', '2026-01-05T17:07:58.351Z'),
  ('6dab5f5c-a84f-4f6f-90f4-65c52d26b7bf', '선생님께 선물을 받았을 때 뭐라고 하나요?', 'Khi nhận quà từ thầy/cô, bạn nói gì?', ARRAY['죄송합니다', '감사합니다', '네', '아니요']::text[], '감사합니다', '감사합니다 là cách nói cảm ơn trang trọng, lịch sự trong tiếng Hàn, dùng trong các tình huống chính thức hoặc với người lớn tuổi.', 'bd50d9c0-a08c-49a2-8932-96415da44b08', '2026-01-05T17:07:58.351Z', '2026-01-05T17:07:58.351Z'),
  ('8c09e02c-2656-413f-9ee9-7b0afed8e041', '누군가 도움을 준 후에 하는 말은?', 'Sau khi ai đó giúp đỡ, bạn nói gì?', ARRAY['죄송합니다', '괜찮아요', '감사합니다', '만나서 반갑습니다']::text[], '감사합니다', '감사합니다 dùng để bày tỏ lòng biết ơn khi nhận được sự giúp đỡ từ người khác.', 'bd50d9c0-a08c-49a2-8932-96415da44b08', '2026-01-05T17:07:58.351Z', '2026-01-05T17:07:58.351Z'),
  ('f716368d-dbd0-42e7-ab86-08b43cfab391', '지하철에서 누군가의 발을 밟았을 때 뭐라고 하나요?', 'Khi vô tình dẫm lên chân ai đó trên tàu điện ngầm, bạn nói gì?', ARRAY['감사합니다', '죄송합니다', '네', '안녕하세요']::text[], '죄송합니다', '죄송합니다 là cách xin lỗi trang trọng, dùng khi mắc lỗi hoặc gây ra sự bất tiện cho người khác.', '417520ea-d083-4c21-9113-81182c839d2b', '2026-01-05T17:07:58.351Z', '2026-01-05T17:07:58.351Z'),
  ('27bcfece-5bd3-44f2-841d-f0c50cb8792e', '약속에 늦었을 때 가장 먼저 해야 할 말은?', 'Khi đến muộn cuộc hẹn, điều đầu tiên bạn nên nói là gì?', ARRAY['안녕하세요', '감사합니다', '죄송합니다', '만나서 반갑습니다']::text[], '죄송합니다', '죄송합니다 là cách xin lỗi thích hợp khi bạn đến muộn hoặc vi phạm một quy tắc xã hội.', '417520ea-d083-4c21-9113-81182c839d2b', '2026-01-05T17:07:58.351Z', '2026-01-05T17:07:58.351Z'),
  ('eb82788d-1265-4042-91d4-42ac4fef7fa7', '질문에 긍정적으로 대답할 때 하는 말은?', 'Khi trả lời khẳng định một câu hỏi, bạn nói gì?', ARRAY['아니요', '네', '죄송합니다', '감사합니다']::text[], '네', '네 là cách nói ''vâng'', ''dạ'' hoặc ''đúng vậy'' trong tiếng Hàn, dùng để đồng ý hoặc xác nhận điều gì đó.', '4e259b64-c559-4fc4-b612-b0dff38eb945', '2026-01-05T17:07:58.351Z', '2026-01-05T17:07:58.351Z'),
  ('8023b30b-a9e2-472a-b1b3-5acbbb858587', '"커피 마실래요?" 라고 물었을 때 마시고 싶다면?', 'Khi được hỏi "Bạn có muốn uống cà phê không?" và bạn muốn uống, bạn trả lời thế nào?', ARRAY['아니요', '네', '괜찮아요', '죄송합니다']::text[], '네', '네 dùng để trả lời đồng ý hoặc chấp nhận một lời đề nghị, mời mọc.', '4e259b64-c559-4fc4-b612-b0dff38eb945', '2026-01-05T17:07:58.351Z', '2026-01-05T17:07:58.351Z'),
  ('204560ee-199d-4cbc-83cc-81d96d0c4668', '질문에 부정적으로 대답할 때 하는 말은?', 'Khi trả lời phủ định một câu hỏi, bạn nói gì?', ARRAY['네', '아니요', '감사합니다', '만나서 반갑습니다']::text[], '아니요', '아니요 là cách nói ''không'' hoặc ''không phải'' trong tiếng Hàn, dùng để từ chối hoặc phủ nhận điều gì đó.', '031f96ec-0e17-4f45-a13f-15a2bf4ec0fd', '2026-01-05T17:07:58.351Z', '2026-01-05T17:07:58.351Z'),
  ('2751c14c-c4ec-4096-bafd-a0b089236a82', '"저 분이 선생님이에요?" 라고 물었을 때 선생님이 아니라면?', 'Khi được hỏi "Người đó có phải là giáo viên không?" và không phải, bạn trả lời thế nào?', ARRAY['네', '아니요', '감사합니다', '죄송합니다']::text[], '아니요', '아니요 dùng để trả lời phủ định khi thông tin không chính xác hoặc khi bạn không đồng ý.', '031f96ec-0e17-4f45-a13f-15a2bf4ec0fd', '2026-01-05T17:07:58.351Z', '2026-01-05T17:07:58.351Z'),
  ('05527118-7f77-45a0-b9b4-bae2dce2bc31', '누군가 실수했을 때 화내지 않고 이해해준다는 뜻으로 하는 말은?', 'Khi ai đó mắc lỗi và bạn muốn nói rằng bạn không giận và thông cảm, bạn nói gì?', ARRAY['죄송합니다', '감사합니다', '괜찮아요', '안녕하세요']::text[], '괜찮아요', '괜찮아요 có nghĩa là ''không sao đâu'', ''ổn mà'', dùng để trấn an người khác hoặc cho biết mọi thứ vẫn ổn.', '047569b1-3bf5-46db-a308-0c8625fa54ef', '2026-01-05T17:07:58.351Z', '2026-01-05T17:07:58.351Z'),
  ('4a75011e-10bd-40bd-b237-864986a43b6d', '"미안해요" 라고 했을 때 "______" 하고 대답할 수 있어요.', 'Khi ai đó nói "Xin lỗi", bạn có thể trả lời "______".', ARRAY['감사합니다', '안녕하세요', '괜찮아요', '만나서 반갑습니다']::text[], '괜찮아요', '괜찮아요 là câu trả lời thông dụng khi ai đó xin lỗi, thể hiện sự tha thứ hoặc không có vấn đề gì.', '047569b1-3bf5-46db-a308-0c8625fa54ef', '2026-01-05T17:07:58.351Z', '2026-01-05T17:07:58.351Z'),
  ('8b346208-995c-4431-a86f-4cdb8839fba5', '새로운 친구를 만났을 때 기쁨을 표현하는 말은?', 'Khi gặp một người bạn mới, câu nào thể hiện sự vui mừng?', ARRAY['안녕히 가세요', '만나서 반갑습니다', '죄송합니다', '괜찮아요']::text[], '만나서 반갑습니다', '만나서 반갑습니다 nghĩa là ''rất vui được gặp bạn'', dùng để bày tỏ niềm vui khi gặp ai đó lần đầu.', 'a662839d-de9f-4673-9198-c2754becbc70', '2026-01-05T17:07:58.351Z', '2026-01-05T17:07:58.351Z'),
  ('2411b6e5-9192-41d3-bc6f-58b8a4937f1d', '첫 인사 후에 추가로 할 수 있는 말은?', 'Sau lời chào đầu tiên, bạn có thể nói thêm gì?', ARRAY['안녕히 계세요', '만나서 반갑습니다', '감사합니다', '죄송합니다']::text[], '만나서 반갑습니다', '만나서 반갑습니다 thường được nói sau 안녕하세요 khi gặp ai đó lần đầu, thể hiện sự thân thiện.', 'a662839d-de9f-4673-9198-c2754becbc70', '2026-01-05T17:07:58.351Z', '2026-01-05T17:07:58.351Z'),
  ('ff5241e7-14d9-4f57-8875-03a6b37c76ad', '새로운 친구에게 질문할 때 "______이 뭐예요?" 라고 물어요.', 'Khi hỏi một người bạn mới, chúng ta nói "______ là gì?"', ARRAY['나이', '이름', '전화번호', '주소']::text[], '이름', '이름 có nghĩa là ''tên'', dùng để hỏi tên của người khác trong tình huống thông thường.', '878cec59-e4b7-42be-b551-844ca2ff687c', '2026-01-05T17:07:58.351Z', '2026-01-05T17:07:58.351Z'),
  ('3665555a-b5e0-4df0-8131-a544a2ac25c1', '제 ______은 이지영입니다.', '______ của tôi là Lee Ji-young.', ARRAY['나이', '이름', '직업', '국적']::text[], '이름', '이름 dùng khi giới thiệu tên của bản thân trong các tình huống giao tiếp.', '878cec59-e4b7-42be-b551-844ca2ff687c', '2026-01-05T17:07:58.351Z', '2026-01-05T17:07:58.351Z'),
  ('078d8cb8-ddd2-4481-bdc3-10c0e90c356d', '어르신께 공손하게 물을 때 "______이 어떻게 되세요?" 라고 합니다.', 'Khi hỏi lịch sự với người lớn tuổi, chúng ta nói "______ là gì ạ?"', ARRAY['이름', '성함', '호칭', '별명']::text[], '성함', '성함 là kính ngữ của 이름, dùng để hỏi tên một cách trang trọng với người lớn tuổi hoặc trong tình huống chính thức.', 'd0ce1612-8017-4ddd-9ca1-e69c83fecfc3', '2026-01-05T17:07:58.351Z', '2026-01-05T17:07:58.351Z'),
  ('63dcecc6-51f6-49a0-a54f-f56b3215f188', '회사 면접에서 "______이 어떻게 되시나요?" 라고 물을 수 있어요.', 'Trong phỏng vấn công ty, có thể hỏi "______ của anh/chị là gì?"', ARRAY['이름', '성함', '나이', '직급']::text[], '성함', '성함 được sử dụng trong các tình huống trang trọng, chuyên nghiệp như phỏng vấn, gặp gỡ đối tác.', 'd0ce1612-8017-4ddd-9ca1-e69c83fecfc3', '2026-01-05T17:07:58.351Z', '2026-01-05T17:07:58.351Z'),
  ('048f8b3c-afff-4f82-a250-453c4cba64a8', '"______가 몇 살이에요?" 라고 물으면 상대방의 연령을 묻는 거예요.', 'Khi hỏi "______ bao nhiêu tuổi?" là đang hỏi tuổi của đối phương.', ARRAY['이름', '나이', '키', '몸무게']::text[], '나이', '나이 có nghĩa là ''tuổi'', dùng khi hỏi về độ tuổi của một người.', '0d9c3687-177b-4702-97dc-4d62bb2c2567', '2026-01-05T17:07:58.351Z', '2026-01-05T17:07:58.351Z'),
  ('9eee464f-8ab1-4386-9f57-3cb4c800160d', '어린 아이의 ______를 물을 때는 조심스럽게 해야 해요.', 'Khi hỏi ______ của trẻ nhỏ, cần phải cẩn thận.', ARRAY['이름', '나이', '성별', '취미']::text[], '나이', '나이 là chủ đề nhạy cảm trong một số văn hóa, đặc biệt khi hỏi người lớn tuổi hoặc trong môi trường chuyên nghiệp.', '0d9c3687-177b-4702-97dc-4d62bb2c2567', '2026-01-05T17:07:58.351Z', '2026-01-05T17:07:58.351Z'),
  ('ffe37ca3-574b-4507-899e-4f2a9b427c97', '저는 스물한 ______입니다.', 'Tôi 21 ______.', ARRAY['년', '살', '개월', '월']::text[], '살', '살 là đơn vị đếm tuổi trong tiếng Hàn, luôn đứng sau số từ để chỉ số tuổi.', '592218d8-574c-4a6f-91cd-b3ef690e3135', '2026-01-05T17:07:58.351Z', '2026-01-05T17:07:58.351Z'),
  ('863945ef-7ba6-43c1-a4f6-03b9e31c98bd', '아기가 열두 ______이 되었어요.', 'Em bé đã được 12 ______ rồi.', ARRAY['살', '개월', '년', '주']::text[], '살', '살 dùng để đếm tuổi của người, động từ chính là ''되다'' (trở thành) hoặc ''이다'' (là).', '592218d8-574c-4a6f-91cd-b3ef690e3135', '2026-01-05T17:07:58.351Z', '2026-01-05T17:07:58.351Z'),
  ('cdbb32e5-fc41-47b6-b3bc-85a8c302434d', '선생님께 말할 때 "______는 한국어를 배우고 있습니다." 라고 말해요.', 'Khi nói với thầy/cô, chúng ta nói "______ đang học tiếng Hàn."', ARRAY['나', '저', '우리', '너']::text[], '저', '저 là đại từ nhân xưng ngôi thứ nhất số ít dạng kính ngữ, dùng trong tình huống trang trọng hoặc với người lớn tuổi.', 'f8575bb1-67db-47d8-b321-7c6860ce1b5c', '2026-01-05T17:07:58.351Z', '2026-01-05T17:07:58.351Z'),
  ('adf7f466-1607-45e1-9c9a-661e3795d2da', '면접에서 자기소개할 때 "______는 지원자 김민수입니다." 라고 시작해요.', 'Khi giới thiệu bản thân trong phỏng vấn, chúng ta bắt đầu bằng "______ là thí sinh Kim Minsoo."', ARRAY['나', '저', '제가', '저희']::text[], '저', '저 được sử dụng trong các tình huống chính thức, lịch sự như phỏng vấn, thuyết trình, gặp gỡ đối tác.', 'f8575bb1-67db-47d8-b321-7c6860ce1b5c', '2026-01-05T17:07:58.351Z', '2026-01-05T17:07:58.351Z'),
  ('036972c5-d2a6-4662-a01a-7954c6379a38', '친구에게 말할 때 "______는 내일 영화 보러 갈 거야." 라고 해요.', 'Khi nói với bạn bè, chúng ta nói "______ sẽ đi xem phim vào ngày mai."', ARRAY['저', '나', '제가', '저희']::text[], '나', '나 là đại từ nhân xưng ngôi thứ nhất số ít dạng thân mật, dùng với bạn bè, người nhỏ tuổi hơn hoặc trong tình huống không trang trọng.', '3797f718-4410-4e29-8a59-9973447c4e97', '2026-01-05T17:07:58.351Z', '2026-01-05T17:07:58.351Z'),
  ('bab5372f-7fb8-4de2-8328-0ed8ae5a4b80', '일기장에 "오늘 ______는 학교에 갔다." 라고 쓸 수 있어요.', 'Có thể viết trong nhật ký "Hôm nay ______ đã đi học."', ARRAY['저', '나', '제', '저의']::text[], '나', '나 thường được sử dụng trong văn viết thân mật, nhật ký, hoặc khi nói chuyện với chính mình.', '3797f718-4410-4e29-8a59-9973447c4e97', '2026-01-05T17:07:58.351Z', '2026-01-05T17:07:58.351Z'),
  ('0f1a3ac3-3c0f-4b7a-ac88-07f71ec2e2e7', '"______ 전화번호는 010-1234-5678입니다." 라고 말할 수 있어요.', 'Có thể nói "______ số điện thoại là 010-1234-5678."', ARRAY['나의', '저의', '제', '내']::text[], '제', '제 là hình thức rút gọn của 저의 (của tôi), dạng kính ngữ, thường được sử dụng trong giao tiếp hàng ngày.', '69d20c42-cff2-479a-a274-355da97e0938', '2026-01-05T17:07:58.351Z', '2026-01-05T17:07:58.351Z'),
  ('5115306c-f76a-411e-a905-dfe8d32551d2', '공식 자리에서 "______ 소속은 한국대학교입니다." 라고 소개해요.', 'Trong sự kiện chính thức, chúng ta giới thiệu "______ trường là Đại học Hàn Quốc."', ARRAY['내', '나의', '제', '저희']::text[], '제', '제 được sử dụng trong các tình huống trang trọng để nói về những thứ thuộc sở hữu của bản thân.', '69d20c42-cff2-479a-a274-355da97e0938', '2026-01-05T17:07:58.351Z', '2026-01-05T17:07:58.351Z'),
  ('fa56b26d-65e9-41c0-9d51-f3c509ff5be6', '자기소개할 때 "저는 회사원______." 이라고 말해요.', 'Khi giới thiệu bản thân, chúng ta nói "Tôi là nhân viên công ty______."', ARRAY['입니다', '이에요', '입니다', '이야']::text[], '입니다', '입니다 là đuôi kết thúc câu trang trọng, có nghĩa ''là'', dùng với danh từ để giới thiệu nghề nghiệp, quốc tịch, v.v.', '91e9592c-9d8a-4e4f-80eb-5ca322ed4eaf', '2026-01-05T17:07:58.351Z', '2026-01-05T17:07:58.351Z'),
  ('633d486f-c7d3-4544-b123-1d1aa13251a9', '이분은 우리 회사 사장님______.', 'Vị này là giám đốc công ty chúng tôi______.', ARRAY['입니다', '이에요', '입니다', '야']::text[], '입니다', '입니다 được sử dụng trong các tình huống trang trọng để giới thiệu người khác hoặc chức danh của họ.', '91e9592c-9d8a-4e4f-80eb-5ca322ed4eaf', '2026-01-05T17:07:58.351Z', '2026-01-05T17:07:58.351Z'),
  ('bd5ec44e-95a8-473f-a2a9-aaf10c1ccefa', '"이것은 ______입니까?" 라고 물을 때는 사물의 정체를 묻는 거예요.', 'Khi hỏi "Cái này là ______?" là đang hỏi về bản chất của vật đó.', ARRAY['누구', '무엇', '어디', '언제']::text[], '무엇', '무엇 có nghĩa là ''cái gì'', dùng để hỏi về sự vật, sự việc, khái niệm.', '0f4a4c1e-2f6b-4ee7-90ae-42704ee7dfe0', '2026-01-05T17:07:58.351Z', '2026-01-05T17:07:58.351Z'),
  ('540ffd91-c100-4f56-a16e-598fcd2982ef', '생일 선물로 ______을/를 받고 싶어요?', 'Bạn muốn nhận ______ như quà sinh nhật?', ARRAY['누구', '무엇', '어디', '왜']::text[], '무엇', '무엇 dùng để hỏi về đồ vật, món quà, hoặc thứ cụ thể mà không phải là người.', '0f4a4c1e-2f6b-4ee7-90ae-42704ee7dfe0', '2026-01-05T17:07:58.351Z', '2026-01-05T17:07:58.351Z'),
  ('ef54d493-8fd0-43fb-b613-b51e1bbbe0ac', '"______ 명이 왔어요?" 라고 물으면 인원수를 묻는 거예요.', 'Khi hỏi "Đã đến ______ người?" là đang hỏi về số lượng người.', ARRAY['무슨', '어떤', '몇', '무엇']::text[], '몇', '몇 có nghĩa là ''mấy'', ''bao nhiêu'', dùng để hỏi về số lượng, thường đi kèm với danh từ đếm được.', 'b5d3fdcb-4bc3-4d6b-b991-7fa9f5a41977', '2026-01-05T17:07:58.351Z', '2026-01-05T17:07:58.351Z'),
  ('924205b1-4aa9-4a17-8af9-011f8f7b7731', '한국어를 ______ 년 동안 공부했어요?', 'Bạn đã học tiếng Hàn được ______ năm?', ARRAY['무슨', '어떤', '몇', '무엇']::text[], '몇', '몇 dùng để hỏi về số lượng thời gian, kết hợp với đơn vị thời gian như 년 (năm), 달 (tháng), 시 (giờ).', 'b5d3fdcb-4bc3-4d6b-b991-7fa9f5a41977', '2026-01-05T17:07:58.351Z', '2026-01-05T17:07:58.351Z'),
  ('bbb42eb0-b567-4291-9af1-5a88c8413911', '여권에 적혀 있는 중요한 정보 중 하나는 ______입니다.', 'Một trong những thông tin quan trọng ghi trên hộ chiếu là ______.', ARRAY['이름', '국적', '나이', '주소']::text[], '국적', '국적 có nghĩa là ''quốc tịch'', là thông tin quan trọng trên giấy tờ tùy thân như hộ chiếu.', '99ef4aaf-89a9-471d-b986-163f173ba123', '2026-01-05T17:07:58.351Z', '2026-01-05T17:07:58.351Z'),
  ('934a07f9-783a-4040-8f6e-cdf5c9ac3f84', '외국인 등록증에는 ______이 명시되어 있어요.', 'Trên thẻ đăng ký người nước ngoài có ghi rõ ______.', ARRAY['직업', '국적', '취미', '혈액형']::text[], '국적', '국적 là thông tin bắt buộc trên các giấy tờ chính thức của người nước ngoài sinh sống tại Hàn Quốc.', '99ef4aaf-89a9-471d-b986-163f173ba123', '2026-01-05T17:07:58.351Z', '2026-01-05T17:07:58.351Z'),
  ('de85710e-0705-4bfa-a7b3-af0b451eeb9d', '여행을 좋아하는 사람은 많은 ______를 방문해요.', 'Người thích du lịch thường đến thăm nhiều ______.', ARRAY['도시', '나라', '마을', '지역']::text[], '나라', '나라 có nghĩa là ''đất nước'', dùng để chỉ một quốc gia có chủ quyền.', '0d97189d-4345-4034-a49b-edd5fb24ddc6', '2026-01-05T17:07:58.351Z', '2026-01-05T17:07:58.351Z'),
  ('48f4f29d-dd8a-47b2-83ec-f892d3676538', '올림픽에는 세계 각 ______의 선수들이 참가해요.', 'Trong Olympic có các vận động viên từ các ______ khác nhau trên thế giới tham gia.', ARRAY['도시', '나라', '마을', '지역']::text[], '나라', '나라 được dùng trong bối cảnh quốc tế như thể thao, chính trị, ngoại giao để chỉ các quốc gia.', '0d97189d-4345-4034-a49b-edd5fb24ddc6', '2026-01-05T17:07:58.351Z', '2026-01-05T17:07:58.351Z'),
  ('e331900e-d56c-4fb2-8e43-87a20916fb7a', '저는 외국 ______와 친구가 되었어요.', 'Tôi đã kết bạn với một người ______ nước ngoài.', ARRAY['사람', '동물', '식물', '물건']::text[], '사람', '사람 có nghĩa là ''người'', dùng để chỉ con người nói chung hoặc một cá nhân cụ thể.', 'cf9e5d40-a04d-427b-9b5b-60301b7e33f0', '2026-01-05T17:07:58.351Z', '2026-01-05T17:07:58.351Z'),
  ('efb51a4a-d874-40cd-8e09-d03fe8e546cd', '이 회사에는 많은 외국인 ______들이 근무하고 있어요.', 'Có nhiều ______ người nước ngoài đang làm việc tại công ty này.', ARRAY['사람', '기계', '가구', '차량']::text[], '사람', '사람들 là số nhiều của 사람, dùng để chỉ nhiều người cùng một lúc.', 'cf9e5d40-a04d-427b-9b5b-60301b7e33f0', '2026-01-05T17:07:58.351Z', '2026-01-05T17:07:58.351Z'),
  ('f2eb2565-ac8c-4b08-985b-ab54d52d6e2b', '"______ 영화를 볼까요?" 라고 물으면 선택을 요청하는 거예요.', 'Khi hỏi "Chúng ta xem phim ______?" là đang yêu cầu lựa chọn.', ARRAY['무슨', '어느', '어떤', '몇']::text[], '어느', '어느 có nghĩa là ''nào'', dùng để hỏi về sự lựa chọn giữa một số ít các lựa chọn cụ thể.', '57bb2350-2c8e-482e-8d1c-e9b1f6841884', '2026-01-05T17:07:58.351Z', '2026-01-05T17:07:58.351Z'),
  ('82753037-1e47-4c39-b5f1-7761ea142356', '"______ 버스를 타야 해요?" 라고 물으면 특정 버스를 찾는 거예요.', 'Khi hỏi "Tôi nên đi xe buýt ______?" là đang tìm kiếm một xe buýt cụ thể.', ARRAY['무슨', '어느', '어떤', '왜']::text[], '어느', '어느 thường được dùng khi có các lựa chọn hạn chế và cần xác định một cái cụ thể trong số đó.', '57bb2350-2c8e-482e-8d1c-e9b1f6841884', '2026-01-05T17:07:58.351Z', '2026-01-05T17:07:58.351Z'),
  ('d4b97592-d065-4471-8770-86fdc1a1bb96', '______ 드라마를 보면서 한국어를 배우는 사람이 많아요.', 'Có nhiều người học tiếng Hàn bằng cách xem phim truyền hình ______.', ARRAY['한국', '미국', '일본', '중국']::text[], '한국', '한국 là tên gọi của đất nước Hàn Quốc, thường được dùng như tính từ để chỉ những thứ thuộc về Hàn Quốc.', 'cf3cffb3-bce6-4d24-882e-a02d222178ba', '2026-01-05T17:07:58.351Z', '2026-01-05T17:07:58.351Z'),
  ('73e599c2-a6a8-474b-b80a-aaa1ce99c43a', '내년에 ______ 여행을 계획하고 있어요.', 'Tôi đang lên kế hoạch đi du lịch ______ vào năm sau.', ARRAY['한국', '베트남', '태국', '필리핀']::text[], '한국', '한국 thường được sử dụng trước danh từ để tạo thành cụm danh từ như 한국 여행 (du lịch Hàn Quốc), 한국 음식 (đồ ăn Hàn Quốc).', 'cf3cffb3-bce6-4d24-882e-a02d222178ba', '2026-01-05T17:07:58.351Z', '2026-01-05T17:07:58.351Z'),
  ('35f4b73a-7696-4cc0-bc80-bf8a25cf2867', '______ 음식 중에서 가장 좋아하는 것은 뭐예요?', 'Trong số các món ăn ______, bạn thích nhất món gì?', ARRAY['베트남', '한국', '일본', '중국']::text[], '베트남', '베트남 là tên gọi của đất nước Việt Nam trong tiếng Hàn, có thể dùng như tính từ để mô tả những thứ thuộc về Việt Nam.', 'ece6b637-f081-4d26-a9aa-d42610189b49', '2026-01-05T17:07:58.351Z', '2026-01-05T17:07:58.351Z'),
  ('49d4c7ca-4202-4d0d-80a2-eb6b61ae7c6e', '저는 ______ 친구들과 함께 한국어를 공부해요.', 'Tôi học tiếng Hàn cùng với những người bạn ______.', ARRAY['베트남', '미국', '캐나다', '호주']::text[], '베트남', '베트남 đứng trước danh từ để chỉ những người hoặc vật có nguồn gốc từ Việt Nam.', 'ece6b637-f081-4d26-a9aa-d42610189b49', '2026-01-05T17:07:58.351Z', '2026-01-05T17:07:58.351Z'),
  ('609bcbcc-e864-4894-9673-f6fa4e989b67', '______ 영화는 전 세계에서 인기가 많아요.', 'Phim ______ rất nổi tiếng trên toàn thế giới.', ARRAY['미국', '한국', '프랑스', '인도']::text[], '미국', '미국 là tên gọi của Hoa Kỳ (Mỹ) trong tiếng Hàn, thường được dùng để chỉ những sản phẩm văn hóa, kinh tế từ Mỹ.', '042b5e4d-fffe-4c57-8b48-07589faceb27', '2026-01-05T17:07:58.351Z', '2026-01-05T17:07:58.351Z'),
  ('7549f7c8-c6cc-4d76-9eef-dabd58c7bb23', '______ 대학에서 공부하는 것이 꿈이에요.', 'Ước mơ của tôi là được học ở trường đại học ______.', ARRAY['미국', '영국', '독일', '이탈리아']::text[], '미국', '미국 được sử dụng như tính từ trước danh từ để chỉ những thứ liên quan đến nước Mỹ.', '042b5e4d-fffe-4c57-8b48-07589faceb27', '2026-01-05T17:07:58.351Z', '2026-01-05T17:07:58.351Z'),
  ('4d913bcc-81c9-462d-ab8b-d9693fc36c10', '______ 만화는 한국에서도 많이 읽혀요.', 'Truyện tranh ______ cũng được đọc nhiều ở Hàn Quốc.', ARRAY['일본', '중국', '미국', '프랑스']::text[], '일본', '일본 là tên gọi của Nhật Bản trong tiếng Hàn, thường được dùng để mô tả văn hóa, sản phẩm từ Nhật Bản.', '1590722d-c6bf-4a3a-8763-3a102bb8e788', '2026-01-05T17:07:58.351Z', '2026-01-05T17:07:58.351Z'),
  ('fcb80948-aa0f-4c5c-a353-af5b0173423d', '______ 여행을 가려면 비자가 필요해요.', 'Để đi du lịch ______, cần phải có visa.', ARRAY['일본', '태국', '필리핀', '말레이시아']::text[], '일본', '일본 đứng trước danh từ để tạo thành các cụm từ chỉ hoạt động, sự vật liên quan đến Nhật Bản.', '1590722d-c6bf-4a3a-8763-3a102bb8e788', '2026-01-05T17:07:58.351Z', '2026-01-05T17:07:58.351Z'),
  ('53cc00df-0063-48bc-bd24-0178b9935576', '______ 요리는 지역에 따라 매우 다양해요.', 'Ẩm thực ______ rất đa dạng tùy theo vùng miền.', ARRAY['중국', '한국', '베트남', '태국']::text[], '중국', '중국 là tên gọi của Trung Quốc trong tiếng Hàn, dùng để chỉ những thứ có nguồn gốc từ Trung Quốc.', '2c5ede1d-f865-4b70-b9ec-2ec574979adf', '2026-01-05T17:07:58.351Z', '2026-01-05T17:07:58.351Z'),
  ('76512810-c6b6-4ce2-b53e-d820df58be42', '______ 역사는 매우 오래되고 풍부해요.', 'Lịch sử ______ rất lâu đời và phong phú.', ARRAY['중국', '한국', '일본', '몽골']::text[], '중국', '중국 được sử dụng như tính từ để mô tả các khía cạnh văn hóa, xã hội, lịch sử của Trung Quốc.', '2c5ede1d-f865-4b70-b9ec-2ec574979adf', '2026-01-05T17:07:58.351Z', '2026-01-05T17:07:58.351Z'),
  ('c4ad8fe7-8c09-4ae3-b352-78bbe9f235ce', '외국인들이 ______를 배우기 위해 한국에 옵니다.', 'Người nước ngoài đến Hàn Quốc để học ______.', ARRAY['한국어', '영어', '일본어', '중국어']::text[], '한국어', '한국어 có nghĩa là ''tiếng Hàn'', là ngôn ngữ chính thức của Hàn Quốc.', 'ab9c85e6-2183-439f-92ea-521111b34075', '2026-01-05T17:07:58.351Z', '2026-01-05T17:07:58.351Z'),
  ('44bcce0c-43af-4eb6-8763-7336b1641b7d', '______ 수업은 재미있지만 어려워요.', 'Lớp học ______ thú vị nhưng khó.', ARRAY['한국어', '수학', '과학', '역사']::text[], '한국어', '한국어 thường được dùng để chỉ môn học, khóa học về ngôn ngữ Hàn Quốc.', 'ab9c85e6-2183-439f-92ea-521111b34075', '2026-01-05T17:07:58.351Z', '2026-01-05T17:07:58.351Z'),
  ('37b6ad37-3628-4682-b4b2-aa397be31e64', '취업을 하면 사람들은 ______을 가지게 돼요.', 'Khi có việc làm, mọi người sẽ có ______.', ARRAY['직업', '취미', '가족', '친구']::text[], '직업', '직업 có nghĩa là ''nghề nghiệp'', là công việc chính mà một người làm để kiếm sống.', 'a0f79a07-b8c5-4740-96f4-33955e9976c1', '2026-01-05T17:07:58.351Z', '2026-01-05T17:07:58.351Z'),
  ('a572ff1b-938a-4e37-8f0f-d46cd829d717', '이력서에는 ______을 정확히 기입해야 해요.', 'Trong sơ yếu lý lịch phải điền chính xác ______.', ARRAY['직업', '혈액형', '취미', '좋아하는 음식']::text[], '직업', '직업 là thông tin quan trọng trong hồ sơ xin việc, thể hiện vị trí và ngành nghề của ứng viên.', 'a0f79a07-b8c5-4740-96f4-33955e9976c1', '2026-01-05T17:07:58.351Z', '2026-01-05T17:07:58.351Z'),
  ('4e0c648a-ba75-4cd3-93b8-dab8c74830a8', '초등학교, 중학교, 고등학교에 다니는 사람은 ______이에요.', 'Người học ở trường tiểu học, trung học cơ sở, trung học phổ thông là ______.', ARRAY['선생님', '학생', '회사원', '의사']::text[], '학생', '학생 có nghĩa là ''học sinh, sinh viên'', chỉ người đang theo học tại các cơ sở giáo dục.', 'a30a8620-d87b-4c7b-a03d-2e942b0e375d', '2026-01-05T17:07:58.351Z', '2026-01-05T17:07:58.351Z'),
  ('a0e8ad28-ba2a-4b4b-a570-816723879c49', '대학교에 다니면 ______이라고 불러요.', 'Nếu học ở đại học thì được gọi là ______.', ARRAY['대학생', '초등학생', '중학생', '고등학생']::text[], '대학생', '대학생 là từ ghép của 대학 (đại học) và 학생 (học sinh), có nghĩa là ''sinh viên đại học''.', 'a30a8620-d87b-4c7b-a03d-2e942b0e375d', '2026-01-05T17:07:58.351Z', '2026-01-05T17:07:58.351Z'),
  ('7246bf9f-cd5e-4e53-a829-d0d025e0fa3c', '학교에서 아이들에게 지식을 가르치는 사람은 ______이에요.', 'Người dạy kiến thức cho trẻ em ở trường là ______.', ARRAY['학생', '선생님', '의사', '경찰']::text[], '선생님', '선생님 có nghĩa là ''giáo viên, thầy cô giáo'', là người giảng dạy tại các cơ sở giáo dục.', '092ada5e-6e67-4ce1-b7ac-5083560e0172', '2026-01-05T17:07:58.351Z', '2026-01-05T17:07:58.351Z'),
  ('7b57360e-67c7-4d69-a392-9e81211beedc', '한국에서는 존경을 나타내기 위해 ______이라고 부르기도 해요.', 'Ở Hàn Quốc, để thể hiện sự tôn trọng, người ta cũng gọi là ______.', ARRAY['학생', '선생님', '친구', '동생']::text[], '선생님', '선생님 không chỉ dùng cho giáo viên mà còn là cách xưng hô tôn kính với người có kiến thức, kinh nghiệm trong một lĩnh vực nào đó.', '092ada5e-6e67-4ce1-b7ac-5083560e0172', '2026-01-05T17:07:58.351Z', '2026-01-05T17:07:58.351Z'),
  ('59670050-67a2-4bd0-8cd1-ce4ae4a1c943', '오전 9시부터 오후 6시까지 사무실에서 일하는 사람은 ______이에요.', 'Người làm việc ở văn phòng từ 9 giờ sáng đến 6 giờ chiều là ______.', ARRAY['학생', '회사원', '가수', '요리사']::text[], '회사원', '회사원 có nghĩa là ''nhân viên công ty'', chỉ người làm việc cho một công ty, doanh nghiệp.', '2114b6fc-d270-432d-889c-1476d431df26', '2026-01-05T17:07:58.351Z', '2026-01-05T17:07:58.351Z'),
  ('3b2c03c0-077d-48d2-aa51-9f3de6fcdd53', '출근할 때 정장을 입고 회사에 가는 사람들은 대부분 ______이에요.', 'Những người mặc vest đi làm hầu hết là ______.', ARRAY['의사', '회사원', '경찰', '건설노동자']::text[], '회사원', '회사원 thường mặc trang phục công sở như vest, áo sơ mi khi đi làm để thể hiện sự chuyên nghiệp.', '2114b6fc-d270-432d-889c-1476d431df26', '2026-01-05T17:07:58.351Z', '2026-01-05T17:07:58.351Z'),
  ('77701de8-dead-4fb9-80be-27ebc387f2e5', '병원에서 환자를 진찰하고 치료하는 사람은 ______이에요.', 'Người khám và chữa bệnh cho bệnh nhân ở bệnh viện là ______.', ARRAY['간호사', '의사', '약사', '물리치료사']::text[], '의사', '의사 có nghĩa là ''bác sĩ'', là người có bằng cấp y khoa và được phép khám chữa bệnh.', '691c47eb-767f-4403-862f-324ed7a8e57e', '2026-01-05T17:07:58.351Z', '2026-01-05T17:07:58.351Z'),
  ('ef6a3c72-b1e0-41cf-9133-47a32cabd5e9', '수술을 하는 ______는 외과 의사라고 해요.', '______ thực hiện phẫu thuật được gọi là bác sĩ phẫu thuật.', ARRAY['의사', '간호사', '치과의사', '한의사']::text[], '의사', '의사 được phân loại theo chuyên khoa như 외과 의사 (bác sĩ phẫu thuật), 내과 의사 (bác sĩ nội khoa), 소아과 의사 (bác sĩ nhi khoa).', '691c47eb-767f-4403-862f-324ed7a8e57e', '2026-01-05T17:07:58.351Z', '2026-01-05T17:07:58.351Z'),
  ('88a20d49-bf25-441b-ad68-3e34160d75f5', '병원에서 ______가 환자의 체온과 혈압을 측정해요.', 'Ở bệnh viện, ______ đo nhiệt độ và huyết áp của bệnh nhân.', ARRAY['의사', '간호사', '약사', '의료기사']::text[], '간호사', '간호사 có nghĩa là ''y tá'', là người hỗ trợ bác sĩ trong việc chăm sóc và điều trị bệnh nhân.', 'af28c30f-0ae1-4f85-95c0-526bbae9077d', '2026-01-05T17:07:58.351Z', '2026-01-05T17:07:58.351Z'),
  ('b3990fd8-a51c-48f6-868c-53d3264374b6', '______는 환자에게 약을 주고 주사를 놓는 일을 해요.', '______ làm việc cho bệnh nhân uống thuốc và tiêm.', ARRAY['간호사', '의사', '병원장', '의학연구원']::text[], '간호사', '간호사 có nhiệm vụ chăm sóc trực tiếp cho bệnh nhân, bao gồm cho uống thuốc, tiêm thuốc theo chỉ định của bác sĩ.', 'af28c30f-0ae1-4f85-95c0-526bbae9077d', '2026-01-05T17:07:58.351Z', '2026-01-05T17:07:58.351Z'),
  ('f36208ae-f3e1-43aa-808c-e95c27d8476b', '사건이 발생하면 ______가 현장에 출동해요.', 'Khi xảy ra sự cố, ______ sẽ xuất hiện tại hiện trường.', ARRAY['경찰', '소방관', '의사', '택시기사']::text[], '경찰', '경찰 có nghĩa là ''cảnh sát'', là người thực thi pháp luật, duy trì trật tự an ninh xã hội.', '8d03d3d8-2763-42cc-bdc7-387d7295a13f', '2026-01-05T17:07:58.351Z', '2026-01-05T17:07:58.351Z'),
  ('4477e959-4044-4ff6-9203-64ccf6f3b5df', '교통사고가 나면 ______가 사고 처리와 신고 접수를 해요.', 'Khi xảy ra tai nạn giao thông, ______ sẽ xử lý vụ việc và tiếp nhận báo cáo.', ARRAY['경찰', '소방관', '의사', '보험사직원']::text[], '경찰', '경찰 có nhiệm vụ xử lý các vụ việc liên quan đến pháp luật, bao gồm cả tai nạn giao thông và tội phạm.', '8d03d3d8-2763-42cc-bdc7-387d7295a13f', '2026-01-05T17:07:58.351Z', '2026-01-05T17:07:58.351Z'),
  ('21d8fe5a-1629-4a4f-8134-ccdf28eb6b47', '레스토랑에서 음식을 만드는 사람은 ______이에요.', 'Người làm thức ăn ở nhà hàng là ______.', ARRAY['서빙직원', '요리사', '매니저', '주방보조']::text[], '요리사', '요리사 có nghĩa là ''đầu bếp'', là người chuyên nghiệp trong việc chế biến và nấu nướng thức ăn.', '4ff3c12e-c922-49a1-8c85-33ca0a5dbca8', '2026-01-05T17:07:58.351Z', '2026-01-05T17:07:58.351Z'),
  ('cc8b6f17-5bac-4b57-88c4-5b9588b59e4b', '______는 다양한 재료를 사용해 맛있는 음식을 만들어요.', '______ sử dụng nhiều nguyên liệu khác nhau để tạo ra những món ăn ngon.', ARRAY['요리사', '베이커리사', '바리스타', '식품연구원']::text[], '요리사', '요리사 không chỉ nấu ăn mà còn sáng tạo ra các món ăn mới, kết hợp nguyên liệu và kỹ thuật nấu nướng.', '4ff3c12e-c922-49a1-8c85-33ca0a5dbca8', '2026-01-05T17:07:58.351Z', '2026-01-05T17:07:58.351Z'),
  ('8f028ec0-02a5-474d-8a78-4667e7ef53bd', '무대에서 노래를 부르는 사람은 ______이에요.', 'Người hát trên sân khấu là ______.', ARRAY['가수', '배우', '댄서', 'MC']::text[], '가수', '가수 có nghĩa là ''ca sĩ'', là người biểu diễn âm nhạc bằng giọng hát của mình.', '205e0ae8-89e9-4ce5-a5ff-8be3b466c112', '2026-01-05T17:07:58.351Z', '2026-01-05T17:07:58.351Z'),
  ('dc838bd9-503f-4e95-aea2-176ed0eb4294', '인기 ______의 콘서트 티켓은 매우 빨리 매진돼요.', 'Vé concert của ______ nổi tiếng thường bán hết rất nhanh.', ARRAY['가수', '배우', '코미디언', '작곡가']::text[], '가수', '가수 thường tổ chức các buổi biểu diễn trực tiếp như concert để giao lưu với người hâm mộ.', '205e0ae8-89e9-4ce5-a5ff-8be3b466c112', '2026-01-05T17:07:58.351Z', '2026-01-05T17:07:58.351Z'),
  ('088bb19f-0ec0-4f40-ad3a-bf0a6f127cad', '가정에서 집안일을 주로 하는 여성을 ______라고 해요.', 'Người phụ nữ chủ yếu làm việc nhà trong gia đình được gọi là ______.', ARRAY['주부', '회사원', '직장인', '사업가']::text[], '주부', '주부 có nghĩa là ''nội trợ'', chỉ người (thường là phụ nữ) chuyên lo việc nhà và chăm sóc gia đình.', 'c25f1758-b2ba-45b4-ba00-7beb0f37bb53', '2026-01-05T17:07:58.351Z', '2026-01-05T17:07:58.351Z'),
  ('29df4b9d-206f-4a19-b820-9e444761ac57', '______는 시장에서 장을 보고 집에서 요리하는 일을 해요.', '______ làm việc đi chợ và nấu ăn ở nhà.', ARRAY['주부', '요리사', '영양사', '식품점주인']::text[], '주부', '주부 thực hiện nhiều công việc gia đình như nấu ăn, dọn dẹp, giặt giũ, chăm sóc con cái.', 'c25f1758-b2ba-45b4-ba00-7beb0f37bb53', '2026-01-05T17:07:58.351Z', '2026-01-05T17:07:58.351Z');

COMMIT;