BEGIN;

-- LearningGroup: Ăn uống
INSERT INTO "LearningGroup" (id, name, icon, "order", "topikLevel", "createdAt", "updatedAt") VALUES ('20f60bf6-0fcb-4668-bcec-c375046465e8', 'Ăn uống', '🍽️', 5, 1, '2026-01-11T09:51:05.041Z', '2026-01-11T09:51:05.041Z');

-- Categories (5 categories)
INSERT INTO "Category" (id, name, description, icon, "order", "topikLevel", "groupId", "createdAt", "updatedAt") VALUES ('8250824b-85aa-456e-8cfc-ebbed356afbe', 'Món ăn Hàn Quốc (Phần 1)', 'Từ vựng về các món ăn Hàn Quốc cơ bản và phổ biến', '🍚', 1, 1, '20f60bf6-0fcb-4668-bcec-c375046465e8', '2026-01-11T09:51:05.041Z', '2026-01-11T09:51:05.041Z'),
  ('07ad2e4a-6338-4078-af93-50ce9c2e145a', 'Đồ uống (음료)', 'Từ vựng về các loại đồ uống thông dụng và động từ uống trong tiếng Hàn', '🥤', 2, 1, '20f60bf6-0fcb-4668-bcec-c375046465e8', '2026-01-11T09:51:05.041Z', '2026-01-11T09:51:05.041Z'),
  ('d31cc9f7-3079-4992-9a08-3a98af1e2ec3', 'Trái cây', 'Từ vựng về các loại trái cây thông dụng', '🍎', 3, 1, '20f60bf6-0fcb-4668-bcec-c375046465e8', '2026-01-11T09:51:05.041Z', '2026-01-11T09:51:05.041Z'),
  ('3cc0a2d4-37ea-41fd-809a-41c1f420cd19', 'Hương vị', 'Từ vựng về các vị cơ bản và cách diễn đạt cảm nhận về món ăn trong tiếng Hàn', '😋', 4, 1, '20f60bf6-0fcb-4668-bcec-c375046465e8', '2026-01-11T09:51:05.041Z', '2026-01-11T09:51:05.041Z'),
  ('db4ff600-c138-4983-91aa-2d06304fb4ff', 'Gọi món ở nhà hàng (식당에서 주문하기)', 'Từ vựng và mẫu câu hữu ích khi gọi món và thanh toán tại nhà hàng Hàn Quốc', '🍽️', 5, 1, '20f60bf6-0fcb-4668-bcec-c375046465e8', '2026-01-11T09:51:05.041Z', '2026-01-11T09:51:05.041Z');

-- Vocabulary Words
INSERT INTO "Vocabulary" (id, korean, hanja, vietnamese, pronunciation, example, "exampleTranslation", "categoryId", "createdAt", "updatedAt") VALUES ('25b396fc-941f-4044-9225-272dc3463c7b', '밥', '飯', 'Cơm', 'bap', '밥 먹었어요?', 'Bạn ăn cơm chưa?', '8250824b-85aa-456e-8cfc-ebbed356afbe', '2026-01-11T09:51:05.041Z', '2026-01-11T09:51:05.041Z'),
  ('eb34e4e5-c3b2-473a-8b61-b3f1903524f1', '국', '羹', 'Canh', 'guk', '오늘 저녁은 미역국이에요.', 'Bữa tối hôm nay là canh rong biển.', '8250824b-85aa-456e-8cfc-ebbed356afbe', '2026-01-11T09:51:05.041Z', '2026-01-11T09:51:05.041Z'),
  ('77781e9b-2c7d-463b-833c-58dce9efe89c', '김치', NULL, 'Kim chi', 'gimchi', '한국 사람들은 김치를 좋아해요.', 'Người Hàn Quốc thích kim chi.', '8250824b-85aa-456e-8cfc-ebbed356afbe', '2026-01-11T09:51:05.041Z', '2026-01-11T09:51:05.041Z'),
  ('b1bddf4d-578c-426c-b8de-6bbcb4c78849', '불고기', NULL, 'Thịt nướng Bulgogi', 'bulgogi', '불고기는 아주 맛있어요.', 'Món Bulgogi rất ngon.', '8250824b-85aa-456e-8cfc-ebbed356afbe', '2026-01-11T09:51:05.041Z', '2026-01-11T09:51:05.041Z'),
  ('7c8d1817-dddb-466f-8d0a-fc9439375b39', '비빔밥', '비빔飯', 'Cơm trộn', 'bibimbap', '비빔밥을 어떻게 만들어요?', 'Làm món cơm trộn như thế nào?', '8250824b-85aa-456e-8cfc-ebbed356afbe', '2026-01-11T09:51:05.041Z', '2026-01-11T09:51:05.041Z'),
  ('e35436c1-5f79-4f38-b8c2-51c85fd7d149', '떡볶이', NULL, 'Bánh gạo cay', 'tteokbokki', '친구랑 떡볶이를 먹었어요.', 'Tôi đã ăn bánh gạo cay với bạn.', '8250824b-85aa-456e-8cfc-ebbed356afbe', '2026-01-11T09:51:05.041Z', '2026-01-11T09:51:05.041Z'),
  ('65e5d6ee-df4a-41cc-a804-a1755f205ea9', '김밥', NULL, 'Cơm cuộn rong biển', 'gimbap', '소풍 갈 때 김밥을 싸요.', 'Khi đi dã ngoại tôi thường gói kimbap.', '8250824b-85aa-456e-8cfc-ebbed356afbe', '2026-01-11T09:51:05.041Z', '2026-01-11T09:51:05.041Z'),
  ('6a031372-b4fa-4647-864d-cb00f8af8dd8', '라면', NULL, 'Mì ăn liền', 'ramyeon', '배고파서 라면을 끓여 먹었어요.', 'Tôi đói nên đã nấu mì ăn.', '8250824b-85aa-456e-8cfc-ebbed356afbe', '2026-01-11T09:51:05.041Z', '2026-01-11T09:51:05.041Z'),
  ('205ee315-c3c5-4b94-90c1-93b9accdd4f1', '찌개', NULL, 'Món hầm/canh đặc', 'jjigae', '김치찌개를 좋아해요.', 'Tôi thích món canh kim chi.', '8250824b-85aa-456e-8cfc-ebbed356afbe', '2026-01-11T09:51:05.041Z', '2026-01-11T09:51:05.041Z'),
  ('fa03c277-c778-4e06-a152-7d9255d7cac8', '반찬', '飯饌', 'Món ăn phụ', 'banchan', '식당에서 반찬을 많이 줘요.', 'Nhà hàng cho rất nhiều món ăn phụ.', '8250824b-85aa-456e-8cfc-ebbed356afbe', '2026-01-11T09:51:05.041Z', '2026-01-11T09:51:05.041Z'),
  ('53c86105-09c0-482a-a392-c1da410df542', '물', '水', 'Nước', 'mul', '목이 말라요. 물 좀 주세요.', 'Tôi khát nước. Cho tôi xin chút nước.', '07ad2e4a-6338-4078-af93-50ce9c2e145a', '2026-01-11T09:51:05.041Z', '2026-01-11T09:51:05.041Z'),
  ('889a5116-ae25-4333-b31a-ab560f7feecf', '우유', '牛乳', 'Sữa', 'uyu', '아침에 우유 한 잔을 마셔요.', 'Tôi uống một ly sữa vào buổi sáng.', '07ad2e4a-6338-4078-af93-50ce9c2e145a', '2026-01-11T09:51:05.041Z', '2026-01-11T09:51:05.041Z'),
  ('43d595a2-0c95-4241-9712-2750bf089c6d', '주스', '--', 'Nước trái cây', 'juseu', '저는 오렌지 주스를 좋아해요.', 'Tôi thích nước ép cam.', '07ad2e4a-6338-4078-af93-50ce9c2e145a', '2026-01-11T09:51:05.041Z', '2026-01-11T09:51:05.041Z'),
  ('715eec0f-08d0-4b1d-92ec-2dc8deaa0411', '커피', '--', 'Cà phê', 'keopi', '점심 먹고 커피를 마셔요.', 'Tôi uống cà phê sau khi ăn trưa.', '07ad2e4a-6338-4078-af93-50ce9c2e145a', '2026-01-11T09:51:05.041Z', '2026-01-11T09:51:05.041Z'),
  ('c9cc9cc0-4c8f-45b8-8950-d3ec8b49478d', '차', '茶', 'Trà', 'cha', '따뜻한 차 한 잔 주세요.', 'Cho tôi một tách trà nóng.', '07ad2e4a-6338-4078-af93-50ce9c2e145a', '2026-01-11T09:51:05.041Z', '2026-01-11T09:51:05.041Z'),
  ('dcfd7fa1-6e85-4f98-b037-b6fee8f8e2e0', '콜라', '--', 'Coca-Cola', 'kolla', '피자하고 콜라를 같이 먹어요.', 'Tôi ăn pizza cùng với Coca.', '07ad2e4a-6338-4078-af93-50ce9c2e145a', '2026-01-11T09:51:05.041Z', '2026-01-11T09:51:05.041Z'),
  ('a93b3b1d-8e93-4241-89fd-b9c8f916a288', '맥주', '麥酒', 'Bia', 'maekju', '더울 때 시원한 맥주가 최고예요.', 'Khi trời nóng bia mát là tuyệt nhất.', '07ad2e4a-6338-4078-af93-50ce9c2e145a', '2026-01-11T09:51:05.041Z', '2026-01-11T09:51:05.041Z'),
  ('f4eb4d43-9f12-4595-937e-0fdb567e5bcf', '소주', '燒酒', 'Rượu soju', 'soju', '한국 사람들은 소주를 즐겨 마셔요.', 'Người Hàn Quốc thường thích uống rượu soju.', '07ad2e4a-6338-4078-af93-50ce9c2e145a', '2026-01-11T09:51:05.041Z', '2026-01-11T09:51:05.041Z'),
  ('8598f2e8-6646-41f7-9f84-c4b47d58db69', '마시다', '--', 'Uống', 'masida', '무엇을 마실래요?', 'Bạn muốn uống gì?', '07ad2e4a-6338-4078-af93-50ce9c2e145a', '2026-01-11T09:51:05.041Z', '2026-01-11T09:51:05.041Z'),
  ('1f72f6c2-be29-4711-8198-92e351c75f94', '과일', '果實', 'Trái cây', 'gwail', '저는 과일을 아주 좋아해요.', 'Tôi rất thích trái cây.', 'd31cc9f7-3079-4992-9a08-3a98af1e2ec3', '2026-01-11T09:51:05.041Z', '2026-01-11T09:51:05.041Z'),
  ('4e5d00d2-27e3-4e06-95f6-0748102ad855', '사과', '沙果', 'Táo', 'sagwa', '하루에 사과 한 개를 먹어요.', 'Tôi ăn một quả táo mỗi ngày.', 'd31cc9f7-3079-4992-9a08-3a98af1e2ec3', '2026-01-11T09:51:05.041Z', '2026-01-11T09:51:05.041Z'),
  ('ddaeb8cd-9de2-458e-aacf-06dd411c0bd1', '바나나', NULL, 'Chuối', 'banana', '바나나는 노란색이에요.', 'Chuối có màu vàng.', 'd31cc9f7-3079-4992-9a08-3a98af1e2ec3', '2026-01-11T09:51:05.041Z', '2026-01-11T09:51:05.041Z'),
  ('5920db48-9f34-4e1e-a26d-ee77de72ca0d', '딸기', NULL, 'Dâu tây', 'ttalgi', '봄에는 딸기가 맛있어요.', 'Dâu tây ngon vào mùa xuân.', 'd31cc9f7-3079-4992-9a08-3a98af1e2ec3', '2026-01-11T09:51:05.041Z', '2026-01-11T09:51:05.041Z'),
  ('84d6678b-b557-4efc-8272-ee0b9b77a4b2', '포도', '葡萄', 'Nho', 'podo', '포도가 아주 달아요.', 'Nho rất ngọt.', 'd31cc9f7-3079-4992-9a08-3a98af1e2ec3', '2026-01-11T09:51:05.041Z', '2026-01-11T09:51:05.041Z'),
  ('e97abfef-2f07-41db-8f1a-43fa792033a7', '오렌지', NULL, 'Cam', 'orenji', '오렌지로 주스를 만들어요.', 'Tôi làm nước ép bằng cam.', 'd31cc9f7-3079-4992-9a08-3a98af1e2ec3', '2026-01-11T09:51:05.041Z', '2026-01-11T09:51:05.041Z'),
  ('53b538e1-31b3-49df-bbfe-e929a5f6703b', '수박', '水波', 'Dưa hấu', 'subak', '여름에는 수박이 최고예요.', 'Dưa hấu là tuyệt nhất vào mùa hè.', 'd31cc9f7-3079-4992-9a08-3a98af1e2ec3', '2026-01-11T09:51:05.041Z', '2026-01-11T09:51:05.041Z'),
  ('8fc4cfba-89e0-4c9b-b7a2-ee5d09bc237b', '배', '梨', 'Lê', 'bae', '이 배는 아주 커요.', 'Quả lê này rất to.', 'd31cc9f7-3079-4992-9a08-3a98af1e2ec3', '2026-01-11T09:51:05.041Z', '2026-01-11T09:51:05.041Z'),
  ('36fc451f-fbaa-45b9-a464-c8aea987da21', '귤', NULL, 'Quýt', 'gyul', '겨울에 귤을 많이 먹어요.', 'Tôi ăn rất nhiều quýt vào mùa đông.', 'd31cc9f7-3079-4992-9a08-3a98af1e2ec3', '2026-01-11T09:51:05.041Z', '2026-01-11T09:51:05.041Z'),
  ('4787cd71-bf4c-42fa-9662-0874d35f6d25', '맛있다', NULL, 'Ngon', 'masitda', '이 김치찌개는 정말 맛있어요.', 'Món canh kim chi này thật sự rất ngon.', '3cc0a2d4-37ea-41fd-809a-41c1f420cd19', '2026-01-11T09:51:05.041Z', '2026-01-11T09:51:05.041Z'),
  ('9918d681-4305-4ee1-a17c-cb22eada5f95', '맛없다', NULL, 'Không ngon, dở', 'madeopda', '이 음식은 제 입에 맛없어요.', 'Món ăn này không hợp khẩu vị của tôi.', '3cc0a2d4-37ea-41fd-809a-41c1f420cd19', '2026-01-11T09:51:05.041Z', '2026-01-11T09:51:05.041Z'),
  ('85e2b01a-f189-452f-9914-ef306aed8354', '맵다', NULL, 'Cay', 'maepda', '떡볶이가 너무 매워요.', 'Món tteokbokki cay quá.', '3cc0a2d4-37ea-41fd-809a-41c1f420cd19', '2026-01-11T09:51:05.041Z', '2026-01-11T09:51:05.041Z'),
  ('ea45ef22-939e-45c4-b472-cc8d802e7564', '달다', NULL, 'Ngọt', 'dalda', '이 케이크는 너무 달지 않아요.', 'Cái bánh này không quá ngọt.', '3cc0a2d4-37ea-41fd-809a-41c1f420cd19', '2026-01-11T09:51:05.041Z', '2026-01-11T09:51:05.041Z'),
  ('32891fb1-d48f-467a-9d73-93eec1feb85a', '짜다', NULL, 'Mặn', 'jjada', '국이 좀 짜요.', 'Món canh hơi mặn.', '3cc0a2d4-37ea-41fd-809a-41c1f420cd19', '2026-01-11T09:51:05.041Z', '2026-01-11T09:51:05.041Z'),
  ('a35e38c0-57f2-4b0c-ae2b-450cff9438ee', '시다', NULL, 'Chua', 'sida', '레몬은 너무 셔요.', 'Chanh chua quá.', '3cc0a2d4-37ea-41fd-809a-41c1f420cd19', '2026-01-11T09:51:05.041Z', '2026-01-11T09:51:05.041Z'),
  ('c12e4943-07bc-4285-9667-299a159750d7', '쓰다', NULL, 'Đắng', 'sseuda', '약이 너무 써요.', 'Thuốc đắng quá.', '3cc0a2d4-37ea-41fd-809a-41c1f420cd19', '2026-01-11T09:51:05.041Z', '2026-01-11T09:51:05.041Z'),
  ('43916797-d1dc-488e-a039-1773e05a443a', '싱겁다', NULL, 'Nhạt', 'singgeopda', '음식이 싱거우면 소금을 넣으세요.', 'Nếu món ăn nhạt thì hãy cho thêm muối.', '3cc0a2d4-37ea-41fd-809a-41c1f420cd19', '2026-01-11T09:51:05.041Z', '2026-01-11T09:51:05.041Z'),
  ('15d7e8b2-3123-4b5c-a163-2b2639526748', '식당', '食堂', 'Nhà hàng', 'sikdang', '학교 앞에 좋은 식당이 있어요.', 'Có một nhà hàng tốt ở trước trường.', 'db4ff600-c138-4983-91aa-2d06304fb4ff', '2026-01-11T09:51:05.041Z', '2026-01-11T09:51:05.041Z'),
  ('fc2dca6a-65bd-4287-87f5-dad082ec2129', '메뉴판', '메뉴板', 'Thực đơn', 'menyupan', '메뉴판 좀 주세요.', 'Cho tôi xin thực đơn ạ.', 'db4ff600-c138-4983-91aa-2d06304fb4ff', '2026-01-11T09:51:05.041Z', '2026-01-11T09:51:05.041Z'),
  ('11ab5d78-ef8e-453f-8851-c503ac856aca', '주문하다', '注文하다', 'Gọi món', 'jumunhada', '주문하시겠어요?', 'Quý khách có muốn gọi món không ạ?', 'db4ff600-c138-4983-91aa-2d06304fb4ff', '2026-01-11T09:51:05.041Z', '2026-01-11T09:51:05.041Z'),
  ('a61bd8d3-da66-483c-ac4b-cacd7300295a', '여기요 / 저기요', '--', 'Chị ơi/Anh ơi', 'yeogiyo / jeogiyo', '저기요, 물 좀 주세요.', 'Anh ơi, cho tôi xin chút nước.', 'db4ff600-c138-4983-91aa-2d06304fb4ff', '2026-01-11T09:51:05.041Z', '2026-01-11T09:51:05.041Z'),
  ('9b2e9e3f-c821-4fd7-825c-3e276ed90283', '이거', '--', 'Cái này', 'igeo', '이거 하나 주세요.', 'Cho tôi một cái này.', 'db4ff600-c138-4983-91aa-2d06304fb4ff', '2026-01-11T09:51:05.041Z', '2026-01-11T09:51:05.041Z'),
  ('31a3ecb0-04fa-4ad6-9ea2-9774b574e3eb', '주세요', '--', 'Xin hãy cho tôi', 'juseyo', '비빔밥 하나 주세요.', 'Cho tôi một phần cơm trộn.', 'db4ff600-c138-4983-91aa-2d06304fb4ff', '2026-01-11T09:51:05.041Z', '2026-01-11T09:51:05.041Z'),
  ('652b0462-cd52-4f23-aa11-c88b2749ed64', '얼마예요?', '--', 'Bao nhiêu tiền ạ?', 'eolmayeyo?', '이거 다 얼마예요?', 'Tất cả cái này bao nhiêu tiền ạ?', 'db4ff600-c138-4983-91aa-2d06304fb4ff', '2026-01-11T09:51:05.041Z', '2026-01-11T09:51:05.041Z'),
  ('4c11e673-16a3-40ea-8c50-06a700183cb6', '계산하다', '計算하다', 'Thanh toán', 'gyesanhada', '계산해 주세요.', 'Tính tiền cho tôi ạ.', 'db4ff600-c138-4983-91aa-2d06304fb4ff', '2026-01-11T09:51:05.041Z', '2026-01-11T09:51:05.041Z'),
  ('21d7abc3-ba86-468b-a0ed-5b2abd97ea91', '포장하다', '包裝하다', 'Gói mang về', 'pojanghada', '남은 음식은 포장해 주세요.', 'Xin hãy gói đồ ăn còn thừa lại giúp tôi.', 'db4ff600-c138-4983-91aa-2d06304fb4ff', '2026-01-11T09:51:05.041Z', '2026-01-11T09:51:05.041Z');

-- Quiz Questions
INSERT INTO "QuizQuestion" (id, question, "questionTranslation", options, "correctAnswer", explanation, "VocabularyId", "createdAt", "updatedAt") VALUES ('f9ba4c8b-45f7-4e39-b421-90f2599e7a01', '한국인들의 주식은 ______이에요.', 'Lương thực chính của người Hàn Quốc là ______.', ARRAY['밥', '빵', '국수', '고기']::text[], '밥', '밥 không chỉ có nghĩa là ''cơm'' mà còn thường được dùng để chỉ ''bữa ăn'' nói chung trong tiếng Hàn.', '25b396fc-941f-4044-9225-272dc3463c7b', '2026-01-11T09:51:05.041Z', '2026-01-11T09:51:05.041Z'),
  ('e8105830-fdfe-441e-b26b-47a2eef3535a', '"______ 먹자"는 식사하자는 초대의 의미예요.', '"______ 먹자" có nghĩa là mời nhau đi ăn cơm.', ARRAY['밥', '김치', '라면', '과일']::text[], '밥', 'Trong văn hóa Hàn Quốc, ''밥 먹자'' là cách mời ăn thân mật và phổ biến, thể hiện sự quan tâm.', '25b396fc-941f-4044-9225-272dc3463c7b', '2026-01-11T09:51:05.041Z', '2026-01-11T09:51:05.041Z'),
  ('f80a620d-cbf7-4b36-bcef-8ee7876b233a', '아픈 후에 ______을 많이 먹어야 해요.', 'Sau khi ốm nên ăn nhiều ______.', ARRAY['국', '김치', '과자', '아이스크림']::text[], '국', '국 (canh) thường được coi là món ăn bổ dưỡng và dễ tiêu hóa, phù hợp khi không khỏe.', 'eb34e4e5-c3b2-473a-8b61-b3f1903524f1', '2026-01-11T09:51:05.041Z', '2026-01-11T09:51:05.041Z'),
  ('283c3a68-ddb6-487d-a091-263e1aa952e3', '한국 식사에는 보통 ______이 함께 나와요.', 'Trong bữa ăn Hàn Quốc thường có kèm theo ______.', ARRAY['국', '케이크', '피자', '햄버거']::text[], '국', '국 là phần không thể thiếu trong bữa cơm truyền thống Hàn Quốc, thường được dùng cùng với 밥 (cơm).', 'eb34e4e5-c3b2-473a-8b61-b3f1903524f1', '2026-01-11T09:51:05.041Z', '2026-01-11T09:51:05.041Z'),
  ('8fd1b524-3462-4ecb-b533-dc49dcf7cb74', '______는 한국의 대표적인 발효 음식이에요.', '______ là món ăn lên men tiêu biểu của Hàn Quốc.', ARRAY['김치', '피자', '스시', '타코']::text[], '김치', '김치 là món ăn truyền thống làm từ rau cải thảo muối chua với gia vị, có lịch sử hàng nghìn năm.', '77781e9b-2c7d-463b-833c-58dce9efe89c', '2026-01-11T09:51:05.041Z', '2026-01-11T09:51:05.041Z'),
  ('be53bdf1-2681-4b7b-8ab4-7e7b0796eed0', '한국 식탁에는 항상 ______이 올라가요.', 'Trên bàn ăn Hàn Quốc luôn có ______.', ARRAY['김치', '초콜릿', '치즈', '버터']::text[], '김치', '김치 được phục vụ trong hầu hết các bữa ăn Hàn Quốc như một món ăn kèm không thể thiếu.', '77781e9b-2c7d-463b-833c-58dce9efe89c', '2026-01-11T09:51:05.041Z', '2026-01-11T09:51:05.041Z'),
  ('af9613f3-9697-4693-b451-f7f0f290df69', '______은(는) 달콤짭짤한 소스에 재운 고기를 구운 음식이에요.', '______ là món thịt được ướp trong nước sốt mặn ngọt rồi nướng.', ARRAY['불고기', '비빔밥', '김밥', '라면']::text[], '불고기', '불고기 là món thịt bò (hoặc thịt heo) thái mỏng, ướp gia vị đặc trưng và nướng trên vỉ hoặc chảo.', 'b1bddf4d-578c-426c-b8de-6bbcb4c78849', '2026-01-11T09:51:05.041Z', '2026-01-11T09:51:05.041Z'),
  ('32e21e70-293b-48e7-84bc-e1f1f852f27e', '외국인들에게 인기 있는 한국 음식 중 하나는 ______이에요.', 'Một trong những món ăn Hàn Quốc được người nước ngoài yêu thích là ______.', ARRAY['불고기', '순대', '홍어', '번데기']::text[], '불고기', '불고기 có hương vị phù hợp với khẩu vị quốc tế nên rất được ưa chuộng ở nước ngoài.', 'b1bddf4d-578c-426c-b8de-6bbcb4c78849', '2026-01-11T09:51:05.041Z', '2026-01-11T09:51:05.041Z'),
  ('9ff8617d-dac8-40f9-8e06-01f2e27dc24c', '______은(는) 밥 위에 다양한 나물과 고춧장을 올려 비벼 먹는 음식이에요.', '______ là món cơm được trộn với các loại rau củ và tương ớt đặt trên cơm.', ARRAY['비빔밥', '불고기', '김치찌개', '떡볶이']::text[], '비빔밥', '비빔밥 nghĩa đen là ''cơm trộn'', gồm cơm trắng với nhiều loại rau củ, thịt, trứng và tương ớt gochujang.', '7c8d1817-dddb-466f-8d0a-fc9439375b39', '2026-01-11T09:51:05.041Z', '2026-01-11T09:51:05.041Z'),
  ('c1a07027-d4cd-400b-80ab-44f5be2304c4', '전주 ______은(는) 특히 유명해요.', '______ của Jeonju đặc biệt nổi tiếng.', ARRAY['비빔밥', '불고기', '김밥', '라면']::text[], '비빔밥', '비빔밥 Jeonju được coi là đặc sản và phiên bản ngon nhất của món này tại Hàn Quốc.', '7c8d1817-dddb-466f-8d0a-fc9439375b39', '2026-01-11T09:51:05.041Z', '2026-01-11T09:51:05.041Z'),
  ('a0ad9a28-0ff4-459d-a45a-13950836a08d', '______은(는) 매운 고추장 소스에 떡을 볶은 한국의 대표적인 길거리 음식이에요.', '______ là món ăn đường phố tiêu biểu của Hàn Quốc, gồm bánh gạo xào trong nước sốt tương ớt cay.', ARRAY['떡볶이', '김밥', '불고기', '비빔밥']::text[], '떡볶이', '떡볶i làm từ bánh gạo hình trụ nhỏ, xào với nước sốt gochujang cay, thường có thêm cá viên, trứng và hành lá.', 'e35436c1-5f79-4f38-b8c2-51c85fd7d149', '2026-01-11T09:51:05.041Z', '2026-01-11T09:51:05.041Z'),
  ('97270fcf-1c0e-4bd0-acce-12daff724d39', '분식점에서 가장 인기 있는 메뉴는 ______이에요.', 'Món được yêu thích nhất ở các quán ăn nhẹ (bunsik) là ______.', ARRAY['떡볶이', '스테이크', '파스타', '샐러드']::text[], '떡볶이', '떡볶i là món chủ lực tại các quán 분식 (bunsik) - quán ăn nhẹ giá rẻ phục vụ món Hàn đơn giản.', 'e35436c1-5f79-4f38-b8c2-51c85fd7d149', '2026-01-11T09:51:05.041Z', '2026-01-11T09:51:05.041Z'),
  ('011327a8-fe16-4b8f-8950-3d0ad6cd062f', '______은(는) 밥과 다양한 재료를 김에 말아 만든 한국식 롤이에요.', '______ là cuốn cơm kiểu Hàn, gồm cơm và nhiều nguyên liệu cuộn trong lá rong biển.', ARRAY['김밥', '비빔밥', '불고기', '라면']::text[], '김밥', '김밥 tương tự sushi nhưng nhân đa dạng hơn (cà rốt, dưa leo, trứng, thanh cua, củ cải muối) và cơm thường trộn dầu mè.', '65e5d6ee-df4a-41cc-a804-a1755f205ea9', '2026-01-11T09:51:05.041Z', '2026-01-11T09:51:05.041Z'),
  ('3524ffd3-7029-4225-9236-3b7ae952fc62', '______은(는) 소풍 음식으로 가장 적합해요.', '______ rất thích hợp làm đồ ăn cho chuyến dã ngoại.', ARRAY['김밥', '국', '찌개', '전']::text[], '김밥', '김밥 dễ mang theo, không cần hâm nóng, và ăn được ngay nên là lựa chọn lý tưởng cho picnic.', '65e5d6ee-df4a-41cc-a804-a1755f205ea9', '2026-01-11T09:51:05.041Z', '2026-01-11T09:51:05.041Z'),
  ('a80aaafa-9bb3-451e-accb-726d4547c84e', '______은(는) 한국에서 가장 간편한 식사 대용품이에요.', '______ là món ăn thay thế bữa ăn tiện lợi nhất ở Hàn Quốc.', ARRAY['라면', '비빔밥', '불고기', '삼계탕']::text[], '라면', '라면 (mì gói) rất phổ biến ở Hàn Quốc, thường được ăn khi vội, khuya hoặc tiết kiệm.', '6a031372-b4fa-4647-864d-cb00f8af8dd8', '2026-01-11T09:51:05.041Z', '2026-01-11T09:51:05.041Z'),
  ('4ebd8952-1328-4383-96ee-abe5239378f3', '______에 계란을 풀어 넣으면 더 맛있어져요.', 'Nếu đập trứng vào ______ thì sẽ ngon hơn.', ARRAY['라면', '김치', '밥', '국']::text[], '라면', 'Trứng là topping phổ biến khi nấu 라면, làm nước dùng đậm đà và bổ dưỡng hơn.', '6a031372-b4fa-4647-864d-cb00f8af8dd8', '2026-01-11T09:51:05.041Z', '2026-01-11T09:51:05.041Z'),
  ('152a03b8-fa91-4bce-a843-55c37df2b81a', '______은(는) 국보다 걸쭉하고 진한 한국의 스튜예요.', '______ là món hầm Hàn Quốc đặc và đậm đà hơn canh.', ARRAY['찌개', '국', '탕', '전골']::text[], '찌개', '찌개 là món hầm đặc, thường có vị cay và được nấu chung trong nồi đất (뚝배기) và ăn nóng.', '205ee315-c3c5-4b94-90c1-93b9accdd4f1', '2026-01-11T09:51:05.041Z', '2026-01-11T09:51:05.041Z'),
  ('571488f4-c6ae-4866-824e-f07980e8a573', '추운 날에 ______을(를) 먹으면 몸이 따뜻해져요.', 'Vào ngày lạnh, ăn ______ sẽ làm cơ thể ấm lên.', ARRAY['찌개', '아이스크림', '샐러드', '빙수']::text[], '찌개', 'Do đặc tính nóng, cay và được ăn khi còn nóng, 찌개 là lựa chọn lý tưởng cho mùa đông.', '205ee315-c3c5-4b94-90c1-93b9accdd4f1', '2026-01-11T09:51:05.041Z', '2026-01-11T09:51:05.041Z'),
  ('529d1221-de88-42f2-bf77-7360eef0ece6', '한국 식사에는 여러 가지 ______이(가) 밥과 함께 나와요.', 'Trong bữa ăn Hàn Quốc, nhiều loại ______ được dọn ra cùng với cơm.', ARRAY['반찬', '디저트', '음료', '빵']::text[], '반찬', '반찬 chỉ các món ăn phụ nhỏ được bày cùng bữa chính, có thể từ 3-12 món tùy dịp.', 'fa03c277-c778-4e06-a152-7d9255d7cac8', '2026-01-11T09:51:05.041Z', '2026-01-11T09:51:05.041Z'),
  ('2d14e254-02b9-4e25-bf47-1b38d06b9bfb', '______은(는) 무료로 리필되는 경우가 많아요.', '______ thường được cho thêm miễn phí.', ARRAY['반찬', '고기', '생선', '디저트']::text[], '반찬', 'Ở nhiều nhà hàng Hàn Quốc, một số 반찬 như kim chi, củ cải muối thường được refill miễn phí theo yêu cầu.', 'fa03c277-c778-4e06-a152-7d9255d7cac8', '2026-01-11T09:51:05.041Z', '2026-01-11T09:51:05.041Z'),
  ('8153d7a9-42be-42b2-9fb0-f86daee75c6e', '운동한 후에는 ______을/를 마셔야 해요.', 'Sau khi tập thể dục, phải uống ______.', ARRAY['맥주', '물', '커피', '소주']::text[], '물', '물 là ''nước'', đồ uống cơ bản và cần thiết nhất cho cơ thể, đặc biệt sau khi vận động.', '53c86105-09c0-482a-a392-c1da410df542', '2026-01-11T09:51:05.041Z', '2026-01-11T09:51:05.041Z'),
  ('17abad22-ebf1-452b-bc47-fcd621b6b9af', '건강을 위해 하루에 ______을/를 많이 마셔요.', 'Để tốt cho sức khỏe, tôi uống nhiều ______ mỗi ngày.', ARRAY['콜라', '물', '주스', '맥주']::text[], '물', '물 là đồ uống lành mạnh, được khuyên dùng hàng ngày để duy trì sức khỏe.', '53c86105-09c0-482a-a392-c1da410df542', '2026-01-11T09:51:05.041Z', '2026-01-11T09:51:05.041Z'),
  ('5f28d148-e71a-46ed-a668-4e554e12d5b1', '아이들은 뼈가 자라기 위해 ______을/를 마셔야 해요.', 'Trẻ em cần uống ______ để xương phát triển.', ARRAY['우유', '커피', '소주', '콜라']::text[], '우유', '우유 là ''sữa'', giàu canxi và tốt cho sự phát triển xương của trẻ em.', '889a5116-ae25-4333-b31a-ab560f7feecf', '2026-01-11T09:51:05.041Z', '2026-01-11T09:51:05.041Z'),
  ('165902d7-6e80-49d9-830c-73f08f317633', '______와/과 시리얼을 같이 먹어요.', 'Tôi ăn ngũ cốc cùng với ______.', ARRAY['물', '우유', '주스', '차']::text[], '우유', '우유 thường được dùng kèm với ngũ cốc (시리얼) trong bữa sáng.', '889a5116-ae25-4333-b31a-ab560f7feecf', '2026-01-11T09:51:05.041Z', '2026-01-11T09:51:05.041Z'),
  ('8d1bdb12-d75a-4060-b928-1bac02c5adc0', '비타민을 섭취하려면 신선한 ______을/를 마셔요.', 'Để hấp thụ vitamin, hãy uống ______ tươi.', ARRAY['주스', '콜라', '맥주', '소주']::text[], '주스', '주스 là ''nước ép trái cây'', cung cấp vitamin tự nhiên từ hoa quả.', '43d595a2-0c95-4241-9712-2750bf089c6d', '2026-01-11T09:51:05.041Z', '2026-01-11T09:51:05.041Z'),
  ('6ab2f783-a2bd-40fe-a155-ff9ccb8096ff', '아침에 오렌지 ______ 한 잔을 마셔요.', 'Tôi uống một ly ______ cam vào buổi sáng.', ARRAY['주스', '물', '차', '우유']::text[], '주스', '주스 thường được kết hợp với tên trái cây để chỉ loại nước ép cụ thể (오렌지 주스, 사과 주스).', '43d595a2-0c95-4241-9712-2750bf089c6d', '2026-01-11T09:51:05.041Z', '2026-01-11T09:51:05.041Z'),
  ('b9c03cdc-016c-4754-b898-d8c44c41e2f7', '아침에 잠이 깨도록 ______ 한 잔을 마셔요.', 'Tôi uống một ly ______ để tỉnh táo vào buổi sáng.', ARRAY['물', '커피', '우유', '주스']::text[], '커피', '커피 là ''cà phê'', thường được uống vào buổi sáng hoặc khi cần tỉnh táo do chứa caffeine.', '715eec0f-08d0-4b1d-92ec-2dc8deaa0411', '2026-01-11T09:51:05.041Z', '2026-01-11T09:51:05.041Z'),
  ('b31ad512-9dd9-44d7-8d41-1fae9d66fd12', '회사 동료들과 ______를 마시며 이야기해요.', 'Tôi trò chuyện với đồng nghiệp trong khi uống ______.', ARRAY['소주', '맥주', '커피', '콜라']::text[], '커피', '커피 thường là đồ uống trong các cuộc gặp gỡ, trò chuyện thân mật hoặc công việc.', '715eec0f-08d0-4b1d-92ec-2dc8deaa0411', '2026-01-11T09:51:05.041Z', '2026-01-11T09:51:05.041Z'),
  ('eb9c07a3-89a2-4767-aa9a-7cdd8070560d', '한국의 전통 ______인 녹차를 마셔 봤어요?', 'Bạn đã thử uống ______ truyền thống của Hàn Quốc là trà xanh chưa?', ARRAY['차', '술', '음료', '주스']::text[], '차', '차 là ''trà'', bao gồm cả trà truyền thống như 녹차 (trà xanh) và các loại trà hiện đại.', 'c9cc9cc0-4c8f-45b8-8950-d3ec8b49478d', '2026-01-11T09:51:05.041Z', '2026-01-11T09:51:05.041Z'),
  ('f7da3149-79e9-49bd-8bd9-06d91280fe9d', '감기에 걸렸을 때 생강 ______을/를 마셔요.', 'Khi bị cảm, tôi uống ______ gừng.', ARRAY['차', '주스', '물', '맥주']::text[], '차', '차 có thể kết hợp với các thành phần khác để tạo thành trà thảo mộc (생강차 - trà gừng).', 'c9cc9cc0-4c8f-45b8-8950-d3ec8b49478d', '2026-01-11T09:51:05.041Z', '2026-01-11T09:51:05.041Z'),
  ('a20d33cf-7d97-43fb-ae7c-58ffb36fe6c8', '패스트푸드를 먹을 때 ______을/를 자주 마셔요.', 'Khi ăn đồ ăn nhanh, tôi thường uống ______.', ARRAY['차', '콜라', '우유', '물']::text[], '콜라', '콜라 là đồ uống có ga phổ biến, thường được dùng kèm với đồ ăn nhanh như pizza, hamburger.', 'dcfd7fa1-6e85-4f98-b037-b6fee8f8e2e0', '2026-01-11T09:51:05.041Z', '2026-01-11T09:51:05.041Z'),
  ('db7419a5-fb2c-4177-85c4-3500a69a0817', '______는/은 설탕이 많이 들어 있어서 건강에 안 좋아요.', '______ có nhiều đường nên không tốt cho sức khỏe.', ARRAY['물', '콜라', '차', '우유']::text[], '콜라', '콜라 được biết đến là đồ uống có nhiều đường và calo, cần hạn chế uống.', 'dcfd7fa1-6e85-4f98-b037-b6fee8f8e2e0', '2026-01-11T09:51:05.041Z', '2026-01-11T09:51:05.041Z'),
  ('348edfc9-a1c4-4470-b98e-d5e152fc7ae0', '여름에는 시원한 ______ 한 잔이 좋아요.', 'Vào mùa hè, một ly ______ mát lạnh thật tuyệt.', ARRAY['맥주', '소주', '커피', '차']::text[], '맥주', '맥주 là ''bia'', đồ uống có cồn phổ biến, thường được uống lạnh vào mùa hè.', 'a93b3b1d-8e93-4241-89fd-b9c8f916a288', '2026-01-11T09:51:05.041Z', '2026-01-11T09:51:05.041Z'),
  ('d4352b40-8815-4da6-b851-5521c7ef150f', '회식 자리에서 ______를 마셔요.', 'Tôi uống ______ trong các buổi tiệc công ty.', ARRAY['우유', '주스', '맥주', '물']::text[], '맥주', '맥주 là đồ uống phổ biến trong các buổi họp mặt, tiệc tùng ở Hàn Quốc.', 'a93b3b1d-8e93-4241-89fd-b9c8f916a288', '2026-01-11T09:51:05.041Z', '2026-01-11T09:51:05.041Z'),
  ('84bbff68-888e-495f-80c8-0093ba971bdb', '한국의 대표적인 술은 ______입니다.', 'Loại rượu đặc trưng của Hàn Quốc là ______.', ARRAY['맥주', '소주', '와인', '위스키']::text[], '소주', '소주 là ''rượu soju'', loại rượu truyền thống và phổ biến nhất ở Hàn Quốc.', 'f4eb4d43-9f12-4595-937e-0fdb567e5bcf', '2026-01-11T09:51:05.041Z', '2026-01-11T09:51:05.041Z'),
  ('5f5e0181-5c7b-4088-8dd2-325a292ea101', '______는/은 보통 삼겹살과 함께 마셔요.', '______ thường được uống cùng với thịt ba chỉ nướng.', ARRAY['커피', '소주', '주스', '우유']::text[], '소주', '소주 thường được uống kèm với 삼겹살 (thịt ba chỉ nướng) trong các bữa ăn Hàn Quốc.', 'f4eb4d43-9f12-4595-937e-0fdb567e5bcf', '2026-01-11T09:51:05.041Z', '2026-01-11T09:51:05.041Z'),
  ('97f997ca-4661-4aa3-bfef-31604c89948a', '약은 물과 함께 ______.', 'Uống thuốc cùng với nước.', ARRAY['먹어요', '마셔요', '씻어요', '입어요']::text[], '마셔요', '마시다 là động từ ''uống'', dùng cho tất cả các loại chất lỏng.', '8598f2e8-6646-41f7-9f84-c4b47d58db69', '2026-01-11T09:51:05.041Z', '2026-01-11T09:51:05.041Z'),
  ('173361ee-bb19-4974-9375-8ca2d34de79f', '커피를 ______ 전에 조금 식혀요.', 'Trước khi ______ cà phê, hãy để nguội một chút.', ARRAY['마시기', '먹기', '쓰기', '보기']::text[], '마시기', '마시다 có thể chuyển thành danh từ động từ 마시기 (việc uống) khi kết hợp với các trợ từ.', '8598f2e8-6646-41f7-9f84-c4b47d58db69', '2026-01-11T09:51:05.041Z', '2026-01-11T09:51:05.041Z'),
  ('e9fd8375-f8ae-417d-a6a7-ace6aa8480b0', '비타민이 풍부한 ______를 매일 먹는 것이 좋아요.', 'Nên ăn ______ giàu vitamin mỗi ngày.', ARRAY['과일', '고기', '빵', '치즈']::text[], '과일', '과일 có nghĩa là ''trái cây'', là thực phẩm tự nhiên giàu vitamin, chất xơ và khoáng chất tốt cho sức khỏe.', '1f72f6c2-be29-4711-8198-92e351c75f94', '2026-01-11T09:51:05.041Z', '2026-01-11T09:51:05.041Z'),
  ('60e069e1-cc3f-482c-956c-a4f3cabd1b5f', '아침에 ______과 요거트를 함께 먹어요.', 'Buổi sáng tôi ăn ______ cùng với sữa chua.', ARRAY['과일', '라면', '피자', '햄버거']::text[], '과일', '과일 thường được dùng trong bữa sáng hoặc như món tráng miệng, có thể kết hợp với nhiều món ăn khác.', '1f72f6c2-be29-4711-8198-92e351c75f94', '2026-01-11T09:51:05.041Z', '2026-01-11T09:51:05.041Z'),
  ('bc1a7fc4-5412-4a43-83c2-a6544304e1d0', '"하루에 ______ 한 개씩 먹으면 의사 멀리 간다"는 속담이 있어요.', 'Có câu tục ngữ "Mỗi ngày ăn một quả ______ thì không cần đến gặp bác sĩ".', ARRAY['사과', '배', '바나나', '딸기']::text[], '사과', '사과 có nghĩa là ''táo'', được coi là loại trái cây rất tốt cho sức khỏe trong văn hóa Hàn Quốc và nhiều nước khác.', '4e5d00d2-27e3-4e06-95f6-0748102ad855', '2026-01-11T09:51:05.041Z', '2026-01-11T09:51:05.041Z'),
  ('d9cdc07b-19d4-4d1e-93a0-7e81efb7f357', '______는 빨간색이나 초록색이에요.', '______ có màu đỏ hoặc xanh lá.', ARRAY['사과', '바나나', '포도', '수박']::text[], '사과', '사과 có nhiều giống với màu sắc khác nhau, phổ biến nhất là táo đỏ và táo xanh.', '4e5d00d2-27e3-4e06-95f6-0748102ad855', '2026-01-11T09:51:05.041Z', '2026-01-11T09:51:05.041Z'),
  ('33aadf9c-def1-4dd5-9865-f260f45d8306', '______는 운동 전에 먹기 좋은 에너지원이에요.', '______ là nguồn năng lượng tốt để ăn trước khi tập thể dục.', ARRAY['바나나', '오렌지', '사과', '배']::text[], '바나나', '바나나 có nghĩa là ''chuối'', giàu kali và carbohydrate, thích hợp để cung cấp năng lượng nhanh.', 'ddaeb8cd-9de2-458e-aacf-06dd411c0bd1', '2026-01-11T09:51:05.041Z', '2026-01-11T09:51:05.041Z'),
  ('e3037e88-9c38-460a-bdd8-a2e0d659a2e6', '아직 익지 않은 ______는 녹색이에요.', '______ chưa chín có màu xanh lá.', ARRAY['바나나', '사과', '딸기', '포도']::text[], '바나나', '바나나 khi chín chuyển từ màu xanh sang vàng, và cuối cùng có thể có đốm nâu khi quá chín.', 'ddaeb8cd-9de2-458e-aacf-06dd411c0bd1', '2026-01-11T09:51:05.041Z', '2026-01-11T09:51:05.041Z'),
  ('eeb1cb4a-0037-492f-afa2-1745a4ee89bd', '______는 빨간색에 씨가 겉에 있어요.', '______ có màu đỏ và hạt ở bên ngoài.', ARRAY['딸기', '사과', '바나나', '귤']::text[], '딸기', '딸기 có nghĩa là ''dâu tây'', có đặc điểm là quả đỏ, hạt nhỏ nằm bên ngoài vỏ.', '5920db48-9f34-4e1e-a26d-ee77de72ca0d', '2026-01-11T09:51:05.041Z', '2026-01-11T09:51:05.041Z'),
  ('51dbdcbf-8b27-48a6-a506-fa529afb711b', '______ 케이크는 많은 사람들이 좋아하는 디저트예요.', 'Bánh ______ là món tráng miệng được nhiều người yêu thích.', ARRAY['딸기', '포도', '배', '수박']::text[], '딸기', '딸기 thường được dùng làm nguyên liệu trong các món tráng miệng như bánh, kem, sinh tố.', '5920db48-9f34-4e1e-a26d-ee77de72ca0d', '2026-01-11T09:51:05.041Z', '2026-01-11T09:51:05.041Z'),
  ('68b7a22d-d0fe-4549-a511-c1fad410e83d', '______로 와인을 만들어요.', 'Người ta làm rượu vang từ ______.', ARRAY['포도', '사과', '오렌지', '바나나']::text[], '포도', '포도 có nghĩa là ''nho'', là nguyên liệu chính để sản xuất rượu vang và các sản phẩm từ nho khác.', '84d6678b-b557-4efc-8272-ee0b9b77a4b2', '2026-01-11T09:51:05.041Z', '2026-01-11T09:51:05.041Z'),
  ('2e748814-dec2-404e-b7d3-bfcd647de74a', '______는 보라색이나 초록색일 수 있어요.', '______ có thể có màu tím hoặc màu xanh lá.', ARRAY['포도', '딸기', '사과', '바나나']::text[], '포도', '포도 có nhiều giống với màu sắc khác nhau, phổ biến nhất là nho tím (적포도) và nho xanh (청포도).', '84d6678b-b557-4efc-8272-ee0b9b77a4b2', '2026-01-11T09:51:05.041Z', '2026-01-11T09:51:05.041Z'),
  ('26b1e0e5-6bfb-4162-beb1-f4e5a25ced97', '______는 비타민 C가 풍부해요.', '______ rất giàu vitamin C.', ARRAY['오렌지', '바나나', '사과', '포도']::text[], '오렌지', '오렌지 có nghĩa là ''cam'', là nguồn cung cấp vitamin C dồi dào, tốt cho hệ miễn dịch.', 'e97abfef-2f07-41db-8f1a-43fa792033a7', '2026-01-11T09:51:05.041Z', '2026-01-11T09:51:05.041Z'),
  ('1f4b7125-867a-454f-b223-ebfe3863b377', '겨울철에 ______를 많이 먹으면 감기 예방에 도움이 돼요.', 'Ăn nhiều ______ vào mùa đông giúp phòng ngừa cảm lạnh.', ARRAY['오렌지', '수박', '배', '딸기']::text[], '오렌지', '오렌지 với hàm lượng vitamin C cao thường được khuyên dùng trong mùa đông để tăng cường sức đề kháng.', 'e97abfef-2f07-41db-8f1a-43fa792033a7', '2026-01-11T09:51:05.041Z', '2026-01-11T09:51:05.041Z'),
  ('674df542-3166-431b-95a9-d25bde0edc83', '______는 90% 이상이 물로 이루어져 있어서 여름에 먹기 좋아요.', '______ có hơn 90% là nước, nên rất thích hợp để ăn vào mùa hè.', ARRAY['수박', '사과', '바나나', '포도']::text[], '수박', '수박 có nghĩa là ''dưa hấu'', có hàm lượng nước cao, giúp giải khát và cung cấp nước cho cơ thể trong mùa hè.', '53b538e1-31b3-49df-bbfe-e929a5f6703b', '2026-01-11T09:51:05.041Z', '2026-01-11T09:51:05.041Z'),
  ('a9f32a58-74c2-4ae8-b043-6bd9000ecca0', '______는 속이 빨간색이고 씨가 검은색이에요.', '______ có ruột màu đỏ và hạt màu đen.', ARRAY['수박', '딸기', '오렌지', '귤']::text[], '수박', '수박 truyền thống có ruột đỏ với nhiều hạt đen, mặc dù hiện nay cũng có giống không hạt (씨 없는 수박).', '53b538e1-31b3-49df-bbfe-e929a5f6703b', '2026-01-11T09:51:05.041Z', '2026-01-11T09:51:05.041Z'),
  ('0aed6604-ddd5-4404-a470-c881dede11a9', '한국의 ______는 아주 달고 맛있어요.', '______ của Hàn Quốc rất ngọt và ngon.', ARRAY['배', '바나나', '오렌지', '딸기']::text[], '배', '배 có nghĩa là ''lê'', Hàn Quốc nổi tiếng với giống lê 한국배 (lê Hàn Quốc) có vị ngọt thanh và giòn.', '8fc4cfba-89e0-4c9b-b7a2-ee5d09bc237b', '2026-01-11T09:51:05.041Z', '2026-01-11T09:51:05.041Z'),
  ('7dab0ada-6527-49ed-a044-a0d2fd957b0d', '기침할 때 ______를 먹으면 목이 편해져요.', 'Khi ho, ăn ______ sẽ làm dịu cổ họng.', ARRAY['배', '사과', '포도', '수박']::text[], '배', '배 có tính mát, thường được dùng trong y học cổ truyền để làm dịu cổ họng và giảm ho.', '8fc4cfba-89e0-4c9b-b7a2-ee5d09bc237b', '2026-01-11T09:51:05.041Z', '2026-01-11T09:51:05.041Z'),
  ('618b69ea-3c2b-4a21-a4b7-da49e5ea280e', '제주도 특산물로 유명한 ______은 겨울에 맛이 최고예요.', '______ nổi tiếng là đặc sản đảo Jeju, ngon nhất vào mùa đông.', ARRAY['귤', '사과', '바나나', '딸기']::text[], '귤', '귤 có nghĩa là ''quýt'', đặc biệt nổi tiếng với 제주감귤 (quýt đảo Jeju) - đặc sản của đảo Jeju, Hàn Quốc.', '36fc451f-fbaa-45b9-a464-c8aea987da21', '2026-01-11T09:51:05.041Z', '2026-01-11T09:51:05.041Z'),
  ('988f248c-ace1-4cfa-8626-743a38ebad90', '______은 껍질을 쉽게 벗길 수 있어요.', 'Có thể dễ dàng bóc vỏ ______.', ARRAY['귤', '사과', '배', '포도']::text[], '귤', '귤 có vỏ mỏng, dễ bóc, thường được ăn trực tiếp hoặc dùng làm nguyên liệu trong các món ăn, đồ uống.', '36fc451f-fbaa-45b9-a464-c8aea987da21', '2026-01-11T09:51:05.041Z', '2026-01-11T09:51:05.041Z'),
  ('d29ab40a-49f4-4931-83ff-3411c8ec0998', '어제 먹은 그 식당 음식은 정말 ______.', 'Món ăn ở nhà hàng hôm qua thực sự rất ______.', ARRAY['맛있었어요', '맛없었어요', '매웠어요', '쌌어요']::text[], '맛있었어요', '맛있다 là tính từ có nghĩa là ''ngon'', dùng để khen ngợi hương vị của món ăn.', '4787cd71-bf4c-42fa-9662-0874d35f6d25', '2026-01-11T09:51:05.041Z', '2026-01-11T09:51:05.041Z'),
  ('a66542be-422b-4553-9d75-03af83f99776', '______ 음식은 먹고 싶을 때마다 생각나요.', 'Món ăn ______ cứ mỗi lần muốn ăn là lại nhớ đến.', ARRAY['맛있는', '맛없는', '매운', '짜는']::text[], '맛있는', '맛있는 là dạng định ngữ của 맛있다, dùng trước danh để bổ nghĩa cho danh từ.', '4787cd71-bf4c-42fa-9662-0874d35f6d25', '2026-01-11T09:51:05.041Z', '2026-01-11T09:51:05.041Z'),
  ('2960399f-8bec-4ffd-af6d-67c9cd2146d7', '상한 재료로 만든 음식은 ______.', 'Món ăn làm từ nguyên liệu ôi thiu thì ______.', ARRAY['맛없어요', '맛있어요', '달아요', '시어요']::text[], '맛없어요', '맛없다 có nghĩa là ''không ngon'', ''dở'', dùng để chỉ món ăn có hương vị không tốt hoặc không hợp khẩu vị.', '9918d681-4305-4ee1-a17c-cb22eada5f95', '2026-01-11T09:51:05.041Z', '2026-01-11T09:51:05.041Z'),
  ('f3b8b9a9-87d7-4799-af03-ed69a2575c9d', '______ 식당에는 다시 안 갈 거예요.', 'Tôi sẽ không quay lại nhà hàng ______ nữa.', ARRAY['맛없는', '맛있는', '비싼', '저렴한']::text[], '맛없는', '맛없는 là dạng định ngữ của 맛없다, thường dùng để mô tả những nơi phục vụ đồ ăn không ngon.', '9918d681-4305-4ee1-a17c-cb22eada5f95', '2026-01-11T09:51:05.041Z', '2026-01-11T09:51:05.041Z'),
  ('3e21eba5-faf1-4c1c-8089-d6c8aa7ea534', '한국 음식 중에는 ______ 음식이 많아요.', 'Trong số các món ăn Hàn Quốc, có nhiều món ăn ______.', ARRAY['매운', '달콤한', '시큼한', '쓴']::text[], '매운', '맵다 có nghĩa là ''cay'', là đặc trưng nổi bật của nhiều món ăn Hàn Quốc nhờ sử dụng nhiều gochujang (tương ớt) và gochugaru (bột ớt).', '85e2b01a-f189-452f-9914-ef306aed8354', '2026-01-11T09:51:05.041Z', '2026-01-11T09:51:05.041Z'),
  ('bcb1c167-7ba5-427f-ac72-229f8b1d36fe', '______ 것을 잘 못 먹어서 조금만 먹었어요.', 'Vì không ăn được đồ ______ nên tôi chỉ ăn một chút thôi.', ARRAY['매운', '단', '신', '싱거운']::text[], '매운', '매운 là dạng định ngữ của 맵다, dùng để mô tả món ăn có vị cay.', '85e2b01a-f189-452f-9914-ef306aed8354', '2026-01-11T09:51:05.041Z', '2026-01-11T09:51:05.041Z'),
  ('4db3e6e2-4bd6-43a7-96fc-1e7f2322fb35', '아이들은 보통 ______ 것을 좋아해요.', 'Trẻ em thường thích những thứ ______.', ARRAY['단', '매운', '짜고', '쓴']::text[], '단', '달다 có nghĩa là ''ngọt'', chỉ vị ngọt của đường, mật ong, hoa quả... ''단'' là dạng định ngữ của 달다.', 'ea45ef22-939e-45c4-b472-cc8d802e7564', '2026-01-11T09:51:05.041Z', '2026-01-11T09:51:05.041Z'),
  ('a4c22fa7-6126-484b-b39a-323043a81207', '설탕을 많이 넣으면 커피가 ______.', 'Nếu cho nhiều đường thì cà phê sẽ ______.', ARRAY['달아져요', '매워져요', '짜져요', '시져요']::text[], '달아져요', '달다 thường dùng để mô tả vị ngọt tự nhiên hoặc nhân tạo trong thực phẩm.', 'ea45ef22-939e-45c4-b472-cc8d802e7564', '2026-01-11T09:51:05.041Z', '2026-01-11T09:51:05.041Z'),
  ('e4701da8-1349-47a4-8a83-674c53301717', '소금을 너무 많이 넣으면 ______.', 'Nếu cho quá nhiều muối thì sẽ ______.', ARRAY['짜져요', '달아져요', '매워져요', '시져요']::text[], '짜져요', '짜다 có nghĩa là ''mặn'', thường do lượng muối hoặc nước tương (간장) trong món ăn quá nhiều.', '32891fb1-d48f-467a-9d73-93eec1feb85a', '2026-01-11T09:51:05.041Z', '2026-01-11T09:51:05.041Z'),
  ('5cd5b404-b245-4d80-81fc-83dbc98f65e8', '______ 국을 먹고 나면 물을 많이 마셔야 해요.', 'Sau khi ăn canh ______, cần phải uống nhiều nước.', ARRAY['짜고', '단', '매운', '신']::text[], '짜고', '짜고 là dạng kết nối (và) của 짜다, dùng để nối tính từ với các tính từ khác khi mô tả nhiều đặc điểm.', '32891fb1-d48f-467a-9d73-93eec1feb85a', '2026-01-11T09:51:05.041Z', '2026-01-11T09:51:05.041Z'),
  ('02eefe4d-1486-400c-a317-48b05297d37d', '______ 과일은 비타민 C가 풍부해요.', 'Trái cây ______ thường giàu vitamin C.', ARRAY['신', '단', '매운', '쓴']::text[], '신', '시다 có nghĩa là ''chua'', chỉ vị chua của chanh, cam chua, dấm, sữa chua... ''신'' là dạng định ngữ.', 'a35e38c0-57f2-4b0c-ae2b-450cff9438ee', '2026-01-11T09:51:05.041Z', '2026-01-11T09:51:05.041Z'),
  ('c56e8ec0-a0e6-43d2-afe8-4c70df525325', '김치가 아직 덜 익어서 ______.', 'Kimchi chưa chín hẳn nên ______.', ARRAY['셔요', '달아요', '매워요', '짜요']::text[], '셔요', '시다 thường được dùng để mô tả vị chua trong quá trình lên men của thực phẩm như kimchi.', 'a35e38c0-57f2-4b0c-ae2b-450cff9438ee', '2026-01-11T09:51:05.041Z', '2026-01-11T09:51:05.041Z'),
  ('a6c1aca3-5424-49ae-a4de-440a77aa909f', '______ 커피보다는 단 커피를 더 좋아해요.', 'Tôi thích cà phê ngọt hơn là cà phê ______.', ARRAY['쓴', '신', '매운', '짜']::text[], '쓴', '쓰다 có nghĩa là ''đắng'', chỉ vị đắng của cà phê đen, mướp đắng, một số loại thuốc... ''쓴'' là dạng định ngữ.', 'c12e4943-07bc-4285-9667-299a159750d7', '2026-01-11T09:51:05.041Z', '2026-01-11T09:51:05.041Z'),
  ('92081c1e-e4c9-4199-8808-571994bd63c6', '호랑이는 ______ 약이라도 먹어야 해요.', 'Dù thuốc có ______ thế nào cũng phải uống.', ARRAY['쓴', '단', '신', '매운']::text[], '쓴', '쓰다 thường gắn với hình ảnh thuốc đắng, và có thành ngữ ''쓴 약도 먹어야 한다'' (thuốc đắng dã tật).', 'c12e4943-07bc-4285-9667-299a159750d7', '2026-01-11T09:51:05.041Z', '2026-01-11T09:51:05.041Z'),
  ('93944f62-8c35-4acb-a59f-5923193653f9', '건강을 생각해서 ______ 음식을 먹으려고 해요.', 'Vì nghĩ đến sức khỏe nên tôi cố gắng ăn đồ ăn ______.', ARRAY['싱거운', '짜고', '매운', '단']::text[], '싱거운', '싱겁다 có nghĩa là ''nhạt'', chỉ món ăn có ít muối, ít gia vị. ''싱거운'' là dạng định ngữ.', '43916797-d1dc-488e-a039-1773e05a443a', '2026-01-11T09:51:05.041Z', '2026-01-11T09:51:05.041Z'),
  ('23e25535-b371-4e8d-af3b-cd223d470e61', '나이가 들수록 ______ 음식을 선호하게 돼요.', 'Càng lớn tuổi thì người ta càng thích đồ ăn ______.', ARRAY['싱거운', '매운', '단', '짜고']::text[], '싱거운', '싱겁다 thường được khuyến khích trong chế độ ăn kiêng giảm muối vì lý do sức khỏe.', '43916797-d1dc-488e-a039-1773e05a443a', '2026-01-11T09:51:05.041Z', '2026-01-11T09:51:05.041Z'),
  ('ce0d092a-4ad7-4834-bd29-2f6da4a02d6d', '맛있는 ______을/를 찾고 있어요.', 'Tôi đang tìm một ______ ngon.', ARRAY['식당', '카페', '마트', '편의점']::text[], '식당', '식당 là ''nhà hàng'', nơi mọi người đến để ăn uống. Có nhiều loại 식당 khác nhau như 한식당, 중식당, 일식당.', '15d7e8b2-3123-4b5c-a163-2b2639526748', '2026-01-11T09:51:05.041Z', '2026-01-11T09:51:05.041Z'),
  ('427e6e87-935f-4b93-a4bb-73090dbcb356', '______에서 친구와 점심을 먹었어요.', 'Tôi đã ăn trưa với bạn ở ______.', ARRAY['식당', '학교', '병원', '은행']::text[], '식당', '식당 là địa điểm phổ biến để gặp gỡ, ăn uống cùng bạn bè, gia đình hoặc đồng nghiệp.', '15d7e8b2-3123-4b5c-a163-2b2639526748', '2026-01-11T09:51:05.041Z', '2026-01-11T09:51:05.041Z'),
  ('b5b0ec32-db2a-4720-9d8a-72f56ddb7c0a', '______을/를 보고 음식을 고르세요.', 'Hãy xem ______ và chọn món ăn.', ARRAY['메뉴판', '신문', '책', '지도']::text[], '메뉴판', '메뉴판 là ''thực đơn'', danh sách các món ăn và đồ uống có sẵn tại nhà hàng cùng với giá cả.', 'fc2dca6a-65bd-4287-87f5-dad082ec2129', '2026-01-11T09:51:05.041Z', '2026-01-11T09:51:05.041Z'),
  ('d9a57ffb-b55d-4619-8b5b-8b5457fd4479', '______이/가 없어서 뭘 시킬지 모르겠어요.', 'Vì không có ______ nên tôi không biết gọi món gì.', ARRAY['메뉴판', '친구', '돈', '시간']::text[], '메뉴판', '메뉴판 là công cụ cần thiết để khách hàng biết được nhà hàng có những món gì và giá cả ra sao.', 'fc2dca6a-65bd-4287-87f5-dad082ec2129', '2026-01-11T09:51:05.041Z', '2026-01-11T09:51:05.041Z'),
  ('36a1ea03-7a6b-4cc7-91ad-2a1259d637bc', '음식을 ______한 후에 기다려야 해요.', 'Sau khi ______ đồ ăn, phải chờ đợi.', ARRAY['주문하다', '먹다', '만들다', '씻다']::text[], '주문하다', '주문하다 là ''gọi món, đặt món'', là bước đầu tiên khi đến nhà hàng sau khi xem thực đơn.', '11ab5d78-ef8e-453f-8851-c503ac856aca', '2026-01-11T09:51:05.041Z', '2026-01-11T09:51:05.041Z'),
  ('dfd2175e-97d6-4c31-a9ae-f61e7275a11f', '직원이 "______?"라고 물어봐요.', 'Nhân viên hỏi "______?"', ARRAY['주문하시겠어요', '얼마예요', '누구예요', '뭐 해요']::text[], '주문하시겠어요', '주문하시겠어요? là câu hỏi lịch sự mà nhân viên phục vụ thường dùng để hỏi khách đã sẵn sàng gọi món chưa.', '11ab5d78-ef8e-453f-8851-c503ac856aca', '2026-01-11T09:51:05.041Z', '2026-01-11T09:51:05.041Z'),
  ('bfb58d36-f12e-4a37-9983-387e62b39c35', '직원을 부를 때 "______"라고 말해요.', 'Khi gọi nhân viên, nói "______".', ARRAY['여기요', '안녕하세요', '감사합니다', '미안합니다']::text[], '여기요', '여기요 hoặc 저기요 là cách gọi nhân viên phục vụ trong nhà hàng, quán ăn ở Hàn Quốc.', 'a61bd8d3-da66-483c-ac4b-cacd7300295a', '2026-01-11T09:51:05.041Z', '2026-01-11T09:51:05.041Z'),
  ('946fc3cb-bf27-4343-a78b-135f808002cc', '"______, 김밥 하나 더 주세요."', '"______, cho tôi thêm một cuốn kimbap nữa ạ."', ARRAY['저기요', '어디요', '뭐요', '왜요']::text[], '저기요', '저기요 và 여기요 có thể dùng thay thế nhau, thường kèm theo yêu cầu cụ thể (물 좀 주세요, 계산해 주세요).', 'a61bd8d3-da66-483c-ac4b-cacd7300295a', '2026-01-11T09:51:05.041Z', '2026-01-11T09:51:05.041Z'),
  ('8baf0158-58fe-4823-8afd-63c9f28df41c', '"______ 얼마예요?" 라고 물으면 가격을 묻는 거예요.', 'Khi hỏi "______ bao nhiêu tiền?" là đang hỏi giá của vật đó.', ARRAY['이거', '그거', '저거', '누구']::text[], '이거', '이거 là ''cái này'', dùng để chỉ vật ở gần người nói, thường dùng khi chỉ vào món ăn trong thực đơn.', '9b2e9e3f-c821-4fd7-825c-3e276ed90283', '2026-01-11T09:51:05.041Z', '2026-01-11T09:51:05.041Z'),
  ('43954c04-ea14-4623-8dbc-25401114fd77', '메뉴판을 가리키며 "______로 할게요."', 'Chỉ vào thực đơn và nói "Tôi sẽ chọn ______."', ARRAY['이거', '저기', '여기', '거기']::text[], '이거', '이거 thường được dùng khi gọi món bằng cách chỉ trực tiếp vào món trong thực đơn.', '9b2e9e3f-c821-4fd7-825c-3e276ed90283', '2026-01-11T09:51:05.041Z', '2026-01-11T09:51:05.041Z'),
  ('60851fff-c2e7-43b9-a0f7-aa46591bf143', '"김치찌개 하나 ______."', '"Cho tôi một phần kimchi jjigae ______."', ARRAY['주세요', '하세요', '보세요', '가세요']::text[], '주세요', '주세요 là cách nói lịch sự có nghĩa ''hãy cho tôi'', dùng để yêu cầu món ăn, đồ uống hoặc dịch vụ.', '31a3ecb0-04fa-4ad6-9ea2-9774b574e3eb', '2026-01-11T09:51:05.041Z', '2026-01-11T09:51:05.041Z'),
  ('546d928d-c015-4195-a539-b8468d9637bf', '음식을 시킬 때 "______"를/을 문장 끝에 붙여요.', 'Khi gọi đồ ăn, thêm "______" vào cuối câu.', ARRAY['주세요', '있어요', '예요', '했어요']::text[], '주세요', '주세요 là hình thức lịch sự (존댓말) của 주다 (cho), rất quan trọng khi giao tiếp trong nhà hàng.', '31a3ecb0-04fa-4ad6-9ea2-9774b574e3eb', '2026-01-11T09:51:05.041Z', '2026-01-11T09:51:05.041Z'),
  ('590326ba-7119-40e5-8fc1-d92810b0236d', '물건의 가격을 알고 싶을 때 "______?"라고 물어요.', 'Khi muốn biết giá của món đồ, hỏi "______?"', ARRAY['얼마예요', '뭐예요', '어디예요', '누구예요']::text[], '얼마예요', '얼마예요? là câu hỏi phổ biến để hỏi giá cả, dùng được trong nhiều tình huống mua sắm.', '652b0462-cd52-4f23-aa11-c88b2749ed64', '2026-01-11T09:51:05.041Z', '2026-01-11T09:51:05.041Z'),
  ('9e64d925-cf2e-4ceb-b8be-4e8ea8eb222f', '"이 음식 ______?"', '"Món ăn này ______?"', ARRAY['얼마예요', '뜨거워요', '맵아요', '시원해요']::text[], '얼마예요', '얼마예요? có thể dùng để hỏi giá của một món cụ thể hoặc toàn bộ hóa đơn.', '652b0462-cd52-4f23-aa11-c88b2749ed64', '2026-01-11T09:51:05.041Z', '2026-01-11T09:51:05.041Z'),
  ('dbaab1de-00fd-41e0-9109-df57ed1085cd', '다 먹고 나서 ______합니다.', 'Sau khi ăn xong thì ______.', ARRAY['계산하다', '주문하다', '요리하다', '쉬다']::text[], '계산하다', '계산하다 là ''thanh toán, tính tiền'', là bước cuối cùng khi ăn ở nhà hàng.', '4c11e673-16a3-40ea-8c50-06a700183cb6', '2026-01-11T09:51:05.041Z', '2026-01-11T09:51:05.041Z'),
  ('afd20668-da2e-4206-84a1-83585edcb973', '"______할게요."라고 말하면 내가 돈을 내겠다는 뜻이에요.', 'Nói "______" có nghĩa là tôi sẽ trả tiền.', ARRAY['계산해', '주문해', '먹을게', '갈게']::text[], '계산해', '계산하다 thường được dùng trong các tình huống như 계산할게요 (tôi sẽ trả), 계산해 주세요 (xin tính tiền giúp tôi).', '4c11e673-16a3-40ea-8c50-06a700183cb6', '2026-01-11T09:51:05.041Z', '2026-01-11T09:51:05.041Z'),
  ('a3f1f331-2472-40d1-be35-65a4ced9ae21', '다 못 먹은 음식을 ______해서 집에 가져가요.', 'Tôi ______ đồ ăn không ăn hết và mang về nhà.', ARRAY['포장하다', '버리다', '나누다', '팔다']::text[], '포장하다', '포장하다 là ''gói lại, đóng gói'', thường dùng khi muốn mang đồ ăn thừa về nhà hoặc mua đồ ăn mang về.', '21d7abc3-ba86-468b-a0ed-5b2abd97ea91', '2026-01-11T09:51:05.041Z', '2026-01-11T09:51:05.041Z'),
  ('71cc12c3-6ad7-44da-bbca-12091d5937a2', '"______해서 가져갈게요."', '"Tôi sẽ ______ và mang đi."', ARRAY['포장', '주문', '계산', '먹고']::text[], '포장', '포장하다 có thể rút gọn thành 포장 khi dùng trong các cụm từ như 포장해 주세요, 포장해서 가져갈게요.', '21d7abc3-ba86-468b-a0ed-5b2abd97ea91', '2026-01-11T09:51:05.041Z', '2026-01-11T09:51:05.041Z');

COMMIT;