BEGIN;

-- LearningGroup: Khoa học & Công nghệ (과학 및 기술)
INSERT INTO "LearningGroup" (id, name, icon, "order", "topikLevel", "createdAt", "updatedAt") VALUES ('44839f04-2309-4f1a-ac89-8e775b89a9a4', 'Khoa học & Công nghệ (과학 및 기술)', NULL, 4, 3, '2026-01-11T09:51:05.044Z', '2026-01-11T09:51:05.044Z');

-- Categories (6 categories)
INSERT INTO "Category" (id, name, description, icon, "order", "topikLevel", "groupId", "createdAt", "updatedAt") VALUES ('54b4c17c-d7fb-4caa-b143-b66fda9621ec', 'Công nghệ thông tin & AI (IT 기술 및 인공지능)', 'Từ vựng về các công nghệ thông tin cốt lõi, trí tuệ nhân tạo và học máy', '🤖', 1, 3, '44839f04-2309-4f1a-ac89-8e775b89a9a4', '2026-01-11T09:51:05.044Z', '2026-01-11T09:51:05.044Z'),
  ('9c90cd5f-dfa7-461c-ad2c-dee66f408c3f', 'Khoa học Đời sống & Công nghệ Sinh học (생명 과학 및 바이오 기술)', 'Từ vựng về các khái niệm nền tảng và công nghệ tiên tiến trong lĩnh vực sinh học và công nghệ sinh học.', '🧬', 2, 3, '44839f04-2309-4f1a-ac89-8e775b89a9a4', '2026-01-11T09:51:05.044Z', '2026-01-11T09:51:05.044Z'),
  ('b7003817-c15e-47e5-b153-24fcace2bc44', 'Vật lý & Vũ trụ học (물리학 및 우주론)', 'Từ vựng về các lý thuyết vật lý cơ bản, khái niệm vũ trụ học và hiện tượng thiên văn học lớn', '🌌', 3, 3, '44839f04-2309-4f1a-ac89-8e775b89a9a4', '2026-01-11T09:51:05.044Z', '2026-01-11T09:51:05.044Z'),
  ('24c15cdc-d7f8-454c-9885-66be76f395e4', 'Khoa học Môi trường (환경 과학)', 'Từ vựng về các vấn đề môi trường, biến đổi khí hậu và bảo tồn thiên nhiên', '🌱', 4, 3, '44839f04-2309-4f1a-ac89-8e775b89a9a4', '2026-01-11T09:51:05.044Z', '2026-01-11T09:51:05.044Z'),
  ('4a499500-0404-40ea-9d5c-4fe27391375e', 'Khoa học Não bộ & Tâm lý học Nhận thức (뇌 과학 및 인지 심리학)', 'Từ vựng về cấu trúc, chức năng của não bộ và các quá trình tinh thần như nhận thức, học tập, ra quyết định.', '🧠', 5, 3, '44839f04-2309-4f1a-ac89-8e775b89a9a4', '2026-01-11T09:51:05.044Z', '2026-01-11T09:51:05.044Z'),
  ('a2ec2c5e-ec9e-4f49-9069-1384574ae74d', 'Y học & Dược học (의학 및 약학)', 'Từ vựng về các khái niệm y học hiện đại, nghiên cứu dược phẩm, bệnh lý và phương pháp điều trị tiên tiến', '🩺', 6, 3, '44839f04-2309-4f1a-ac89-8e775b89a9a4', '2026-01-11T09:51:05.044Z', '2026-01-11T09:51:05.044Z');

-- Vocabulary Words
INSERT INTO "Vocabulary" (id, korean, hanja, vietnamese, pronunciation, example, "exampleTranslation", "categoryId", "createdAt", "updatedAt") VALUES ('38d11a0c-db09-4a48-b685-2e2924f614a1', '머신러닝', NULL, 'Học máy (Machine Learning)', 'meosilleoning', '머신러닝은 데이터로부터 패턴을 학습하여 스스로 성능을 개선하는 기술이다.', 'Học máy là công nghệ tự cải thiện hiệu suất bằng cách học các mẫu từ dữ liệu.', '54b4c17c-d7fb-4caa-b143-b66fda9621ec', '2026-01-11T09:51:05.044Z', '2026-01-11T09:51:05.044Z'),
  ('03271f29-6978-40a1-a0cf-6796ee5b4f3b', '딥러닝', NULL, 'Học sâu (Deep Learning)', 'dimneoning', '딥러닝 기술은 이미지 인식과 자연어 처리 분야에서 획기적인 발전을 이끌었다.', 'Công nghệ học sâu đã dẫn đến sự phát triển đột phá trong lĩnh vực nhận dạng hình ảnh và xử lý ngôn ngữ tự nhiên.', '54b4c17c-d7fb-4caa-b143-b66fda9621ec', '2026-01-11T09:51:05.044Z', '2026-01-11T09:51:05.044Z'),
  ('21cc08aa-e803-4fbc-a8e5-402a8b22e80c', '블록체인', NULL, 'Chuỗi khối (Blockchain)', 'beullokchein', '블록체인 기술은 금융 거래의 투명성과 보안성을 높일 수 있다.', 'Công nghệ blockchain có thể nâng cao tính minh bạch và bảo mật của các giao dịch tài chính.', '54b4c17c-d7fb-4caa-b143-b66fda9621ec', '2026-01-11T09:51:05.044Z', '2026-01-11T09:51:05.044Z'),
  ('df0912ec-5d82-486f-8b54-78b00cb5e133', '알고리즘', NULL, 'Thuật toán', 'algorijeum', '추천 시스템은 정교한 알고리즘을 기반으로 사용자에게 맞춤형 콘텐츠를 제공한다.', 'Hệ thống đề xuất cung cấp nội dung được cá nhân hóa cho người dùng dựa trên các thuật toán tinh vi.', '54b4c17c-d7fb-4caa-b143-b66fda9621ec', '2026-01-11T09:51:05.044Z', '2026-01-11T09:51:05.044Z'),
  ('23628d2e-3295-49f0-b44d-2f7e194fd5ea', '자연어 처리 (NLP)', '自然語 處理', 'Xử lý ngôn ngữ tự nhiên', 'jayeon-eo cheori', '챗봇은 자연어 처리 기술을 활용하여 사람과 대화하는 인공지능 프로그램이다.', 'Chatbot là một chương trình trí tuệ nhân tạo đối thoại với con người bằng cách sử dụng công nghệ xử lý ngôn ngữ tự nhiên.', '54b4c17c-d7fb-4caa-b143-b66fda9621ec', '2026-01-11T09:51:05.044Z', '2026-01-11T09:51:05.044Z'),
  ('f65c4f33-696a-458a-8e3d-127ff44b7779', '유전 공학', NULL, 'Kỹ thuật di truyền', 'yujeon gonghak', '유전 공학 기술을 통해 특정 질병에 강한 작물을 개발할 수 있다.', 'Có thể phát triển các loại cây trồng kháng bệnh cụ thể thông qua kỹ thuật di truyền.', '9c90cd5f-dfa7-461c-ad2c-dee66f408c3f', '2026-01-11T09:51:05.044Z', '2026-01-11T09:51:05.044Z'),
  ('b7ac42b7-27a9-4ced-ab3a-e6e92c3d8d20', '줄기세포', NULL, 'Tế bào gốc', 'julgisepo', '줄기세포 연구는 손상된 조직을 재생시키는 등 난치병 치료의 가능성을 열었다.', 'Nghiên cứu tế bào gốc đã mở ra khả năng điều trị các bệnh nan y, chẳng hạn như tái tạo các mô bị tổn thương.', '9c90cd5f-dfa7-461c-ad2c-dee66f408c3f', '2026-01-11T09:51:05.044Z', '2026-01-11T09:51:05.044Z'),
  ('2de7db19-a7b9-44d4-ab59-9071079ecc1a', '유전자 변형 (GMO)', NULL, 'Biến đổi gen (GMO)', 'yujeonja byeonhyeong', '유전자 변형 식품의 안전성에 대한 논쟁은 계속되고 있다.', 'Cuộc tranh cãi về sự an toàn của thực phẩm biến đổi gen vẫn đang tiếp diễn.', '9c90cd5f-dfa7-461c-ad2c-dee66f408c3f', '2026-01-11T09:51:05.044Z', '2026-01-11T09:51:05.044Z'),
  ('8b6628a9-75bd-44a4-b8c4-f10afe51d7b5', '복제', NULL, 'Nhân bản', 'bokje', '동물 복제는 심각한 윤리적 문제를 야기하며 사회적 합의가 필요하다.', 'Nhân bản động vật gây ra những vấn đề đạo đức nghiêm trọng và cần có sự đồng thuận của xã hội.', '9c90cd5f-dfa7-461c-ad2c-dee66f408c3f', '2026-01-11T09:51:05.044Z', '2026-01-11T09:51:05.044Z'),
  ('d957816c-a35b-4eaf-969b-526cc4790a68', 'DNA (디옥시리보핵산)', NULL, 'DNA (Axit deoxyribonucleic)', 'di-ok-si-ri-bo-haek-san', 'DNA 분석을 통해 개인의 신원을 확인하거나 유전 질환을 예측할 수 있다.', 'Thông qua phân tích DNA, có thể xác nhận danh tính cá nhân hoặc dự đoán các bệnh di truyền.', '9c90cd5f-dfa7-461c-ad2c-dee66f408c3f', '2026-01-11T09:51:05.044Z', '2026-01-11T09:51:05.044Z'),
  ('e25317d5-89f3-446a-b42c-13f54f8c4381', '상대성 이론', NULL, 'Thuyết tương đối', 'sangdaeseong iron', '아인슈타인의 상대성 이론은 시간과 공간에 대한 우리의 이해를 바꾸어 놓았다.', 'Thuyết tương đối của Einstein đã làm thay đổi sự hiểu biết của chúng ta về thời gian và không gian.', 'b7003817-c15e-47e5-b153-24fcace2bc44', '2026-01-11T09:51:05.044Z', '2026-01-11T09:51:05.044Z'),
  ('12162247-ec71-47e3-9461-6763e0323260', '양자 역학', NULL, 'Cơ học lượng tử', 'yangja yeokhak', '양자 역학은 미시 세계의 입자들의 운동을 설명하는 물리 이론이다.', 'Cơ học lượng tử là một lý thuyết vật lý giải thích chuyển động của các hạt trong thế giới vi mô.', 'b7003817-c15e-47e5-b153-24fcace2bc44', '2026-01-11T09:51:05.044Z', '2026-01-11T09:51:05.044Z'),
  ('58c7a827-4daf-4632-a1ab-8c10b8e18ff9', '빅뱅 이론', NULL, 'Thuyết Vụ Nổ Lớn (Big Bang)', 'bikbaeng iron', '빅뱅 이론에 따르면 우주는 약 138억 년 전 한 점에서 시작되었다.', 'Theo thuyết Big Bang, vũ trụ bắt đầu từ một điểm duy nhất khoảng 13,8 tỷ năm trước.', 'b7003817-c15e-47e5-b153-24fcace2bc44', '2026-01-11T09:51:05.044Z', '2026-01-11T09:51:05.044Z'),
  ('97afb362-8c35-41d3-be67-e6ae94a95279', '블랙홀', NULL, 'Lỗ đen', 'beullaekhol', '블랙홀은 중력이 매우 강하여 빛조차 빠져나올 수 없는 천체이다.', 'Lỗ đen là một thiên thể có lực hấp dẫn mạnh đến mức ngay cả ánh sáng cũng không thể thoát ra được.', 'b7003817-c15e-47e5-b153-24fcace2bc44', '2026-01-11T09:51:05.044Z', '2026-01-11T09:51:05.044Z'),
  ('04eacd67-f164-4185-9914-17bc285950d5', '우주 팽창', NULL, 'Sự giãn nở của vũ trụ', 'uju paengchang', '허블의 관측은 우주가 계속 팽창하고 있다는 사실을 증명했다.', 'Quan sát của Hubble đã chứng minh một thực tế rằng vũ trụ đang liên tục giãn nở.', 'b7003817-c15e-47e5-b153-24fcace2bc44', '2026-01-11T09:51:05.044Z', '2026-01-11T09:51:05.044Z'),
  ('5e10f597-983e-48b4-ab93-8101c7dc342b', '지구 온난화', '地球 溫暖化', 'Sự nóng lên toàn cầu', 'jigu onnan-hwa', '지구 온난화는 해수면 상승과 이상 기후의 주요 원인이다.', 'Sự nóng lên toàn cầu là nguyên nhân chính của việc nước biển dâng và thời tiết bất thường.', '24c15cdc-d7f8-454c-9885-66be76f395e4', '2026-01-11T09:51:05.044Z', '2026-01-11T09:51:05.044Z'),
  ('4e75c448-10d6-4974-b491-592de48899f8', '생태계 교란', '生態系 攪亂', 'Sự xáo trộn hệ sinh thái', 'saengtaegye gyoran', '외래종의 유입은 토종 생태계 교란을 일으킬 수 있다.', 'Sự du nhập của các loài ngoại lai có thể gây ra sự xáo trộn hệ sinh thái bản địa.', '24c15cdc-d7f8-454c-9885-66be76f395e4', '2026-01-11T09:51:05.044Z', '2026-01-11T09:51:05.044Z'),
  ('314eb052-5bc4-48cc-a2d7-0df1ef6e8a53', '탄소 발자국', '炭素 發跡', 'Dấu chân carbon', 'tanso baljaguk', '개인의 소비 습관은 탄소 발자국 크기에 직접적인 영향을 미친다.', 'Thói quen tiêu dùng của cá nhân ảnh hưởng trực tiếp đến quy mô của dấu chân carbon.', '24c15cdc-d7f8-454c-9885-66be76f395e4', '2026-01-11T09:51:05.044Z', '2026-01-11T09:51:05.044Z'),
  ('178d70ef-ec16-47d5-837f-2bcb7f45e392', '생물 다양성', '生物 多樣性', 'Đa dạng sinh học', 'saengmul dayangseong', '삼림 파괴는 생물 다양성 감소의 가장 큰 원인 중 하나이다.', 'Phá rừng là một trong những nguyên nhân lớn nhất gây suy giảm đa dạng sinh học.', '24c15cdc-d7f8-454c-9885-66be76f395e4', '2026-01-11T09:51:05.044Z', '2026-01-11T09:51:05.044Z'),
  ('f99bf85a-9cc9-4d5e-ba88-2789d1731c96', '오존층 파괴', '臭氧層 破壞', 'Sự phá hủy tầng ozone', 'ojoncheung pagoe', '프레온 가스 사용 금지는 오존층 파괴를 막기 위한 조치였다.', 'Việc cấm sử dụng khí Freon là một biện pháp để ngăn chặn sự phá hủy tầng ozone.', '24c15cdc-d7f8-454c-9885-66be76f395e4', '2026-01-11T09:51:05.044Z', '2026-01-11T09:51:05.044Z'),
  ('736ae6d7-5eb4-48c3-a84c-e48b41184067', '뉴런 (신경세포)', NULL, 'Nơ-ron (Tế bào thần kinh)', 'nyureon (sin-gyeongsepo)', '뇌는 수많은 뉴런들이 연결되어 복잡한 네트워크를 이룬다.', 'Não bộ hình thành một mạng lưới phức tạp do vô số nơ-ron kết nối với nhau.', '4a499500-0404-40ea-9d5c-4fe27391375e', '2026-01-11T09:51:05.044Z', '2026-01-11T09:51:05.044Z'),
  ('c7adfaf5-34e6-40d5-aedb-c2d5d687171a', '시냅스', NULL, 'Khớp thần kinh (Synapse)', 'sinaepseu', '학습은 시냅스의 연결 강도가 변하는 과정이라고 할 수 있다.', 'Học tập có thể được coi là quá trình mà độ mạnh của các kết nối khớp thần kinh thay đổi.', '4a499500-0404-40ea-9d5c-4fe27391375e', '2026-01-11T09:51:05.044Z', '2026-01-11T09:51:05.044Z'),
  ('46fc9c1f-3822-449a-9970-af9870fcb22e', '인지 부조화', NULL, 'Bất hòa nhận thức', 'inji bujohwa', '사람들은 자신의 신념과 행동이 다를 때 인지 부조화를 경험한다.', 'Con người trải qua sự bất hòa nhận thức khi niềm tin và hành động của họ khác nhau.', '4a499500-0404-40ea-9d5c-4fe27391375e', '2026-01-11T09:51:05.044Z', '2026-01-11T09:51:05.044Z'),
  ('515374c4-ed55-466a-ad2c-86da553bb82c', '무의식', NULL, 'Vô thức', 'mu-uisik', '프로이트는 인간의 행동이 무의식의 영향을 크게 받는다고 주장했다.', 'Freud cho rằng hành vi của con người bị ảnh hưởng lớn bởi vô thức.', '4a499500-0404-40ea-9d5c-4fe27391375e', '2026-01-11T09:51:05.044Z', '2026-01-11T09:51:05.044Z'),
  ('0d897bd2-b896-4b31-a51a-bf063e322ab7', '의사 결정', NULL, 'Ra quyết định', 'uisa gyeoljeong', '뇌 과학은 인간의 의사 결정 과정에 대한 신경학적 기반을 연구한다.', 'Khoa học não bộ nghiên cứu nền tảng thần kinh học của quá trình ra quyết định của con người.', '4a499500-0404-40ea-9d5c-4fe27391375e', '2026-01-11T09:51:05.044Z', '2026-01-11T09:51:05.044Z'),
  ('9f4b6444-d35b-4cc7-a146-da9867e1d91e', '임상 시험', NULL, 'Thử nghiệm lâm sàng', 'imsang siheom', '신약은 시판되기 전에 여러 단계의 임상 시험을 거쳐야 한다.', 'Một loại thuốc mới phải trải qua nhiều giai đoạn thử nghiệm lâm sàng trước khi được đưa ra thị trường.', 'a2ec2c5e-ec9e-4f49-9069-1384574ae74d', '2026-01-11T09:51:05.044Z', '2026-01-11T09:51:05.044Z'),
  ('b4284391-3b63-42d5-b74e-ed59843349f4', '항체 (抗體)', NULL, 'Kháng thể', 'hangche', '항체는 우리 몸에 침입한 바이러스나 세균에 대항하는 단백질이다.', 'Kháng thể là một loại protein chống lại virus hoặc vi khuẩn xâm nhập vào cơ thể chúng ta.', 'a2ec2c5e-ec9e-4f49-9069-1384574ae74d', '2026-01-11T09:51:05.044Z', '2026-01-11T09:51:05.044Z'),
  ('b181534e-bbf2-48bb-9de7-5872f0f4ab0b', '악성 종양 (암)', NULL, 'Khối u ác tính (Ung thư)', 'akseong jong-yang (am)', '조기 발견은 악성 종양의 치료 성공률을 높인다.', 'Phát hiện sớm làm tăng tỷ lệ thành công trong điều trị các khối u ác tính.', 'a2ec2c5e-ec9e-4f49-9069-1384574ae74d', '2026-01-11T09:51:05.044Z', '2026-01-11T09:51:05.044Z'),
  ('e06838fe-55ff-437a-94a6-6b005850bfd7', '난치병', NULL, 'Bệnh nan y', 'nanchibyeong', '줄기세포 연구는 알츠하이머와 같은 난치병 치료에 희망을 주고 있다.', 'Nghiên cứu tế bào gốc đang mang lại hy vọng cho việc điều trị các bệnh nan y như Alzheimer.', 'a2ec2c5e-ec9e-4f49-9069-1384574ae74d', '2026-01-11T09:51:05.044Z', '2026-01-11T09:51:05.044Z'),
  ('dbdecf8e-fa3d-4d1e-976d-5feae14b9959', '유전자 치료', NULL, 'Liệu pháp gen', 'yujeonja chiryo', '유전자 치료는 결함이 있는 유전자를 정상 유전자로 대체하여 질병을 치료하는 기술이다.', 'Liệu pháp gen là kỹ thuật điều trị bệnh bằng cách thay thế gen bị lỗi bằng gen bình thường.', 'a2ec2c5e-ec9e-4f49-9069-1384574ae74d', '2026-01-11T09:51:05.044Z', '2026-01-11T09:51:05.044Z');

-- Quiz Questions
INSERT INTO "QuizQuestion" (id, question, "questionTranslation", options, "correctAnswer", explanation, "VocabularyId", "createdAt", "updatedAt") VALUES ('89b242f1-7504-4e07-b250-fabaf5aaecbb', '인공지능의 한 분야로, 데이터를 분석해 스스로 규칙을 학습하고 예측이나 판단을 할 수 있도록 컴퓨터를 훈련시키는 기술은?', 'Một lĩnh vực của trí tuệ nhân tạo, công nghệ huấn luyện máy tính tự học quy tắc từ dữ liệu để có thể dự đoán hoặc đưa ra quyết định là gì?', ARRAY['블록체인', '머신러닝', '클라우드 컴퓨팅', '가상현실']::text[], '머신러닝', '머신러닝 (Machine Learning)은 인공지능의 핵심 기술로, 명시적인 프로그래밍 없이 데이터를 통해 컴퓨터가 학습하고 성능을 향상시키는 능력을 개발합니다. 스팸 필터, 추천 시스템, 주가 예측 등에 사용됩니다.', '38d11a0c-db09-4a48-b685-2e2924f614a1', '2026-01-11T09:51:05.044Z', '2026-01-11T09:51:05.044Z'),
  ('45d1c669-0f30-4e77-a197-74ae2e1d2e94', '______의 세 가지 주요 범주는 지도 학습, 비지도 학습, 강화 학습입니다.', 'Ba danh mục chính của ______ là học có giám sát, học không giám sát và học tăng cường.', ARRAY['알고리즘', '머신러닝', '네트워킹', '데이터베이스']::text[], '머신러닝', '지도 학습(정답이 있는 데이터로 학습), 비지도 학습(패턴 발견), 강화 학습(보상 시스템을 통한 학습)은 머신러닝의 주요 접근 방식입니다. 각각은 다른 문제 유형에 적합합니다.', '38d11a0c-db09-4a48-b685-2e2924f614a1', '2026-01-11T09:51:05.044Z', '2026-01-11T09:51:05.044Z'),
  ('11ee22ff-7798-448e-818f-39123d8a62aa', '인공 신경망을 깊게 쌓아 복잡한 패턴을 학습하는 머신러닝의 하위 분야는 무엇인가요?', 'Lĩnh vực con của học máy, xếp chồng sâu các mạng thần kinh nhân tạo để học các mẫu phức tạp là gì?', ARRAY['머신러닝', '딥러닝', '알고리즘', '블록체인']::text[], '딥러닝', '딥러닝 (Deep Learning)은 ''심층 신경망''을 사용하는 머신러닝의 한 분야입니다. 여러 층(레이어)으로 구성된 신경망이 데이터의 계층적 특징을 자동으로 추출하여 이미지, 음성, 텍스트 등의 복잡한 정보를 처리하는 데 뛰어납니다.', '03271f29-6978-40a1-a0cf-6796ee5b4f3b', '2026-01-11T09:51:05.044Z', '2026-01-11T09:51:05.044Z'),
  ('c2f4d97f-0a8f-4ede-b99a-b3b92b97c64c', '구글 알파고나 자율주행차, 고급 얼굴 인식 시스템의 핵심 기술은 ______입니다.', 'Công nghệ cốt lõi của Google AlphaGo, xe tự lái, và hệ thống nhận diện khuôn mặt cao cấp là ______.', ARRAY['딥러닝', '스프레드시트', '워드프로세서', '이메일']::text[], '딥러닝', '딥러닝은 컴퓨터 비전(이미지/비디오 인식), 음성 인식, 자연어 처리(NLP), 의료 진단, 신약 개발 등 다양한 첨단 분야에서 혁신을 주도하고 있습니다. 인간 수준을 넘어서는 성능을 보여주는 경우도 많습니다.', '03271f29-6978-40a1-a0cf-6796ee5b4f3b', '2026-01-11T09:51:05.044Z', '2026-01-11T09:51:05.044Z'),
  ('06dfaad4-b5ac-4ebb-819e-a2a55af6dc58', '데이터를 ''블록''으로 연결하고 분산 저장하여 위조나 해킹이 거의 불가능한 디지털 장부 기술을 뭐라고 하나요?', 'Công nghệ sổ cái kỹ thuật số kết nối dữ liệu thành các ''khối'' và lưu trữ phân tán, khiến việc giả mạo hoặc hack gần như không thể được gọi là gì?', ARRAY['클라우드 스토리지', '블록체인', '암호화폐', 'P2P 네트워크']::text[], '블록체인', '블록체인 (Blockchain)은 중앙 서버 없이 네트워크의 모든 참여자(노드)가 거래 내역을 공유하고 검증하는 분산 원장 기술입니다. 데이터가 한번 기록되면 수정이나 삭제가 매우 어려워 신뢰와 투명성을 보장합니다.', '21cc08aa-e803-4fbc-a8e5-402a8b22e80c', '2026-01-11T09:51:05.044Z', '2026-01-11T09:51:05.044Z'),
  ('f23b2603-a32c-4f8a-8658-6490bfe06334', '비트코인과 같은 암호화폐의 기반 기술은 ______입니다.', 'Công nghệ nền tảng của các loại tiền mã hóa như Bitcoin là ______.', ARRAY['인공지능', '블록체인', '3D 프린팅', '사물인터넷']::text[], '블록체인', '비트코인이 블록체인 기술을 대중화시킨 대표적인 적용 사례입니다. 하지만 블록체인의 용도는 암호화폐에만 국한되지 않고, 스마트 계약, 공급망 관리, 디지털 신원 확인, 투표 시스템 등에도 활용될 수 있습니다.', '21cc08aa-e803-4fbc-a8e5-402a8b22e80c', '2026-01-11T09:51:05.044Z', '2026-01-11T09:51:05.044Z'),
  ('34b43be1-5e3e-43d3-aadf-2aa5c27db06c', '컴퓨터가 특정 문제를 해결하거나 작업을 수행하기 위해 따라야 할 명확하고 유한한 단계들의 집합을 뭐라고 하나요?', 'Tập hợp các bước rõ ràng và hữu hạn mà máy tính phải tuân theo để giải quyết một vấn đề cụ thể hoặc thực hiện một tác vụ được gọi là gì?', ARRAY['프로그램', '알고리즘', '소프트웨어', '하드웨어']::text[], '알고리즘', '알고리즘 (Algorithm)은 요리 레시피처럼, 입력을 받아 정의된 처리 단계를 거쳐 원하는 출력을 생성하는 방법입니다. 검색, 정렬, 암호화, 데이터 분석 등 모든 컴퓨터 프로그램의 핵심입니다.', 'df0912ec-5d82-486f-8b54-78b00cb5e133', '2026-01-11T09:51:05.044Z', '2026-01-11T09:51:05.044Z'),
  ('8e815983-5c78-4400-a65a-31cf7bb6923b', '유튜브나 넷플릭스가 사용자의 시청 기록을 분석해 새로운 영상을 추천하는 데는 복잡한 ______이/가 작동하고 있습니다.', 'Các ______ phức tạp đang hoạt động khi YouTube hoặc Netflix phân tích lịch sử xem của người dùng để đề xuất video mới.', ARRAY['알고리즘', '전기 공급', '디스플레이', '스피커']::text[], '알고리즘', '추천 알고리즘은 협업 필터링, 콘텐츠 기반 필터링 등 다양한 기술을 사용하여 사용자의 취향과 행동을 예측하고 개인화된 콘텐츠를 제안합니다. 이는 플랫폼의 사용자 참여도를 높이는 핵심 요소입니다.', 'df0912ec-5d82-486f-8b54-78b00cb5e133', '2026-01-11T09:51:05.044Z', '2026-01-11T09:51:05.044Z'),
  ('c180edbe-3418-488a-b5fc-03c566d5cdbf', '컴퓨터가 인간의 언어(말과 글)를 이해, 분석, 생성할 수 있도록 하는 인공지능 기술 분야는?', 'Lĩnh vực công nghệ trí tuệ nhân tạo giúp máy tính có thể hiểu, phân tích và tạo ra ngôn ngữ của con người (nói và viết) là gì?', ARRAY['컴퓨터 비전', '자연어 처리 (NLP)', '음성 합성', '로보틱스']::text[], '자연어 처리 (NLP)', '자연어 처리 (Natural Language Processing, NLP)는 인간 언어와 컴퓨터 사이의 상호 작용을 연구하는 인공지능 분야입니다. 기계 번역, 감성 분석, 텍스트 요약, 챗봇, 음성 비서 등에 활용됩니다.', '23628d2e-3295-49f0-b44d-2f7e194fd5ea', '2026-01-11T09:51:05.044Z', '2026-01-11T09:51:05.044Z'),
  ('ffd3b0c9-9956-4224-b562-241981bfa9e7', '구글 번역, 네이버 파파고, 애플 시리, 구글 어시스턴트 등은 모두 ______ 기술의 응용 사례입니다.', 'Google Dịch, Naver Papago, Apple Siri, Google Assistant đều là những ví dụ ứng dụng của công nghệ ______.', ARRAY['블록체인', '자연어 처리', '양자 컴퓨팅', '증강현실']::text[], '자연어 처리', 'NLP는 텍스트(번역, 검색, 요약)와 음성(음성 인식, 음성 합성, 음성 비서)을 모두 포함합니다. 딥러닝의 발전으로 이 분야의 성능이 눈에 띄게 향상되었습니다.', '23628d2e-3295-49f0-b44d-2f7e194fd5ea', '2026-01-11T09:51:05.044Z', '2026-01-11T09:51:05.044Z'),
  ('0c4faac1-f04d-4dc7-9add-6e8730d5bedb', '생물의 유전 물질(DNA)을 직접 조작하여 유용한 형질을 가진 새로운 생물체를 만들거나, 질병 치료제를 생산하는 기술을 무엇이라고 하나요?', 'Kỹ thuật thao tác trực tiếp vật chất di truyền (DNA) của sinh vật để tạo ra sinh vật mới có đặc tính hữu ích hoặc sản xuất dược phẩm trị bệnh được gọi là gì?', ARRAY['줄기세포 치료', 'DNA 염기서열 분석', '유전 공학', '생물 복제']::text[], '유전 공학', '''유전 공학'' có nghĩa là ''Kỹ thuật di truyền''. 이는 제한 효소, 재조합 DNA 기술, 유전자 가위(CRISPR) 등을 이용해 특정 유전자를 분리, 변형, 삽입하여 원하는 특성을 나타내도록 하는 기술이다. 인슐린 생산, GMO 작물 개발 등이 대표적 적용 사례이다.', 'f65c4f33-696a-458a-8e3d-127ff44b7779', '2026-01-11T09:51:05.044Z', '2026-01-11T09:51:05.044Z'),
  ('90db903e-70de-42bf-9be8-3094a31785aa', '신체의 다양한 종류의 세포로 분화할 수 있는 능력을 지니며, 손상된 조직이나 장기를 재생하는 치료의 핵심이 되는 미분화 세포는 무엇인가요?', 'Loại tế bào chưa biệt hóa có khả năng phát triển thành nhiều loại tế bào khác nhau trong cơ thể, là chìa khóa cho các liệu pháp tái tạo mô hoặc cơ quan bị tổn thương là gì?', ARRAY['적혈구', '줄기세포', '신경 세포', '근육 세포']::text[], '줄기세포', '''줄기세포'' có nghĩa là ''Tế bào gốc''. 배아 줄기세포와 성체 줄기세포로 크게 나뉘며, 무한히 분열하고 근육세포, 신경세포, 혈구세포 등으로 분화할 수 있는 잠재력을 가진다. 퇴행성 뇌질환, 척수 손상, 당뇨병 등에 대한 치료제 개발에 활용된다.', 'b7ac42b7-27a9-4ced-ab3a-e6e92c3d8d20', '2026-01-11T09:51:05.044Z', '2026-01-11T09:51:05.044Z'),
  ('de7c4c34-3558-47f7-9d3b-6daefdd55023', '유전 공학 기술을 이용해 다른 생물의 유용한 유전자를 인위적으로 삽입하여 새로운 형질을 부여받은 생물체를 일컫는 용어는 무엇인가요?', 'Thuật ngữ chỉ sinh vật được cấy ghép nhân tạo gen hữu ích từ sinh vật khác bằng kỹ thuật di truyền để được trang bị đặc tính mới là gì?', ARRAY['천연 산물', '유기농 작물', '유전자 변형 (GMO)', '자연 돌연변이']::text[], '유전자 변형 (GMO)', '''유전자 변형 (GMO)'' là viết tắt của ''Genetically Modified Organism'', có nghĩa là ''Sinh vật biến đổi gen''. 해충 저항성, 제초제 내성, 영양성분 강화 등을 목적으로 개발된다. 옥수수, 대두, 면화 등이 대표적이지만, 환경 영향과 건강 위험에 대한 논란도 존재한다.', '2de7db19-a7b9-44d4-ab59-9071079ecc1a', '2026-01-11T09:51:05.044Z', '2026-01-11T09:51:05.044Z'),
  ('6150e653-49a3-4cd5-87db-8dab32304344', '체세포의 핵을 미수정 난자에 주입하거나 다른 기술을 통해 유전적으로 동일한 개체를 만들어내는 과정을 무엇이라고 하나요?', 'Quá trình tạo ra một cá thể giống hệt về mặt di truyền bằng cách cấy nhân từ tế bào soma vào trứng chưa thụ tinh hoặc bằng các kỹ thuật khác được gọi là gì?', ARRAY['교배', '변이', '복제', '수정']::text[], '복제', '''복제'' có nghĩa là ''Nhân bản''. 1996년 복제 양 돌리의 탄생으로 유명해졌다. 이 기술은 멸종 위기 종 보존, 우량 가축 번식, 치료용 줄기세포 확보 등에 활용 가능성이 있지만, 인간 복제는 전 세계적으로 윤리적, 법적 금지 대상이다.', '8b6628a9-75bd-44a4-b8c4-f10afe51d7b5', '2026-01-11T09:51:05.044Z', '2026-01-11T09:51:05.044Z'),
  ('a63e3d59-881c-41d4-b1af-ddfd78ca659f', '모든 생명체의 유전 정보를 저장하고 전달하는 이중 나선 구조의 분자로, 아데닌(A), 티민(T), 구아닌(G), 시토신(C)이라는 네 가지 염기로 구성된 물질은 무엇인가요?', 'Phân tử có cấu trúc chuỗi xoắn kép lưu trữ và truyền đạt thông tin di truyền của mọi sinh vật, được cấu tạo bởi bốn loại base: Adenine (A), Thymine (T), Guanine (G), Cytosine (C) là gì?', ARRAY['단백질', 'RNA', 'DNA (디옥시리보핵산)', '효소']::text[], 'DNA (디옥시리보핵산)', '''DNA (디옥시리보핵산)'' có nghĩa là ''Axit deoxyribonucleic''. 세포의 핵과 미토콘드리아에 존재하며, 염기 서열의 배열 방식이 유전 정보를 결정한다. 부계·모계 확인, 범죄 수사, 계통 분석, 맞춤의학 등 다양한 분야에서 분석 기술이 활용된다.', 'd957816c-a35b-4eaf-969b-526cc4790a68', '2026-01-11T09:51:05.044Z', '2026-01-11T09:51:05.044Z'),
  ('48ea18ea-a7cf-49c4-ad73-d5753db78be4', '알베르트 아인슈타인이 제안한, 시간과 공간이 절대적이지 않고 관찰자의 상태(속도, 중력)에 따라 상대적으로 변한다는 물리 이론은 무엇인가요?', 'Lý thuyết vật lý do Albert Einstein đề xuất, rằng thời gian và không gian không phải là tuyệt đối mà thay đổi một cách tương đối tùy theo trạng thái (vận tốc, trọng lực) của người quan sát là gì?', ARRAY['양자 역학', '고전 역학', '상대성 이론', '전자기학']::text[], '상대성 이론', '상대성 이론 có nghĩa là ''thuyết tương đối''. 이는 특수 상대성 이론 (thuyết tương đối hẹp)과 일반 상대성 이론 (thuyết tương đối rộng)으로 나뉜다. 이 이론은 E=mc²과 같은 유명한 공식과 블랙홀, 중력 렌즈 등의 개념을 예측했다.', 'e25317d5-89f3-446a-b42c-13f54f8c4381', '2026-01-11T09:51:05.044Z', '2026-01-11T09:51:05.044Z'),
  ('014e0992-c8ee-4f21-8925-fee1a0732727', '원자나 그보다 작은 미시적 세계에서 입자들의 특이한 행동(예: 파동-입자 이중성, 불확정성 원리)을 설명하는 물리학의 기본 이론은 무엇인가요?', 'Lý thuyết cơ bản của vật lý giải thích hành vi kỳ lạ của các hạt trong thế giới vi mô ở cấp độ nguyên tử hoặc nhỏ hơn (ví dụ: lưỡng tính sóng-hạt, nguyên lý bất định) là gì?', ARRAY['열역학', '양자 역학', '유체역학', '광학']::text[], '양자 역학', '양자 역학 có nghĩa là ''cơ học lượng tử''. 이는 전자, 광자와 같은 미시 입자들이 확률적으로 행동하며, 동시에 파동과 입자의 성질을 가진다는 등 고전 역학과는 전혀 다른 규칙을 따름을 보여준다. 현대 기술(반도체, 레이저)의 기초가 된다.', '12162247-ec71-47e3-9461-6763e0323260', '2026-01-11T09:51:05.044Z', '2026-01-11T09:51:05.044Z'),
  ('3f819e3a-1349-4968-b9ca-b460d66d93f5', '현재 우리가 살고 있는 우주가 극도로 작고 뜨거운 점에서 대폭발적으로 시작되어 지금도 팽창하고 있다는 우주론의 지배적 모형은 무엇인가요?', 'Mô hình thống trị trong vũ trụ học cho rằng vũ trụ chúng ta đang sống bắt đầu từ một điểm cực nhỏ và cực nóng trong một vụ nổ lớn và hiện vẫn đang giãn nở là gì?', ARRAY['정상 우주론', '빅뱅 이론', '오시레이션 모형', '다중 우주론']::text[], '빅뱅 이론', '빅뱅 이론 có nghĩa là ''thuyết Vụ Nổ Lớn''. 이 이론은 우주 마이크로파 배경 복사 (bức xạ nền vũ trụ)와 원소의 풍부함 등 강력한 증거를 가진다. ''빅뱅''이라는 이름은 이론을 반대하던 프레드 호일이 조롱조로 붙인 별명이었다.', '58c7a827-4daf-4632-a1ab-8c10b8e18ff9', '2026-01-11T09:51:05.044Z', '2026-01-11T09:51:05.044Z'),
  ('ced91677-02ab-4c1a-bf60-6d8d69f6e809', '중력이 너무 강해서 사건의 지평선 안으로 들어간 그 어떤 것(빛 포함)도 탈출할 수 없는, 밀도가 극도로 높은 천체를 무엇이라고 하나요?', 'Một thiên thể có mật độ cực cao, với lực hấp dẫn mạnh đến mức bất cứ thứ gì (kể cả ánh sáng) rơi vào trong chân trời sự kiện của nó đều không thể thoát ra được gọi là gì?', ARRAY['백색왜성', '중성자별', '블랙홀', '퀘이사']::text[], '블랙홀', '블랙홀 có nghĩa là ''lỗ đen''. 이는 거대한 별이 초신성 폭발 후 극도로 수축하면서 형성된다. 블랙홀의 중심에는 중력이 무한대인 특이점이 존재한다고 알려져 있다. 최근에는 사건 지평선 망원경 프로젝트를 통해 그 실체가 직접 촬영되기도 했다.', '97afb362-8c35-41d3-be67-e6ae94a95279', '2026-01-11T09:51:05.044Z', '2026-01-11T09:51:05.044Z'),
  ('b568ebae-ba08-475e-aff6-32c2ce6d5169', '은하들이 서로 멀어지고 있는 것으로 관측되는 현상, 즉 우주의 공간 자체가 시간이 지남에 따라 늘어나고 있는 것을 무엇이라고 하나요?', 'Hiện tượng các thiên hà đang quan sát thấy ngày càng cách xa nhau, tức bản thân không gian của vũ trụ đang dãn nở theo thời gian được gọi là gì?', ARRAY['은하 회전', '은하 충돌', '우주 팽창', '우주 수축']::text[], '우주 팽창', '우주 팽창 có nghĩa là ''sự giãn nở của vũ trụ''. 에드윈 허블이 먼 은하들의 적색편이 (dịch chuyển đỏ)를 관측하여 발견했다. 이는 빅뱅 이론의 핵심 증거이며, 현재도 가속 팽창 중이라는 사실이 밝혀져 암흑 에너지의 존재 가능성을 시사한다.', '04eacd67-f164-4185-9914-17bc285950d5', '2026-01-11T09:51:05.044Z', '2026-01-11T09:51:05.044Z'),
  ('e59a7a6b-ef8d-445f-aaa7-2af3edf7f1c4', '온실 가스 증가로 인해 지구의 평균 기온이 장기간에 걸쳐 상승하는 현상을 뭐라고 하나요?', 'Hiện tượng nhiệt độ trung bình của Trái đất tăng lên trong thời gian dài do sự gia tăng khí nhà kính được gọi là gì?', ARRAY['지구 냉각화', '지구 온난화', '계절 변화', '일기 예보']::text[], '지구 온난화', '지구 온난화 (global warming)는 인간 활동(화석 연료 연소, 산림 파괴 등)으로 인한 온실 가스(이산화탄소, 메탄 등) 농도 증가가 주된 원인으로, 전 세계적인 기후 변화를 초래합니다.', '5e10f597-983e-48b4-ab93-8101c7dc342b', '2026-01-11T09:51:05.044Z', '2026-01-11T09:51:05.044Z'),
  ('bffa4124-f873-4c35-a195-cc6d11cf8beb', '______의 결과로 빙하가 녹고, 폭염과 가뭄, 집중 호우 같은 극단적인 기상 현상이 늘고 있습니다.', 'Hậu quả của ______ là băng tan, và các hiện tượng thời tiết cực đoan như nắng nóng gay gắt, hạn hán, mưa lớn cục bộ đang gia tăng.', ARRAY['지구 온난화', '대기 정체', '달의 인력', '자전 속도']::text[], '지구 온난화', '지구 온난화는 단순한 기온 상승을 넘어 해수면 상승, 해양 산성화, 생태계 변화, 농업 피해, 질병 확산 등 전 지구적 위기를 초래하고 있어 인류의 가장 큰 도전 과제 중 하나입니다.', '5e10f597-983e-48b4-ab93-8101c7dc342b', '2026-01-11T09:51:05.044Z', '2026-01-11T09:51:05.044Z'),
  ('a45c208f-3833-4192-aa90-736edb5500a7', '생물과 환경이 균형을 이루던 자연 시스템에 변화가 생겨 그 기능이 손상되는 것을 뭐라고 하나요?', 'Việc các thay đổi xảy ra trong hệ thống tự nhiên nơi sinh vật và môi trường từng cân bằng, làm suy giảm chức năng của nó được gọi là gì?', ARRAY['생태계 회복', '생태계 교란', '생태계 순환', '생태계 진화']::text[], '생태계 교란', '생태계 교란 (ecosystem disturbance)는 외래종 침입, 서식지 파괴, 오염, 기후 변화 등 외부 요인으로 인해 생태계의 구조와 기능이 붕괴되는 것을 의미합니다. 이는 먹이사슬 파괴와 생물 다양성 감소로 이어집니다.', '4e75c448-10d6-4974-b491-592de48899f8', '2026-01-11T09:51:05.044Z', '2026-01-11T09:51:05.044Z'),
  ('b6c3b595-dc7e-4579-a147-118de4802e12', '한강에 나타난 외래종 ''배스''가 토종 물고기를 잡아먹는 것은 ______의 전형적인 예입니다.', 'Việc loài ngoại lai ''cá vược'' xuất hiện ở sông Hàn và ăn thịt cá bản địa là một ví dụ điển hình của ______.', ARRAY['생태계 보존', '생태계 교란', '자연 순화', '생물 진화']::text[], '생태계 교란', '외래 침입종(외래종)은 천적이 없어 개체수가 폭발적으로 증가하고, 토착종을 경쟁에서 밀어내거나 포식하여 생태계 균형을 무너뜨립니다. 미국에서 유입된 배스는 한국 담수 생태계의 대표적인 교란 요인입니다.', '4e75c448-10d6-4974-b491-592de48899f8', '2026-01-11T09:51:05.044Z', '2026-01-11T09:51:05.044Z'),
  ('493be591-ca80-4ac0-8b19-72e9b1134e3c', '개인, 기업, 제품, 행사 등이 배출하는 총 온실 가스(주로 이산화탄소)의 양을 측정하는 개념은?', 'Khái niệm đo lường tổng lượng khí nhà kính (chủ yếu là CO2) mà một cá nhân, doanh nghiệp, sản phẩm, sự kiện thải ra là gì?', ARRAY['생태 발자국', '탄소 발자국', '수자원 발자국', '에너지 효율']::text[], '탄소 발자국', '탄소 발자국 (carbon footprint)은 인간 활동이 환경에 미치는 영향을 정량화하는 지표입니다. 직접 배출(차량 운행)과 간접 배출(구매한 상품의 생산 과정에서 발생하는 배출)을 모두 포함합니다.', '314eb052-5bc4-48cc-a2d7-0df1ef6e8a53', '2026-01-11T09:51:05.044Z', '2026-01-11T09:51:05.044Z'),
  ('a61c164a-d033-4ed2-9477-3a9fcc69b27c', '______을/를 줄이기 위해 대중교통 이용, 에너지 절약, 로컬푸드 소비 등을 실천할 수 있어요.', 'Để giảm ______, có thể thực hành sử dụng phương tiện công cộng, tiết kiệm năng lượng, tiêu thụ thực phẩm địa phương, v.v.', ARRAY['쓰레기 양', '탄소 발자국', '가계 지출', '운동 시간']::text[], '탄소 발자국', '탄소 발자국 인식은 개인과 기업의 책임 있는 소비와 생산을 촉진합니다. 비행기 대신 기차 이용, 전기차 구매, 식물성 식단 선택, 재활용 등이 탄소 발자국을 줄이는 실천 방법입니다.', '314eb052-5bc4-48cc-a2d7-0df1ef6e8a53', '2026-01-11T09:51:05.044Z', '2026-01-11T09:51:05.044Z'),
  ('07cbd199-19f7-4c1d-923b-503c0dc16835', '특정 지역이나 지구 전체에 존재하는 다양한 종(생물 종 다양성), 유전자(유전 다양성), 생태계(생태계 다양성)의 총체를 뭐라고 하나요?', 'Toàn bộ các loài đa dạng (đa dạng loài), gen (đa dạng di truyền), hệ sinh thái (đa dạng hệ sinh thái) tồn tại ở một khu vực cụ thể hoặc toàn bộ Trái đất được gọi là gì?', ARRAY['생물 군집', '생물 다양성', '생태계 피라미드', '생태계 서비스']::text[], '생물 다양성', '생물 다양성 (biodiversity)은 지구 생명의 풍부함을 나타냅니다. 이는 생태계의 건강과 회복력을 유지하고, 인간에게 식량, 의약품, 유전자원 등을 제공하며, 문화적·정서적 가치를 지닙니다.', '178d70ef-ec16-47d5-837f-2bcb7f45e392', '2026-01-11T09:51:05.044Z', '2026-01-11T09:51:05.044Z'),
  ('854c3610-55b9-43d3-a147-a2c0f063b6ef', '______이/가 높을수록 생태계는 환경 변화에 더 잘 적응하고 버틸 수 있습니다.', '______ càng cao thì hệ sinh thái càng có khả năng thích ứng và chống chịu tốt hơn với biến đổi môi trường.', ARRAY['인구 밀도', '생물 다양성', '대기 오염', '경제 성장률']::text[], '생물 다양성', '생물 다양성은 생태계의 ''안전망'' 역할을 합니다. 한 종이 사라져도 다른 종이 그 기능을 대체할 수 있어 전체 시스템이 붕괴되는 것을 방지합니다. 현재 인간 활동으로 인해 생물 다양성이 위기에 처해 있습니다.', '178d70ef-ec16-47d5-837f-2bcb7f45e392', '2026-01-11T09:51:05.044Z', '2026-01-11T09:51:05.044Z'),
  ('abde0323-4a4f-4a91-9db7-0d2d0de3df05', '지구를 보호하는 성층권의 오존층이 인공 화학물질(CFCs 등)에 의해 얇아지는 현상을 뭐라고 하나요?', 'Hiện tượng tầng ozone ở tầng bình lưu bảo vệ Trái đất bị mỏng đi do các hóa chất nhân tạo (CFCs, v.v.) được gọi là gì?', ARRAY['산성비', '오존층 파괴', '스모그 발생', '황사 현상']::text[], '오존층 파괴', '오존층 파괴 (ozone layer depletion)는 냉장고, 에어컨, 스프레이에 사용되던 CFCs(염화불화탄소) 같은 물질이 성층권까지 올라가 오존(O3) 분자를 분해하면서 발생했습니다. 이는 지표에 도달하는 유해한 자외선(UV-B)을 증가시킵니다.', 'f99bf85a-9cc9-4d5e-ba88-2789d1731c96', '2026-01-11T09:51:05.044Z', '2026-01-11T09:51:05.044Z'),
  ('335ebd3a-1470-495e-8ed5-52b4862667db', '______으로/로 인해 피부암, 백내장 발병률이 높아지고 해양 생물 플랑크톤에도 피해를 줍니다.', 'Do ______, tỷ lệ mắc ung thư da, đục thủy tinh thể tăng cao và cũng gây hại cho sinh vật phù du ở biển.', ARRAY['오존층 파괴', '지구 온난화', '수질 오염', '소음 공해']::text[], '오존층 파괴', '오존층은 태양의 해로운 자외선을 흡수하는 ''선크림'' 역할을 합니다. 이 층이 파괴되면 인간 건강, 농작물, 수생 생태계에 심각한 위협이 됩니다. 1987년 몬트리올 의정서 체결로 CFCs 사용이 전 세계적으로 금지되어 오존층은 서서히 회복 중입니다.', 'f99bf85a-9cc9-4d5e-ba88-2789d1731c96', '2026-01-11T09:51:05.044Z', '2026-01-11T09:51:05.044Z'),
  ('d835c90f-a9e2-4feb-9ce9-97950eaeba26', '뇌와 신경계를 구성하는 기본 단위로서, 전기적·화학적 신호를 받아들이고 전달하는 특화된 세포는 무엇인가요?', 'Tế bào chuyên biệt là đơn vị cơ bản cấu tạo nên não và hệ thần kinh, tiếp nhận và truyền dẫn tín hiệu điện-hóa là gì?', ARRAY['적혈구', '뉴런 (신경세포)', '지방 세포', '상피 세포']::text[], '뉴런 (신경세포)', '''뉴런 (신경세포)'' có nghĩa là ''Nơ-ron (Tế bào thần kinh)''. 세포체, 수상돌기, 축삭돌기로 구성되며, 다른 뉴런이나 표적 세포(근육, 분비선)와 시냅스를 형성하여 정보를 전달한다. 인간의 뇌에는 약 860억 개의 뉴런이 존재한다.', '736ae6d7-5eb4-48c3-a84c-e48b41184067', '2026-01-11T09:51:05.044Z', '2026-01-11T09:51:05.044Z'),
  ('de81e3d8-ca89-4fde-8e93-aaa90cd1dac0', '두 뉴런 사이, 또는 뉴런과 다른 세포 사이의 접합 부위로, 신경 전달 물질이 분비되어 신호를 전달하는 구조는 무엇인가요?', 'Cấu trúc là điểm nối giữa hai nơ-ron hoặc giữa nơ-ron và một tế bào khác, nơi chất dẫn truyền thần kinh được tiết ra để truyền tín hiệu là gì?', ARRAY['세포 핵', '시냅스', '미토콘드리아', '세포막']::text[], '시냅스', '''시냅스'' có nghĩa là ''Khớp thần kinh (Synapse)''. 한 뉴런의 축삭말단과 다른 뉴런의 수상돌기 사이에 형성되며, 화학적 시냅스(신경전달물질 이용)와 전기적 시냅스가 있다. 기억과 학습의 기초가 되는 ''시냅스 가소성''은 이 연결의 효율성이 변화하는 현상이다.', 'c7adfaf5-34e6-40d5-aedb-c2d5d687171a', '2026-01-11T09:51:05.044Z', '2026-01-11T09:51:05.044Z'),
  ('514ccb27-c487-47a4-87b9-019d96751524', '개인이 서로 모순되는 두 가지 이상의 신념, 가치관, 태도를 동시에 지닐 때 느끼는 심리적 불편감과 긴장 상태를 무엇이라고 하나요?', 'Trạng thái căng thẳng và khó chịu về mặt tâm lý mà một cá nhân cảm thấy khi đồng thời nắm giữ hai niềm tin, giá trị hoặc thái độ mâu thuẫn nhau được gọi là gì?', ARRAY['인지 발달', '인지 부조화', '정서 조절', '사회적 동조']::text[], '인지 부조화', '''인지 부조화'' có nghĩa là ''Bất hòa nhận thức''. 레온 페스팅거가 제안한 이론으로, 예를 들어 ''흡연은 해롭다''는 믿음과 ''나는 담배를 피운다''는 행동 사이의 모순에서 오는 불편함을 말한다. 사람들은 이 불편함을 줄이기 위해 행동을 바꾸거나 믿음을 합리화한다.', '46fc9c1f-3822-449a-9970-af9870fcb22e', '2026-01-11T09:51:05.044Z', '2026-01-11T09:51:05.044Z'),
  ('fed59a22-a00c-4367-a1d5-d8d1af9c31ab', '의식적으로 접근하거나 통제할 수 없는 마음의 영역으로, 억압된 기억, 본능, 충동, 감정 등이 저장되어 행동과 감정에 강력한 영향을 미친다고 보는 개념은 무엇인가요?', 'Khái niệm chỉ lĩnh vực tâm trí không thể tiếp cận hay kiểm soát một cách có ý thức, nơi lưu trữ những ký ức bị kìm nén, bản năng, động cơ và cảm xúc, được cho là có ảnh hưởng mạnh mẽ đến hành vi và cảm xúc là gì?', ARRAY['전의식', '의식', '초자아', '무의식']::text[], '무의식', '''무의식'' có nghĩa là ''Vô thức''. 프로이트의 정신분석학에서 정신의 가장 큰 부분을 차지하는 영역으로 정의된다. 꿈, 말실수, 신경증 증상 등을 통해 간접적으로만 드러난다고 본다. 이후 융은 집단 무의식 개념을 추가로 발전시켰다.', '515374c4-ed55-466a-ad2c-86da553bb82c', '2026-01-11T09:51:05.044Z', '2026-01-11T09:51:05.044Z'),
  ('f7d5c9d0-9627-4514-ba2f-1b83c0d3767a', '여러 가지 가능한 선택지 중에서 하나를 합리적 판단이나 직관에 따라 선정하는 복잡한 인지 과정을 무엇이라고 하나요?', 'Quá trình nhận thức phức tạp lựa chọn một phương án từ nhiều lựa chọn khả dĩ dựa trên phán đoán hợp lý hoặc trực giác được gọi là gì?', ARRAY['자동 반응', '의사 결정', '기억 인출', '주의 집중']::text[], '의사 결정', '''의사 결정'' có nghĩa là ''Ra quyết định''. 전전두엽(특히 배외측 전전두엽)과 편도체, 선조체 등 여러 뇌 영역이 관여한다. 이 과정은 이성적 분석, 감정, 과거 경험, 사회적 영향 등에 의해 좌우되며, 행동 경제학에서는 인간의 비합리적 결정 편향을 연구한다.', '0d897bd2-b896-4b31-a51a-bf063e322ab7', '2026-01-11T09:51:05.044Z', '2026-01-11T09:51:05.044Z'),
  ('729c9084-0d36-45dd-b90c-3bc94f7f3060', '새로운 의약품이나 치료법의 안전성과 효과를 사람을 대상으로 확인하는 과학적 연구 과정을 무엇이라고 하나요?', 'Quá trình nghiên cứu khoa học để xác nhận tính an toàn và hiệu quả của một loại thuốc mới hoặc phương pháp điều trị trên đối tượng là con người được gọi là gì?', ARRAY['실험실 연구', '역학 조사', '임상 시험', '동물 실험']::text[], '임상 시험', '임상 시험 có nghĩa là ''thử nghiệm lâm sàng''. 이는 엄격한 윤리 기준과 과학적 방법에 따라 1상(안전성), 2상(유효성), 3상(대규모 비교) 등 단계별로 진행된다. 신약 허가를 위한 필수 절차이다.', '9f4b6444-d35b-4cc7-a146-da9867e1d91e', '2026-01-11T09:51:05.044Z', '2026-01-11T09:51:05.044Z'),
  ('68407e92-ca85-4580-8cc4-5d372ed4a686', '체내에 침입한 항원(바이러스, 세균 등)에 특이적으로 결합하여 이를 무력화하거나 제거하는 면역 체계의 단백질은 무엇인가요?', 'Loại protein của hệ miễn dịch liên kết đặc hiệu với kháng nguyên (virus, vi khuẩn...) xâm nhập cơ thể, từ đó vô hiệu hóa hoặc loại bỏ chúng là gì?', ARRAY['효소', '호르몬', '항체 (抗體)', '항원']::text[], '항체 (抗體)', '항체 có nghĩa là ''kháng thể''. 이는 B세포에서 생산되며, 항원의 특정 부분에 맞춤형으로 결합한다. 백신 접종 후 형성되는 항체는 예방 효과를 가지며, 단일클론항체 (kháng thể đơn dòng)는 암 치료 등에 사용된다.', 'b4284391-3b63-42d5-b74e-ed59843349f4', '2026-01-11T09:51:05.044Z', '2026-01-11T09:51:05.044Z'),
  ('bbfae72c-fe23-4e0c-88bc-8cd641cbb1c2', '세포의 비정상적이고 통제되지 않은 성장으로, 주변 조직을 침범하거나 전이를 일으켜 생명을 위협하는 질환을 무엇이라고 하나요?', 'Bệnh lý do sự phát triển bất thường và không kiểm soát của tế bào, xâm lấn các mô xung quanh hoặc di căn, đe dọa tính mạng được gọi là gì?', ARRAY['양성 종양', '악성 종양 (암)', '염증', '감염']::text[], '악성 종양 (암)', '악성 종양 có nghĩa là ''khối u ác tính'', 흔히 암 (ung thư)이라고 부른다. 이는 유전자 돌연변이가 축적되어 발생하며, 수술, 항암 치료, 방사선 치료 등으로 치료한다. 조기 진단이 매우 중요하다.', 'b181534e-bbf2-48bb-9de7-5872f0f4ab0b', '2026-01-11T09:51:05.044Z', '2026-01-11T09:51:05.044Z'),
  ('cd50733c-ab74-45a1-994f-b34a9dc5b738', '현대 의학으로도 근본적인 치료법이 없거나 치료가 매우 어려운 질환을 통틀어 무엇이라고 하나요?', 'Các bệnh mà y học hiện đại vẫn chưa có phương pháp chữa trị tận gốc hoặc việc điều trị rất khó khăn được gọi chung là gì?', ARRAY['급성 병', '난치병', '유행병', '상병']::text[], '난치병', '난치병 có nghĩa là ''bệnh nan y'', ''bệnh khó chữa''. 이에는 암의 일부 진행 단계, 알츠하이머병, 근위축성 측삭 경화증(루게릭병) 등이 포함된다. 새로운 치료법 개발을 위한 끊임없는 연구가 진행 중이다.', 'e06838fe-55ff-437a-94a6-6b005850bfd7', '2026-01-11T09:51:05.044Z', '2026-01-11T09:51:05.044Z'),
  ('9d54377a-e372-488c-ae99-8e8f2980de01', '유전적 결함으로 인한 질병을 치료하기 위해 정상 유전자를 환자의 세포에 도입하거나 결함 유전자를 수정하는 첨단 의료 기술을 무엇이라고 하나요?', 'Kỹ thuật y tế tiên tiến để điều trị các bệnh do khiếm khuyết di truyền bằng cách đưa gen bình thường vào tế bào bệnh nhân hoặc sửa chữa gen bị lỗi được gọi là gì?', ARRAY['면역 치료', '유전자 치료', '호르몬 치료', '물리 치료']::text[], '유전자 치료', '유전자 치료 có nghĩa là ''liệu pháp gen''. 이는 유전병 (bệnh di truyền) 치료를 위한 혁신적인 접근법이다. 바이러스 벡터 등을 이용해 정상 유전자를 전달하거나, CRISPR-Cas9 같은 유전자 가위 기술로 직접 유전체를 편집한다.', 'dbdecf8e-fa3d-4d1e-976d-5feae14b9959', '2026-01-11T09:51:05.044Z', '2026-01-11T09:51:05.044Z');

COMMIT;