BEGIN;

-- LearningGroup: Cơ thể & Sức khỏe
INSERT INTO "LearningGroup" (id, name, icon, "order", "topikLevel", "createdAt", "updatedAt") VALUES ('5f9238a8-abda-49d2-a3d8-240f592bb104', 'Cơ thể & Sức khỏe', '🏥', 9, 1, '2026-01-11T09:51:05.042Z', '2026-01-11T09:51:05.042Z');

-- Categories (3 categories)
INSERT INTO "Category" (id, name, description, icon, "order", "topikLevel", "groupId", "createdAt", "updatedAt") VALUES ('bd3ac24a-6dc9-4dc9-b212-b87eade99a80', 'Bộ phận cơ thể', 'Các bộ phận trên cơ thể con người', '👤', 1, 1, '5f9238a8-abda-49d2-a3d8-240f592bb104', '2026-01-11T09:51:05.042Z', '2026-01-11T09:51:05.042Z'),
  ('c8a38b3d-f59a-4101-80ca-af3fce03cc3d', 'Sức khỏe & Bệnh tật', 'Từ vựng về tình trạng sức khỏe và cơ sở y tế', '💊', 2, 1, '5f9238a8-abda-49d2-a3d8-240f592bb104', '2026-01-11T09:51:05.042Z', '2026-01-11T09:51:05.042Z'),
  ('4d410c69-8f25-4c7a-8888-142edf27d5a1', 'Hoạt động liên quan', 'Các động từ liên quan đến chăm sóc cơ thể và sức khỏe', '🏃', 3, 1, '5f9238a8-abda-49d2-a3d8-240f592bb104', '2026-01-11T09:51:05.042Z', '2026-01-11T09:51:05.042Z');

-- Vocabulary Words
INSERT INTO "Vocabulary" (id, korean, hanja, vietnamese, pronunciation, example, "exampleTranslation", "categoryId", "createdAt", "updatedAt") VALUES ('b07c5712-2372-41ce-be78-4fd8dc9d8314', '머리', NULL, 'Đầu / Tóc', 'meori', '머리가 아파요.', 'Tôi bị đau đầu.', 'bd3ac24a-6dc9-4dc9-b212-b87eade99a80', '2026-01-11T09:51:05.042Z', '2026-01-11T09:51:05.042Z'),
  ('822b416a-c871-48b9-8712-7a791e1ed973', '얼굴', NULL, 'Khuôn mặt', 'eolgul', '얼굴을 씻어요.', 'Tôi rửa mặt.', 'bd3ac24a-6dc9-4dc9-b212-b87eade99a80', '2026-01-11T09:51:05.042Z', '2026-01-11T09:51:05.042Z'),
  ('aa67fa94-95d8-45fd-b299-7f6cb305c05b', '코', NULL, 'Mũi', 'ko', '코가 높아요.', 'Mũi cao.', 'bd3ac24a-6dc9-4dc9-b212-b87eade99a80', '2026-01-11T09:51:05.042Z', '2026-01-11T09:51:05.042Z'),
  ('4781c9c4-1d0f-4085-abfc-3a274ceaca94', '입', NULL, 'Miệng', 'ip', '입이 작아요.', 'Miệng nhỏ.', 'bd3ac24a-6dc9-4dc9-b212-b87eade99a80', '2026-01-11T09:51:05.042Z', '2026-01-11T09:51:05.042Z'),
  ('571c83ac-6aca-4a40-9d49-1daacc9f826d', '귀', NULL, 'Tai', 'gwi', '귀가 밝아요.', 'Tai thính (nghe tốt).', 'bd3ac24a-6dc9-4dc9-b212-b87eade99a80', '2026-01-11T09:51:05.042Z', '2026-01-11T09:51:05.042Z'),
  ('c0d3c2dc-c47b-4419-8c44-e7136c8d8d9a', '목', NULL, 'Cổ / Họng', 'mok', '목이 길어요.', 'Cổ dài.', 'bd3ac24a-6dc9-4dc9-b212-b87eade99a80', '2026-01-11T09:51:05.042Z', '2026-01-11T09:51:05.042Z'),
  ('dc283534-61e0-495c-8b0f-4444fc0c101e', '어깨', NULL, 'Vai', 'eokkae', '어깨가 넓어요.', 'Vai rộng.', 'bd3ac24a-6dc9-4dc9-b212-b87eade99a80', '2026-01-11T09:51:05.042Z', '2026-01-11T09:51:05.042Z'),
  ('87abd08a-f9c4-4dcc-8ffd-c315deeaf987', '손', NULL, 'Bàn tay', 'son', '손을 씻으세요.', 'Hãy rửa tay.', 'bd3ac24a-6dc9-4dc9-b212-b87eade99a80', '2026-01-11T09:51:05.042Z', '2026-01-11T09:51:05.042Z'),
  ('df1f8065-4154-4730-863d-d39e82cc868c', '손가락', NULL, 'Ngón tay', 'songarak', '손가락이 다섯 개예요.', 'Có 5 ngón tay.', 'bd3ac24a-6dc9-4dc9-b212-b87eade99a80', '2026-01-11T09:51:05.042Z', '2026-01-11T09:51:05.042Z'),
  ('e14b1559-0007-4f13-be44-01a01b00c4f5', '다리', NULL, 'Chân', 'dari', '다리가 길어요.', 'Chân dài.', 'bd3ac24a-6dc9-4dc9-b212-b87eade99a80', '2026-01-11T09:51:05.042Z', '2026-01-11T09:51:05.042Z'),
  ('045ae485-bf9c-4ab0-868e-2e3811ce40c7', '발', NULL, 'Bàn chân', 'bal', '발이 커요.', 'Bàn chân to.', 'bd3ac24a-6dc9-4dc9-b212-b87eade99a80', '2026-01-11T09:51:05.042Z', '2026-01-11T09:51:05.042Z'),
  ('c986642f-ef65-4dbf-9753-037ae076f450', '무릎', NULL, 'Đầu gối', 'mureup', '무릎이 아파요.', 'Tôi bị đau đầu gối.', 'bd3ac24a-6dc9-4dc9-b212-b87eade99a80', '2026-01-11T09:51:05.042Z', '2026-01-11T09:51:05.042Z'),
  ('dc8f0ecb-23e1-4064-9b18-3c71fdb5ae91', '허리', NULL, 'Eo / Thắt lưng', 'heori', '허리가 얇아요.', 'Eo thon.', 'bd3ac24a-6dc9-4dc9-b212-b87eade99a80', '2026-01-11T09:51:05.042Z', '2026-01-11T09:51:05.042Z'),
  ('3f00af56-0424-4c7b-aa97-1acd6d9d92af', '가슴', NULL, 'Ngực / Lòng ngực', 'gaseum', '가슴이 답답해요.', 'Tôi thấy tức ngực (hoặc ngột ngạt).', 'bd3ac24a-6dc9-4dc9-b212-b87eade99a80', '2026-01-11T09:51:05.042Z', '2026-01-11T09:51:05.042Z'),
  ('6d83780d-08d5-4540-91e8-8c71ae133b64', '머리카락', NULL, 'Tóc', 'meorikarak', '머리카락이 길어요.', 'Tóc dài.', 'bd3ac24a-6dc9-4dc9-b212-b87eade99a80', '2026-01-11T09:51:05.042Z', '2026-01-11T09:51:05.042Z'),
  ('92310446-32fe-4d8e-ad09-7f1572f1f7b0', '감기', '感氣', 'Cảm lạnh', 'gamgi', '감기에 걸렸어요.', 'Tôi bị cảm lạnh.', 'c8a38b3d-f59a-4101-80ca-af3fce03cc3d', '2026-01-11T09:51:05.042Z', '2026-01-11T09:51:05.042Z'),
  ('cee731e9-d013-4a42-adbd-e0f3ca2d23c5', '콧물', NULL, 'Nước mũi', 'konmul', '콧물이 나와요.', 'Tôi bị sổ mũi (nước mũi chảy ra).', 'c8a38b3d-f59a-4101-80ca-af3fce03cc3d', '2026-01-11T09:51:05.042Z', '2026-01-11T09:51:05.042Z'),
  ('fbc7c3b8-3c34-4e0c-b12f-31ee2c51e312', '기침', NULL, 'Ho', 'gichim', '기침을 계속 해요.', 'Tôi cứ ho liên tục.', 'c8a38b3d-f59a-4101-80ca-af3fce03cc3d', '2026-01-11T09:51:05.042Z', '2026-01-11T09:51:05.042Z'),
  ('82c0dbbd-6756-4aca-af90-e9e6e1798932', '두통', '頭痛', 'Đau đầu', 'dutong', '두통이 심해요.', 'Tôi bị đau đầu dữ dội.', 'c8a38b3d-f59a-4101-80ca-af3fce03cc3d', '2026-01-11T09:51:05.042Z', '2026-01-11T09:51:05.042Z'),
  ('c6acef28-27d8-483d-a1af-719c99c1bdaf', '치통', '齒痛', 'Đau răng', 'chitong', '치통 때문에 치과에 가요.', 'Tôi đi nha khoa vì đau răng.', 'c8a38b3d-f59a-4101-80ca-af3fce03cc3d', '2026-01-11T09:51:05.042Z', '2026-01-11T09:51:05.042Z'),
  ('efed2dd9-ed93-4af6-9b99-81d74bcf4076', '복통', '腹痛', 'Đau bụng', 'boktong', '배가 아프면 복통이라고 해요.', 'Nếu đau bụng thì gọi là 복통.', 'c8a38b3d-f59a-4101-80ca-af3fce03cc3d', '2026-01-11T09:51:05.042Z', '2026-01-11T09:51:05.042Z'),
  ('0b4ade97-9971-4fac-b6db-9547df4dabcc', '약국', '藥局', 'Hiệu thuốc', 'yakguk', '약국에서 약을 사요.', 'Tôi mua thuốc ở hiệu thuốc.', 'c8a38b3d-f59a-4101-80ca-af3fce03cc3d', '2026-01-11T09:51:05.042Z', '2026-01-11T09:51:05.042Z'),
  ('3cbd42f4-2269-4928-b18d-e13f460fa2ab', '약', '藥', 'Thuốc', 'yak', '약을 먹고 잠을 잤어요.', 'Tôi đã uống thuốc rồi đi ngủ.', 'c8a38b3d-f59a-4101-80ca-af3fce03cc3d', '2026-01-11T09:51:05.042Z', '2026-01-11T09:51:05.042Z'),
  ('cc9099ac-0e2a-4838-9cb3-5b5f70b4a32e', '병원', '病院', 'Bệnh viện', 'byeong-won', '몸이 안 좋아서 병원에 갔어요.', 'Vì cơ thể không khỏe nên tôi đã đi bệnh viện.', 'c8a38b3d-f59a-4101-80ca-af3fce03cc3d', '2026-01-11T09:51:05.042Z', '2026-01-11T09:51:05.042Z'),
  ('e08e7977-7606-439b-9b37-3157cb698298', '환자', '患者', 'Bệnh nhân', 'hwanja', '병원에 환자가 많아요.', 'Trong bệnh viện có rất nhiều bệnh nhân.', 'c8a38b3d-f59a-4101-80ca-af3fce03cc3d', '2026-01-11T09:51:05.042Z', '2026-01-11T09:51:05.042Z'),
  ('0d0bbd06-3eaf-4f2f-b965-6b129112ba0f', '수술', '手術', 'Phẫu thuật', 'susul', '내일 수술을 받아요.', 'Ngày mai tôi sẽ được phẫu thuật.', 'c8a38b3d-f59a-4101-80ca-af3fce03cc3d', '2026-01-11T09:51:05.042Z', '2026-01-11T09:51:05.042Z'),
  ('b6956952-eeb1-40cc-880a-2d9dbb5d8edc', '주사', '注射', 'Tiêm / Chích thuốc', 'jusa', '주사는 조금 아파요.', 'Tiêm hơi đau một chút.', 'c8a38b3d-f59a-4101-80ca-af3fce03cc3d', '2026-01-11T09:51:05.042Z', '2026-01-11T09:51:05.042Z'),
  ('7b7905b4-481c-4492-891e-bced5c475f07', '마스크', NULL, 'Khẩu trang', 'maseukeu', '밖에서는 마스크를 써야 해요.', 'Ở ngoài thì phải đeo khẩu trang.', 'c8a38b3d-f59a-4101-80ca-af3fce03cc3d', '2026-01-11T09:51:05.042Z', '2026-01-11T09:51:05.042Z'),
  ('8208276d-53b5-43ac-bc88-20af69e8489f', '건강', '健康', 'Sức khỏe', 'geongang', '건강을 위해서 운동을 해요.', 'Tôi tập thể dục vì sức khỏe.', 'c8a38b3d-f59a-4101-80ca-af3fce03cc3d', '2026-01-11T09:51:05.042Z', '2026-01-11T09:51:05.042Z'),
  ('351dd96b-c6e4-4ec9-b7ca-dbeae657f5fe', '낫다', NULL, 'Khỏi bệnh / Hồi phục', 'natda', '병이 다 나았어요.', 'Bệnh đã khỏi hoàn toàn rồi.', 'c8a38b3d-f59a-4101-80ca-af3fce03cc3d', '2026-01-11T09:51:05.042Z', '2026-01-11T09:51:05.042Z'),
  ('2585f82e-84ce-4dea-b1f5-377494ce1e55', '씻다', NULL, 'Rửa / Tắm', 'ssitda', '손을 깨끗이 씻으세요.', 'Hãy rửa tay thật sạch.', '4d410c69-8f25-4c7a-8888-142edf27d5a1', '2026-01-11T09:51:05.042Z', '2026-01-11T09:51:05.042Z'),
  ('6d5734c8-fdae-43e3-bc66-ceeb84fb1c5e', '닦다', NULL, 'Lau / Chùi / Đánh (răng)', 'dakda', '밥을 먹고 이를 닦아요.', 'Ăn cơm xong rồi tôi đi đánh răng.', '4d410c69-8f25-4c7a-8888-142edf27d5a1', '2026-01-11T09:51:05.042Z', '2026-01-11T09:51:05.042Z'),
  ('dbb7ef65-83ee-4d85-8c83-211e1cef3cf7', '다치다', NULL, 'Bị thương / Làm bị thương', 'dachida', '운동하다가 다리를 다쳤어요.', 'Tôi đã bị thương ở chân khi đang tập thể dục.', '4d410c69-8f25-4c7a-8888-142edf27d5a1', '2026-01-11T09:51:05.042Z', '2026-01-11T09:51:05.042Z'),
  ('0d521fd7-0767-42cd-84d0-634eb1e1c658', '웃다', NULL, 'Cười', 'utda', '기분이 좋아서 웃어요.', 'Vì tâm trạng tốt nên tôi cười.', '4d410c69-8f25-4c7a-8888-142edf27d5a1', '2026-01-11T09:51:05.042Z', '2026-01-11T09:51:05.042Z'),
  ('2dac8661-4a0c-40a6-b076-91bbc1ffc216', '울다', NULL, 'Khóc', 'ulda', '슬퍼서 울고 있어요.', 'Vì buồn nên tôi đang khóc.', '4d410c69-8f25-4c7a-8888-142edf27d5a1', '2026-01-11T09:51:05.042Z', '2026-01-11T09:51:05.042Z');

-- Quiz Questions
INSERT INTO "QuizQuestion" (id, question, "questionTranslation", options, "correctAnswer", explanation, "VocabularyId", "createdAt", "updatedAt") VALUES ('81e66a67-0691-42ae-b355-4c36e75b7e28', '생각을 하거나 모자를 쓰는 곳은?', 'Nơi dùng để suy nghĩ hoặc đội mũ là gì?', ARRAY['손', '발', '머리', '배']::text[], '머리', '머리 nghĩa là đầu, nơi dùng để suy nghĩ và đội mũ.', 'b07c5712-2372-41ce-be78-4fd8dc9d8314', '2026-01-11T09:51:05.042Z', '2026-01-11T09:51:05.042Z'),
  ('44b7c06c-5033-45ce-948f-93c909c5c406', '눈, 코, 입이 있는 곳은?', 'Nơi có mắt, mũi, miệng là gì?', ARRAY['어깨', '얼굴', '다리', '허리']::text[], '얼굴', '얼굴 là khuôn mặt, nơi chứa mắt, mũi và miệng.', '822b416a-c871-48b9-8712-7a791e1ed973', '2026-01-11T09:51:05.042Z', '2026-01-11T09:51:05.042Z'),
  ('b73029fb-0981-4b24-a5de-520b8cfe2074', '냄새를 맡는 기관은?', 'Cơ quan dùng để ngửi mùi là gì?', ARRAY['귀', '입', '코', '눈']::text[], '코', '코 (mũi) là cơ quan dùng để ngửi.', 'aa67fa94-95d8-45fd-b299-7f6cb305c05b', '2026-01-11T09:51:05.042Z', '2026-01-11T09:51:05.042Z'),
  ('f052bbc7-9ccd-41ca-a19b-f9bbba5c70ed', '음식을 먹거나 말을 하는 곳은?', 'Nơi dùng để ăn hoặc nói là gì?', ARRAY['입', '귀', '코', '손']::text[], '입', '입 (miệng) dùng để ăn uống và nói chuyện.', '4781c9c4-1d0f-4085-abfc-3a274ceaca94', '2026-01-11T09:51:05.042Z', '2026-01-11T09:51:05.042Z'),
  ('b512db4c-9373-4b70-9a7b-379bf14ccd35', '소리를 듣는 기관은?', 'Cơ quan dùng để nghe âm thanh là gì?', ARRAY['눈', '입', '코', '귀']::text[], '귀', '귀 (tai) dùng để nghe âm thanh.', '571c83ac-6aca-4a40-9d49-1daacc9f826d', '2026-01-11T09:51:05.042Z', '2026-01-11T09:51:05.042Z'),
  ('1add6038-3c75-4445-b316-ee90c1a8a8ea', '머리와 몸을 연결하는 부분은?', 'Bộ phận nối đầu và thân là gì?', ARRAY['목', '팔', '다리', '허리']::text[], '목', '목 (cổ) là bộ phận nối giữa đầu và thân người.', 'c0d3c2dc-c47b-4419-8c44-e7136c8d8d9a', '2026-01-11T09:51:05.042Z', '2026-01-11T09:51:05.042Z'),
  ('e3e8cd7a-3f2f-4395-a476-4e9ba8ea545a', '목 옆에 있는 부분으로 가방을 메는 곳은?', 'Bộ phận bên cạnh cổ, dùng để đeo túi là gì?', ARRAY['가슴', '어깨', '무릎', '발목']::text[], '어깨', '어깨 (vai) là nơi chúng ta thường dùng để đeo ba lô hoặc túi xách.', 'dc283534-61e0-495c-8b0f-4444fc0c101e', '2026-01-11T09:51:05.042Z', '2026-01-11T09:51:05.042Z'),
  ('0d804451-1e4f-4cb8-99dc-c13ae70273cf', '물건을 잡거나 글씨를 쓸 때 사용하는 것은?', 'Thứ dùng để cầm đồ vật hoặc viết chữ là gì?', ARRAY['발', '손', '머리', '귀']::text[], '손', '손 (bàn tay) dùng để cầm nắm và thực hiện các thao tác khéo léo.', '87abd08a-f9c4-4dcc-8ffd-c315deeaf987', '2026-01-11T09:51:05.042Z', '2026-01-11T09:51:05.042Z'),
  ('1f976b5b-c392-4c4b-a1e8-4d43b42f824d', '손 끝에 있는 다섯 개의 부분은?', 'Năm bộ phận ở đầu bàn tay là gì?', ARRAY['발가락', '손가락', '머리카락', '손목']::text[], '손가락', '손가락 là ngón tay.', 'df1f8065-4154-4730-863d-d39e82cc868c', '2026-01-11T09:51:05.042Z', '2026-01-11T09:51:05.042Z'),
  ('57838cb2-3e42-4c6d-9da8-7540097163f4', '걷거나 뛸 때 사용하는 몸 아랫부분은?', 'Bộ phận dưới của cơ thể dùng khi đi hoặc chạy là gì?', ARRAY['팔', '다리', '어깨', '손']::text[], '다리', '다리 (chân) giúp chúng ta di chuyển, đi lại.', 'e14b1559-0007-4f13-be44-01a01b00c4f5', '2026-01-11T09:51:05.042Z', '2026-01-11T09:51:05.042Z'),
  ('124ed978-44fc-40b3-bb08-3d33483e8de3', '신발을 신는 곳은?', 'Nơi dùng để đi giày là gì?', ARRAY['손', '발', '머리', '목']::text[], '발', '발 (bàn chân) là nơi chúng ta mang giày, dép.', '045ae485-bf9c-4ab0-868e-2e3811ce40c7', '2026-01-11T09:51:05.042Z', '2026-01-11T09:51:05.042Z'),
  ('258a1637-03a3-4c18-8d83-63f2c1e865e5', '다리 중간에 굽혀지는 부분은?', 'Bộ phận ở giữa chân có thể gập lại được là gì?', ARRAY['팔꿈치', '무릎', '발목', '손목']::text[], '무릎', '무릎 là đầu gối.', 'c986642f-ef65-4dbf-9753-037ae076f450', '2026-01-11T09:51:05.042Z', '2026-01-11T09:51:05.042Z'),
  ('9e8258a7-0e14-4eac-bbb0-6fc046b1d0c3', '바지나 벨트를 매는 몸의 중간 부분은?', 'Bộ phận giữa thân người dùng để mặc quần hoặc thắt lưng là gì?', ARRAY['가슴', '허리', '어깨', '목']::text[], '허리', '허리 là eo hoặc thắt lưng.', 'dc8f0ecb-23e1-4064-9b18-3c71fdb5ae91', '2026-01-11T09:51:05.042Z', '2026-01-11T09:51:05.042Z'),
  ('ecf6e69a-efb8-4b26-b166-5f27ec2acf9f', '심장과 폐가 있는 몸의 윗부분은?', 'Phần trên của cơ thể chứa tim và phổi là gì?', ARRAY['배', '가슴', '등', '어깨']::text[], '가슴', '가슴 (ngực) là phần cơ thể chứa các cơ quan nội tạng quan trọng như tim, phổi.', '3f00af56-0424-4c7b-aa97-1acd6d9d92af', '2026-01-11T09:51:05.042Z', '2026-01-11T09:51:05.042Z'),
  ('2fce52c0-11b3-422f-a4bd-1acbbe44a049', '머리 위에 나는 털은?', 'Sợi lông mọc trên đầu là gì?', ARRAY['눈썹', '머리카락', '손톱', '발가락']::text[], '머리카락', '머리카락 là tóc.', '6d83780d-08d5-4540-91e8-8c71ae133b64', '2026-01-11T09:51:05.042Z', '2026-01-11T09:51:05.042Z'),
  ('036dc825-9f7c-4b19-8c18-fd35b5c6ee57', '기침이 나고 열이 나는 병은?', 'Bệnh gây ho và sốt là gì?', ARRAY['감기', '골절', '상처', '복통']::text[], '감기', '감기 là bệnh cảm lạnh thông thường.', '92310446-32fe-4d8e-ad09-7f1572f1f7b0', '2026-01-11T09:51:05.042Z', '2026-01-11T09:51:05.042Z'),
  ('0e38324e-8dd2-49ee-9d2b-fb58c11300bc', '감기에 걸렸을 때 코에서 나오는 액체는?', 'Chất lỏng chảy ra từ mũi khi bị cảm là gì?', ARRAY['눈물', '콧물', '땀', '침']::text[], '콧물', '콧물 là nước mũi.', 'cee731e9-d013-4a42-adbd-e0f3ca2d23c5', '2026-01-11T09:51:05.042Z', '2026-01-11T09:51:05.042Z'),
  ('d9e9b2f2-d49a-46bc-8c12-c82ea4cd02a3', '목이 간지럽고 입으로 소리를 내며 공기를 뱉는 것은?', 'Việc ngứa họng và phát ra tiếng động, đẩy khí qua miệng là gì?', ARRAY['재채기', '기침', '하품', '노래']::text[], '기침', '기침 là ho.', 'fbc7c3b8-3c34-4e0c-b12f-31ee2c51e312', '2026-01-11T09:51:05.042Z', '2026-01-11T09:51:05.042Z'),
  ('6b9e293f-8ddb-4a38-bec8-b19bcc9cf911', '머리가 아픈 증상은?', 'Triệu chứng đau đầu gọi là gì?', ARRAY['복통', '치통', '두통', '요통']::text[], '두통', '두통 (Hán tự: Đầu thống) nghĩa là đau đầu.', '82c0dbbd-6756-4aca-af90-e9e6e1798932', '2026-01-11T09:51:05.042Z', '2026-01-11T09:51:05.042Z'),
  ('80624dc4-7ce6-4ba2-86d5-9a7f6a49f123', '이가 아픈 증상은?', 'Triệu chứng đau răng gọi là gì?', ARRAY['안통', '치통', '두통', '복통']::text[], '치통', '치통 (Hán tự: Xỉ thống) nghĩa là đau răng.', 'c6acef28-27d8-483d-a1af-719c99c1bdaf', '2026-01-11T09:51:05.042Z', '2026-01-11T09:51:05.042Z'),
  ('39a0133b-49cf-4f4e-b72d-0cf9dd360fa3', '배가 아픈 증상은?', 'Triệu chứng đau bụng gọi là gì?', ARRAY['두통', '복통', '치통', '목통']::text[], '복통', '복통 (Hán tự: Phúc thống) nghĩa là đau bụng.', 'efed2dd9-ed93-4af6-9b99-81d74bcf4076', '2026-01-11T09:51:05.042Z', '2026-01-11T09:51:05.042Z'),
  ('0236edec-009e-4d97-ba16-f1ee63554028', '약을 파는 곳은?', 'Nơi bán thuốc là gì?', ARRAY['식당', '약국', '은행', '학교']::text[], '약국', '약국 là hiệu thuốc.', '0b4ade97-9971-4fac-b6db-9547df4dabcc', '2026-01-11T09:51:05.042Z', '2026-01-11T09:51:05.042Z'),
  ('5b57ab7d-2148-4500-919b-3ce1804cb5fe', '병을 고치기 위해 먹는 것은?', 'Thứ dùng để chữa bệnh là gì?', ARRAY['밥', '물', '약', '술']::text[], '약', '약 là thuốc.', '3cbd42f4-2269-4928-b18d-e13f460fa2ab', '2026-01-11T09:51:05.042Z', '2026-01-11T09:51:05.042Z'),
  ('6ba1eec2-5d98-430c-861b-3e11075feffb', '의사가 있고 환자를 치료하는 곳은?', 'Nơi có bác sĩ và điều trị cho bệnh nhân là gì?', ARRAY['도서관', '병원', '공원', '시장']::text[], '병원', '병원 là bệnh viện.', 'cc9099ac-0e2a-4838-9cb3-5b5f70b4a32e', '2026-01-11T09:51:05.042Z', '2026-01-11T09:51:05.042Z'),
  ('a5749d42-f2d1-49aa-9a9d-9a3512ad3ba6', '병이 나서 치료를 받는 사람은?', 'Người bị bệnh và đang nhận điều trị là ai?', ARRAY['의사', '간호사', '환자', '약사']::text[], '환자', '환자 là bệnh nhân.', 'e08e7977-7606-439b-9b37-3157cb698298', '2026-01-11T09:51:05.042Z', '2026-01-11T09:51:05.042Z'),
  ('58ef3860-e1b9-4f9a-8238-6b6e6944892b', '의사가 몸의 아픈 부분을 직접 고치는 일은?', 'Việc bác sĩ trực tiếp chữa trị phần cơ thể bị đau (bằng dao kéo) là gì?', ARRAY['주사', '수술', '검사', '입원']::text[], '수술', '수술 là phẫu thuật.', '0d0bbd06-3eaf-4f2f-b965-6b129112ba0f', '2026-01-11T09:51:05.042Z', '2026-01-11T09:51:05.042Z'),
  ('c573745a-10c7-41d0-ae13-7f44c2689198', '바늘을 통해 몸에 약을 넣는 것은?', 'Việc đưa thuốc vào cơ thể thông qua kim tiêm là gì?', ARRAY['수술', '주사', '안마', '목욕']::text[], '주사', '주사 là tiêm thuốc.', 'b6956952-eeb1-40cc-880a-2d9dbb5d8edc', '2026-01-11T09:51:05.042Z', '2026-01-11T09:51:05.042Z'),
  ('a3257127-fff2-4f2d-828b-3059d39651db', '먼지나 세균을 막기 위해 입과 코를 가리는 것은?', 'Thứ dùng để che miệng và mũi nhằm ngăn bụi bẩn hoặc vi khuẩn là gì?', ARRAY['모자', '안경', '마스크', '장갑']::text[], '마스크', '마스크 là khẩu trang.', '7b7905b4-481c-4492-891e-bced5c475f07', '2026-01-11T09:51:05.042Z', '2026-01-11T09:51:05.042Z'),
  ('f236aceb-d53f-472b-8c52-543f19f9cc68', '몸과 마음이 튼튼한 상태는?', 'Trạng thái cơ thể và tâm trí khỏe mạnh là gì?', ARRAY['질병', '피로', '건강', '스트레스']::text[], '건강', '건강 là sức khỏe.', '8208276d-53b5-43ac-bc88-20af69e8489f', '2026-01-11T09:51:05.042Z', '2026-01-11T09:51:05.042Z'),
  ('7425d434-43a4-4dbc-b439-d9f19d701e0d', '아픈 것이 없어지고 건강해지는 것은?', 'Việc hết đau và trở nên khỏe mạnh là gì?', ARRAY['붓다', '아프다', '낫다', '다치다']::text[], '낫다', '낫다 nghĩa là khỏi bệnh, hồi phục.', '351dd96b-c6e4-4ec9-b7ca-dbeae657f5fe', '2026-01-11T09:51:05.042Z', '2026-01-11T09:51:05.042Z'),
  ('a6ecf1ec-d867-428f-af6a-3579cc105cb3', '물로 몸이나 손을 깨끗하게 하는 것은?', 'Việc làm sạch cơ thể hoặc tay bằng nước là gì?', ARRAY['씻다', '먹다', '쓰다', '자다']::text[], '씻다', '씻다 là rửa hoặc tắm rửa.', '2585f82e-84ce-4dea-b1f5-377494ce1e55', '2026-01-11T09:51:05.042Z', '2026-01-11T09:51:05.042Z'),
  ('4fc83d11-4006-40fb-9e93-3af15b18014c', '치약으로 이를 깨끗하게 하는 것은?', 'Việc làm sạch răng bằng kem đánh răng là gì?', ARRAY['빨다', '닦다', '감다', '비비다']::text[], '닦다', '이를 닦다 nghĩa là đánh răng.', '6d5734c8-fdae-43e3-bc66-ceeb84fb1c5e', '2026-01-11T09:51:05.042Z', '2026-01-11T09:51:05.042Z'),
  ('16115ed3-cbc9-41d8-97e9-bb5a80e69bec', '어딘가에 부딪히거나 넘어져서 아프게 된 것은?', 'Việc bị đau do va chạm hoặc ngã là gì?', ARRAY['낫다', '웃다', '다치다', '걷다']::text[], '다치다', '다치다 là bị thương.', 'dbb7ef65-83ee-4d85-8c83-211e1cef3cf7', '2026-01-11T09:51:05.042Z', '2026-01-11T09:51:05.042Z'),
  ('e0606146-63e5-434a-b12a-73749e0d8eb4', '즐거울 때 소리를 내거나 표정을 짓는 것은?', 'Việc phát ra âm thanh hoặc biểu lộ nét mặt khi vui vẻ là gì?', ARRAY['웃다', '울다', '화내다', '졸다']::text[], '웃다', '웃다 là cười.', '0d521fd7-0767-42cd-84d0-634eb1e1c658', '2026-01-11T09:51:05.042Z', '2026-01-11T09:51:05.042Z'),
  ('d79e7ba7-3ced-4057-b7c5-b1d3619559fd', '슬플 때 눈물을 흘리는 것은?', 'Việc chảy nước mắt khi buồn là gì?', ARRAY['웃다', '울다', '노래하다', '춤추다']::text[], '울다', '울다 là khóc.', '2dac8661-4a0c-40a6-b076-91bbc1ffc216', '2026-01-11T09:51:05.042Z', '2026-01-11T09:51:05.042Z');

COMMIT;