BEGIN;

-- LearningGroup: Số & Thời gian
INSERT INTO "LearningGroup" (id, name, icon, "order", "topikLevel", "createdAt", "updatedAt") VALUES ('fdff86a8-dd56-4e29-8dd1-9bc41a1a4dbd', 'Số & Thời gian', '🔢', 3, 1, '2026-01-11T09:51:05.038Z', '2026-01-11T09:51:05.038Z');

-- Categories (4 categories)
INSERT INTO "Category" (id, name, description, icon, "order", "topikLevel", "groupId", "createdAt", "updatedAt") VALUES ('92999876-77d0-44f0-b59c-7ed80c06f8db', 'Số đếm Hán-Hàn (한자 수사)', 'Từ vựng về số đếm Hán-Hàn thường dùng trong đếm số tầng, tháng, giờ, giá cả, ngày tháng', '🔢', 1, 1, 'fdff86a8-dd56-4e29-8dd1-9bc41a1a4dbd', '2026-01-11T09:51:05.038Z', '2026-01-11T09:51:05.038Z'),
  ('1cf1b608-b3c4-494d-b511-87ffcf38b13f', 'Số đếm Thuần-Hàn', 'Số đếm thuần Hàn từ 1 đến 10 và số 20, cách sử dụng với bộ đếm', '🔢', 2, 1, 'fdff86a8-dd56-4e29-8dd1-9bc41a1a4dbd', '2026-01-11T09:51:05.038Z', '2026-01-11T09:51:05.038Z'),
  ('a49fe6f2-977e-45af-abc7-9e3d3deacd78', 'Thứ trong tuần', 'Từ vựng về các ngày trong tuần và các khái niệm thời gian liên quan trong tiếng Hàn', '📅', 3, 1, 'fdff86a8-dd56-4e29-8dd1-9bc41a1a4dbd', '2026-01-11T09:51:05.038Z', '2026-01-11T09:51:05.038Z'),
  ('4965686e-9e4d-4cca-8580-83a8ff882fad', 'Ngày và Tháng (날짜와 월)', 'Từ vựng về năm, tháng, ngày và các tháng đặc biệt trong tiếng Hàn', '📅', 4, 1, 'fdff86a8-dd56-4e29-8dd1-9bc41a1a4dbd', '2026-01-11T09:51:05.038Z', '2026-01-11T09:51:05.038Z');

-- Vocabulary Words
INSERT INTO "Vocabulary" (id, korean, hanja, vietnamese, pronunciation, example, "exampleTranslation", "categoryId", "createdAt", "updatedAt") VALUES ('46402426-1614-4f2c-a12b-3748ed91d3e3', '일', '一', 'một', 'il', '저는 1(일)층에 살아요.', 'Tôi sống ở tầng 1.', '92999876-77d0-44f0-b59c-7ed80c06f8db', '2026-01-11T09:51:05.038Z', '2026-01-11T09:51:05.038Z'),
  ('14f3753b-24cc-4626-9b78-53fe69cbd1bb', '이', '二', 'hai', 'i', '사과 2(이) 개 주세요.', 'Cho tôi 2 quả táo.', '92999876-77d0-44f0-b59c-7ed80c06f8db', '2026-01-11T09:51:05.038Z', '2026-01-11T09:51:05.038Z'),
  ('6b28e154-4537-4d45-b9ab-8d292ac35180', '삼', '三', 'ba', 'sam', '3(삼)월에 한국에 갈 거예요.', 'Tôi sẽ đi Hàn Quốc vào tháng 3.', '92999876-77d0-44f0-b59c-7ed80c06f8db', '2026-01-11T09:51:05.038Z', '2026-01-11T09:51:05.038Z'),
  ('f68efb6f-68b2-44fa-a8c1-5b1eb6b8a3f7', '사', '四', 'bốn', 'sa', '제 방은 4(사)층에 있어요.', 'Phòng của tôi ở tầng 4.', '92999876-77d0-44f0-b59c-7ed80c06f8db', '2026-01-11T09:51:05.038Z', '2026-01-11T09:51:05.038Z'),
  ('188cac1b-6af2-475c-9a9d-8f051fb5392b', '오', '五', 'năm', 'o', '지금은 5(오)시입니다.', 'Bây giờ là 5 giờ.', '92999876-77d0-44f0-b59c-7ed80c06f8db', '2026-01-11T09:51:05.038Z', '2026-01-11T09:51:05.038Z'),
  ('f7c7bdc6-2b6d-49c2-ae8a-f9d3ee33216f', '육', '六', 'sáu', 'yuk', '버스가 6(육)시에 출발해요.', 'Xe buýt khởi hành lúc 6 giờ.', '92999876-77d0-44f0-b59c-7ed80c06f8db', '2026-01-11T09:51:05.038Z', '2026-01-11T09:51:05.038Z'),
  ('76bbc0ae-8de9-4cca-8b88-2321e40ce18e', '칠', '七', 'bảy', 'chil', '일주일은 7(칠)일입니다.', 'Một tuần có 7 ngày.', '92999876-77d0-44f0-b59c-7ed80c06f8db', '2026-01-11T09:51:05.038Z', '2026-01-11T09:51:05.038Z'),
  ('b9096f64-a346-4a35-a98c-14a13261896c', '팔', '八', 'tám', 'pal', '이 책은 8(팔)천 원이에요.', 'Quyển sách này giá 8,000 won.', '92999876-77d0-44f0-b59c-7ed80c06f8db', '2026-01-11T09:51:05.038Z', '2026-01-11T09:51:05.038Z'),
  ('265e1ad7-593d-402f-8a4a-3d723fd9da6e', '구', '九', 'chín', 'gu', '제 생일은 9(구)월 9(구)일입니다.', 'Sinh nhật tôi là ngày 9 tháng 9.', '92999876-77d0-44f0-b59c-7ed80c06f8db', '2026-01-11T09:51:05.038Z', '2026-01-11T09:51:05.038Z'),
  ('be7d792d-2abe-49ae-bd1b-a2bfa7d7f0a3', '십', '十', 'mười', 'sip', '10(십)분만 기다려 주세요.', 'Xin hãy đợi 10 phút thôi ạ.', '92999876-77d0-44f0-b59c-7ed80c06f8db', '2026-01-11T09:51:05.038Z', '2026-01-11T09:51:05.038Z'),
  ('30735976-d8bf-423e-9325-44df67d67b66', '백', '百', 'một trăm', 'baek', '이 옷은 100(백)달러예요.', 'Cái áo này giá 100 đô la.', '92999876-77d0-44f0-b59c-7ed80c06f8db', '2026-01-11T09:51:05.038Z', '2026-01-11T09:51:05.038Z'),
  ('eabd876b-84fd-4c33-8c8f-5e8430f919c8', '천', '千', 'một nghìn', 'cheon', '이 가방은 10만(십만) 원이에요.', 'Cái túi này giá 100,000 won (10 man won).', '92999876-77d0-44f0-b59c-7ed80c06f8db', '2026-01-11T09:51:05.038Z', '2026-01-11T09:51:05.038Z'),
  ('da822a86-c0a8-4f63-a0c7-61c6a7736dff', '하나 (한)', '一', 'một', 'hana (han)', '커피 한 잔 주세요.', 'Cho tôi một ly cà phê.', '1cf1b608-b3c4-494d-b511-87ffcf38b13f', '2026-01-11T09:51:05.038Z', '2026-01-11T09:51:05.038Z'),
  ('22a73a3c-3d23-4632-afa6-5e265d4984ec', '둘 (두)', '二', 'hai', 'dul (du)', '여기 학생 두 명 있어요.', 'Ở đây có hai bạn học sinh.', '1cf1b608-b3c4-494d-b511-87ffcf38b13f', '2026-01-11T09:51:05.038Z', '2026-01-11T09:51:05.038Z'),
  ('4a321429-082c-4a20-b4a2-af78e6d17ce5', '셋 (세)', '三', 'ba', 'set (se)', '우리 가족은 세 명이에요.', 'Gia đình chúng tôi có ba người.', '1cf1b608-b3c4-494d-b511-87ffcf38b13f', '2026-01-11T09:51:05.038Z', '2026-01-11T09:51:05.038Z'),
  ('340bce93-24f0-4d58-83d4-b34ba7f2a0e2', '넷 (네)', '四', 'bốn', 'net (ne)', '네 시에 만나요.', 'Gặp nhau lúc bốn giờ nhé.', '1cf1b608-b3c4-494d-b511-87ffcf38b13f', '2026-01-11T09:51:05.038Z', '2026-01-11T09:51:05.038Z'),
  ('1feb08c0-965d-4d07-b536-fb5db45c134e', '다섯', '五', 'năm', 'daseot', '손가락이 다섯 개 있어요.', 'Có năm ngón tay.', '1cf1b608-b3c4-494d-b511-87ffcf38b13f', '2026-01-11T09:51:05.038Z', '2026-01-11T09:51:05.038Z'),
  ('3ae4ddda-ec21-4291-9a72-6929bbfa2e3b', '여섯', '六', 'sáu', 'yeoseot', '아침 여섯 시에 일어나요.', 'Tôi thức dậy vào sáu giờ sáng.', '1cf1b608-b3c4-494d-b511-87ffcf38b13f', '2026-01-11T09:51:05.038Z', '2026-01-11T09:51:05.038Z'),
  ('aa202178-9ce2-4422-bef5-472e251daefc', '일곱', '七', 'bảy', 'ilgop', '무지개는 일곱 색깔이에요.', 'Cầu vồng có bảy màu.', '1cf1b608-b3c4-494d-b511-87ffcf38b13f', '2026-01-11T09:51:05.038Z', '2026-01-11T09:51:05.038Z'),
  ('3988c85e-c9b5-4fee-940d-59d50580c8b2', '여덟', '八', 'tám', 'yeodeol', '수업이 여덟 시에 시작해요.', 'Buổi học bắt đầu lúc tám giờ.', '1cf1b608-b3c4-494d-b511-87ffcf38b13f', '2026-01-11T09:51:05.038Z', '2026-01-11T09:51:05.038Z'),
  ('5c5be297-8698-4ad0-8b60-740774716696', '아홉', '九', 'chín', 'ahop', '저는 아홉 살이에요.', 'Tôi chín tuổi.', '1cf1b608-b3c4-494d-b511-87ffcf38b13f', '2026-01-11T09:51:05.038Z', '2026-01-11T09:51:05.038Z'),
  ('cea0048f-777c-40dc-8994-5279606449fd', '열', '十', 'mười', 'yeol', '열 시에 잠을 자요.', 'Tôi đi ngủ lúc mười giờ.', '1cf1b608-b3c4-494d-b511-87ffcf38b13f', '2026-01-11T09:51:05.038Z', '2026-01-11T09:51:05.038Z'),
  ('7dc581cc-d313-497f-ac66-49c2850d88bf', '스물', '二十', 'hai mươi', 'seumul', '제 형은 스무 살입니다.', 'Anh trai tôi hai mươi tuổi.', '1cf1b608-b3c4-494d-b511-87ffcf38b13f', '2026-01-11T09:51:05.038Z', '2026-01-11T09:51:05.038Z'),
  ('3282ff3e-55dd-4595-833d-ec281d810358', '월요일', '月曜日', 'Thứ Hai', 'woryoil', '월요일에 회의가 있어요.', 'Tôi có cuộc họp vào thứ Hai.', 'a49fe6f2-977e-45af-abc7-9e3d3deacd78', '2026-01-11T09:51:05.038Z', '2026-01-11T09:51:05.038Z'),
  ('dd1eb0b9-4fc1-4443-b962-8135a583403f', '화요일', '火曜日', 'Thứ Ba', 'hwayoil', '화요일에 한국어 수업이 있어요.', 'Tôi có lớp tiếng Hàn vào thứ Ba.', 'a49fe6f2-977e-45af-abc7-9e3d3deacd78', '2026-01-11T09:51:05.038Z', '2026-01-11T09:51:05.038Z'),
  ('a751d77e-1e6d-4512-9e09-91bc8f8ad215', '수요일', '水曜日', 'Thứ Tư', 'suyoil', '수요일 저녁에 영화 볼까요?', 'Tối thứ Tư mình xem phim nhé?', 'a49fe6f2-977e-45af-abc7-9e3d3deacd78', '2026-01-11T09:51:05.038Z', '2026-01-11T09:51:05.038Z'),
  ('af894277-7bac-401f-b79c-6a816baa3710', '목요일', '木曜日', 'Thứ Năm', 'mogyoil', '목요일에 시험이 있어요.', 'Tôi có bài kiểm tra vào thứ Năm.', 'a49fe6f2-977e-45af-abc7-9e3d3deacd78', '2026-01-11T09:51:05.038Z', '2026-01-11T09:51:05.038Z'),
  ('05499fc8-7abf-46dc-9039-626fe94a2bb9', '금요일', '金曜日', 'Thứ Sáu', 'geumyoil', '금요일에 친구를 만나요.', 'Tôi gặp bạn vào thứ Sáu.', 'a49fe6f2-977e-45af-abc7-9e3d3deacd78', '2026-01-11T09:51:05.038Z', '2026-01-11T09:51:05.038Z'),
  ('b653419b-84ab-4397-bc7d-b8f596cc2a39', '토요일', '土曜日', 'Thứ Bảy', 'toyoil', '토요일에 보통 뭐 해요?', 'Bạn thường làm gì vào thứ Bảy?', 'a49fe6f2-977e-45af-abc7-9e3d3deacd78', '2026-01-11T09:51:05.038Z', '2026-01-11T09:51:05.038Z'),
  ('462513be-7134-4195-9123-d643aaa20196', '일요일', '日曜日', 'Chủ Nhật', 'iryoil', '일요일에는 집에서 쉬어요.', 'Vào Chủ Nhật tôi nghỉ ngơi ở nhà.', 'a49fe6f2-977e-45af-abc7-9e3d3deacd78', '2026-01-11T09:51:05.038Z', '2026-01-11T09:51:05.038Z'),
  ('2e61f9e1-5858-451f-bd4a-1b79d287e062', '오늘', NULL, 'Hôm nay', 'oneul', '오늘은 날씨가 아주 좋아요.', 'Thời tiết hôm nay rất tốt.', 'a49fe6f2-977e-45af-abc7-9e3d3deacd78', '2026-01-11T09:51:05.038Z', '2026-01-11T09:51:05.038Z'),
  ('9136c25b-9fe9-44d1-a7ad-65dd18856095', '내일', NULL, 'Ngày mai', 'naeil', '내일 같이 도서관에 갈래요?', 'Ngày mai cùng đi thư viện không?', 'a49fe6f2-977e-45af-abc7-9e3d3deacd78', '2026-01-11T09:51:05.038Z', '2026-01-11T09:51:05.038Z'),
  ('51f385b6-7eea-445a-8096-96a0e8e40e96', '어제', NULL, 'Hôm qua', 'eoje', '어제 뭐 했어요?', 'Hôm qua bạn đã làm gì?', 'a49fe6f2-977e-45af-abc7-9e3d3deacd78', '2026-01-11T09:51:05.038Z', '2026-01-11T09:51:05.038Z'),
  ('21976181-08ff-4040-86ad-6a56bf379b5f', '주말', '週末', 'Cuối tuần', 'jumal', '주말에 계획이 있어요?', 'Bạn có kế hoạch gì vào cuối tuần không?', 'a49fe6f2-977e-45af-abc7-9e3d3deacd78', '2026-01-11T09:51:05.038Z', '2026-01-11T09:51:05.038Z'),
  ('47cbc1dd-caed-4c32-954d-c9a7a03bdb24', '년', '年', 'Năm', 'nyeon', '지금은 2024(이천이십사)년입니다.', 'Bây giờ là năm 2024.', '4965686e-9e4d-4cca-8580-83a8ff882fad', '2026-01-11T09:51:05.038Z', '2026-01-11T09:51:05.038Z'),
  ('c8c5404c-9972-43f8-9d8c-9b880341568d', '월', '月', 'Tháng', 'wol', '12(십이)월에는 눈이 와요.', 'Tuyết rơi vào tháng 12.', '4965686e-9e4d-4cca-8580-83a8ff882fad', '2026-01-11T09:51:05.038Z', '2026-01-11T09:51:05.038Z'),
  ('75a0683f-18cf-445a-9fc4-6ccd1ba299ad', '일', '日', 'Ngày', 'il', '오늘이 며칠이에요?', 'Hôm nay là ngày mấy?', '4965686e-9e4d-4cca-8580-83a8ff882fad', '2026-01-11T09:51:05.038Z', '2026-01-11T09:51:05.038Z'),
  ('ae41be2e-824a-455a-9b94-be265313de3b', '생일', '生日', 'Sinh nhật', 'saeng-il', '생일 축하해요!', 'Chúc mừng sinh nhật!', '4965686e-9e4d-4cca-8580-83a8ff882fad', '2026-01-11T09:51:05.038Z', '2026-01-11T09:51:05.038Z'),
  ('a3285357-3264-409d-af55-c4df32e7d8a1', '일월', '一月', 'Tháng 1', 'irwol', '1(일)월 1(일)은 새해입니다.', 'Ngày 1 tháng 1 là Năm mới.', '4965686e-9e4d-4cca-8580-83a8ff882fad', '2026-01-11T09:51:05.038Z', '2026-01-11T09:51:05.038Z'),
  ('a4591a72-ee5e-436c-8594-cd305f5cf3cd', '이월', '二月', 'Tháng 2', 'iwol', '2(이)월은 짧아요.', 'Tháng 2 rất ngắn.', '4965686e-9e4d-4cca-8580-83a8ff882fad', '2026-01-11T09:51:05.038Z', '2026-01-11T09:51:05.038Z'),
  ('450e959b-a9e7-4e47-a106-61c20ba8a844', '유월', '六月', 'Tháng 6', 'yuwol', '6(유)월부터 여름이 시작돼요.', 'Mùa hè bắt đầu từ tháng 6.', '4965686e-9e4d-4cca-8580-83a8ff882fad', '2026-01-11T09:51:05.038Z', '2026-01-11T09:51:05.038Z'),
  ('daed6c4b-63de-436f-b878-4281e3bc6bfc', '시월', '十月', 'Tháng 10', 'siwol', '10(시)월에는 날씨가 시원해요.', 'Thời tiết mát mẻ vào tháng 10.', '4965686e-9e4d-4cca-8580-83a8ff882fad', '2026-01-11T09:51:05.038Z', '2026-01-11T09:51:05.038Z');

-- Quiz Questions
INSERT INTO "QuizQuestion" (id, question, "questionTranslation", options, "correctAnswer", explanation, "VocabularyId", "createdAt", "updatedAt") VALUES ('fc0115cc-f6d8-45c3-bee6-5dc2901e08c8', '아파트 ______층에 사세요?', 'Bạn sống ở tầng ______ của chung cư?', ARRAY['일', '이', '삼', '사']::text[], '일', '일 là số 1 trong số đếm Hán-Hàn, thường dùng để đánh số tầng, ngày, tháng, số thứ tự.', '46402426-1614-4f2c-a12b-3748ed91d3e3', '2026-01-11T09:51:05.038Z', '2026-01-11T09:51:05.038Z'),
  ('4078ad27-877d-4ab7-bf23-c6f5af10ea52', '______월부터 새 학기가 시작됩니다.', 'Học kỳ mới bắt đầu từ tháng ______.', ARRAY['일', '삼', '육', '구']::text[], '삼', '삼 là số 3, dùng để chỉ tháng 3 trong tiếng Hàn (삼월).', '46402426-1614-4f2c-a12b-3748ed91d3e3', '2026-01-11T09:51:05.038Z', '2026-01-11T09:51:05.038Z'),
  ('ff1345fe-0b54-4e5f-8477-c5a29f1ac21c', '______ 년 후에 한국에 갈 거예요.', 'Tôi sẽ đi Hàn Quốc sau ______ năm nữa.', ARRAY['일', '이', '삼', '사']::text[], '이', '이 là số 2, dùng để đếm số lượng và đơn vị thời gian.', '14f3753b-24cc-4626-9b78-53fe69cbd1bb', '2026-01-11T09:51:05.038Z', '2026-01-11T09:51:05.038Z'),
  ('4e8e7297-c5de-4b1d-98b9-637fea88788d', '저는 ______ 살 때 한국에 처음 왔어요.', 'Tôi đến Hàn Quốc lần đầu tiên khi ______ tuổi.', ARRAY['일', '이', '십', '백']::text[], '이', '이 có thể dùng để chỉ tuổi (số đếm thuần Hàn thông dụng hơn khi nói tuổi, nhưng trong văn viết/trang trọng có thể dùng).', '14f3753b-24cc-4626-9b78-53fe69cbd1bb', '2026-01-11T09:51:05.038Z', '2026-01-11T09:51:05.038Z'),
  ('c1101141-8a5b-4edb-9e33-7f9551da5c82', '______월은 봄이에요.', 'Tháng ______ là mùa xuân.', ARRAY['일', '삼', '육', '구']::text[], '삼', '삼월 là tháng 3 trong tiếng Hàn.', '6b28e154-4537-4d45-b9ab-8d292ac35180', '2026-01-11T09:51:05.038Z', '2026-01-11T09:51:05.038Z'),
  ('86796462-0635-4ba8-99d8-b4fa561a8505', '이 일을 끝내는 데 ______ 시간 걸렸어요.', 'Tôi mất ______ tiếng để hoàn thành việc này.', ARRAY['일', '삼', '오', '칠']::text[], '삼', '삼 dùng để chỉ số lượng 3 giờ.', '6b28e154-4537-4d45-b9ab-8d292ac35180', '2026-01-11T09:51:05.038Z', '2026-01-11T09:51:05.038Z'),
  ('4091dfe0-08e2-447d-81d4-3cedf462a57d', '______ 계절이 있어요.', 'Có ______ mùa.', ARRAY['사', '오', '육', '칠']::text[], '사', '사 là số 4, thường dùng trong các cụm từ cố định như 사계절 (bốn mùa).', 'f68efb6f-68b2-44fa-a8c1-5b1eb6b8a3f7', '2026-01-11T09:51:05.038Z', '2026-01-11T09:51:05.038Z'),
  ('4f7de2ae-5836-4288-b67b-bb0583ec69c7', '______각형을 영어로 뭐라고 해요?', 'Hình ______ giác trong tiếng Anh gọi là gì?', ARRAY['삼', '사', '오', '육']::text[], '사', '사각형 là hình tứ giác, hình vuông.', 'f68efb6f-68b2-44fa-a8c1-5b1eb6b8a3f7', '2026-01-11T09:51:05.038Z', '2026-01-11T09:51:05.038Z'),
  ('adde364a-6928-4ebf-9281-52e2df9b5322', '점심시간은 보통 ______시부터예요.', 'Giờ ăn trưa thường bắt đầu từ ______ giờ.', ARRAY['사', '오', '육', '칠']::text[], '오', '오 là số 5, dùng để chỉ giờ (5 giờ).', '188cac1b-6af2-475c-9a9d-8f051fb5392b', '2026-01-11T09:51:05.038Z', '2026-01-11T09:51:05.038Z'),
  ('175bce87-ef39-4c4f-9ea1-32c50e041d5f', '______일 동안 여행했어요.', 'Tôi đã đi du lịch trong ______ ngày.', ARRAY['삼', '사', '오', '육']::text[], '오', '오 dùng để đếm số ngày (5 ngày).', '188cac1b-6af2-475c-9a9d-8f051fb5392b', '2026-01-11T09:51:05.038Z', '2026-01-11T09:51:05.038Z'),
  ('0a5fb0c8-f9a1-4c35-8596-e3d69327d99c', '한 주는 ______일입니다.', 'Một tuần có ______ ngày.', ARRAY['오', '육', '칠', '팔']::text[], '칠', 'Một tuần có 7 ngày (칠일). Câu này kiểm tra kiến thức chung.', 'f7c7bdc6-2b6d-49c2-ae8a-f9d3ee33216f', '2026-01-11T09:51:05.038Z', '2026-01-11T09:51:05.038Z'),
  ('5d60c428-915f-4f71-9560-df0d218fda21', '______ 개월 동안 한국어를 공부했어요.', 'Tôi đã học tiếng Hàn được ______ tháng.', ARRAY['사', '오', '육', '칠']::text[], '육', '육 là số 6, dùng để đếm số tháng.', 'f7c7bdc6-2b6d-49c2-ae8a-f9d3ee33216f', '2026-01-11T09:51:05.038Z', '2026-01-11T09:51:05.038Z'),
  ('02e79ac0-b76f-4d29-9219-03496774e1cb', '______석색은 무지개의 일곱 번째 색이에요.', 'Màu ______ sắc là màu thứ bảy của cầu vồng.', ARRAY['삼', '사', '오', '칠']::text[], '칠', '칠 là số 7, dùng trong các từ ghép như 칠석색 (màu tím - màu thứ 7).', '76bbc0ae-8de9-4cca-8b88-2321e40ce18e', '2026-01-11T09:51:05.038Z', '2026-01-11T09:51:05.038Z'),
  ('b23a87c8-d28e-406c-89b1-9385ab84d26f', '이 방은 ______ 명까지 사용 가능합니다.', 'Phòng này có thể sử dụng cho tới ______ người.', ARRAY['오', '육', '칠', '팔']::text[], '칠', '칠 dùng để đếm số người (7 người).', '76bbc0ae-8de9-4cca-8b88-2321e40ce18e', '2026-01-11T09:51:05.038Z', '2026-01-11T09:51:05.038Z'),
  ('612031e5-5fef-4b70-b2ba-6aa95a98222c', '______각형은 팔각형이라고 해요.', 'Hình ______ giác gọi là hình bát giác.', ARRAY['육', '칠', '팔', '구']::text[], '팔', '팔각형 là hình bát giác.', 'b9096f64-a346-4a35-a98c-14a13261896c', '2026-01-11T09:51:05.038Z', '2026-01-11T09:51:05.038Z'),
  ('b8966cef-ab51-4c93-8a83-b12f8fb15893', '______시에 만나기로 했어요.', 'Chúng tôi đã hẹn gặp lúc ______ giờ.', ARRAY['육', '칠', '팔', '구']::text[], '팔', '팔 là số 8, dùng để chỉ giờ.', 'b9096f64-a346-4a35-a98c-14a13261896c', '2026-01-11T09:51:05.038Z', '2026-01-11T09:51:05.038Z'),
  ('ad2f388a-9d40-49b5-ba9c-779f0c13b153', '______월은 가을이에요.', 'Tháng ______ là mùa thu.', ARRAY['칠', '팔', '구', '십']::text[], '구', '구월 là tháng 9.', '265e1ad7-593d-402f-8a4a-3d723fd9da6e', '2026-01-11T09:51:05.038Z', '2026-01-11T09:51:05.038Z'),
  ('d188b025-bc13-4bc9-a930-210c8363407a', '______십 구(99)는 큰 숫자예요.', '______ mươi chín (99) là một con số lớn.', ARRAY['구', '십', '백', '천']::text[], '구', '구 là số 9, dùng trong các số như 99 (구십구).', '265e1ad7-593d-402f-8a4a-3d723fd9da6e', '2026-01-11T09:51:05.038Z', '2026-01-11T09:51:05.038Z'),
  ('26d87ca0-3b78-4720-b4ef-51f5f0394384', '______ 분 후에 출발할게요.', 'Tôi sẽ xuất phát sau ______ phút nữa.', ARRAY['구', '십', '백', '천']::text[], '십', '십 là số 10, dùng để đếm phút.', 'be7d792d-2abe-49ae-bd1b-a2bfa7d7f0a3', '2026-01-11T09:51:05.038Z', '2026-01-11T09:51:05.038Z'),
  ('9c4de8b4-1af3-4922-8812-b19e74b18c6d', '이 건물에는 ______ 개의 방이 있어요.', 'Tòa nhà này có ______ phòng.', ARRAY['오', '칠', '구', '십']::text[], '십', '십 dùng để đếm số lượng (10 cái).', 'be7d792d-2abe-49ae-bd1b-a2bfa7d7f0a3', '2026-01-11T09:51:05.038Z', '2026-01-11T09:51:05.038Z'),
  ('fb2d0203-da6e-4e51-861d-a908ebc516ac', '______ 미터 달리기를 했어요.', 'Tôi đã chạy ______ mét.', ARRAY['십', '백', '천', '만']::text[], '백', '백 là 100, dùng trong các đơn vị đo lường như 100m.', '30735976-d8bf-423e-9325-44df67d67b66', '2026-01-11T09:51:05.038Z', '2026-01-11T09:51:05.038Z'),
  ('aeb2331d-ba66-42c7-9c99-9a872716359b', '이 책은 ______ 페이지나 돼요.', 'Cuốn sách này có tới ______ trang.', ARRAY['오십', '백', '이백', '천']::text[], '백', '백 dùng để đếm số trang (100 trang).', '30735976-d8bf-423e-9325-44df67d67b66', '2026-01-11T09:51:05.038Z', '2026-01-11T09:51:05.038Z'),
  ('7196d630-2d3e-46fa-a76f-02fa0f368495', '______ 명이 이 행사에 참가했어요.', 'Có ______ người đã tham gia sự kiện này.', ARRAY['백', '천', '만', '십만']::text[], '천', '천 là 1,000, dùng để đếm số người.', 'eabd876b-84fd-4c33-8c8f-5e8430f919c8', '2026-01-11T09:51:05.038Z', '2026-01-11T09:51:05.038Z'),
  ('3dd0ff56-ade0-4ae5-aef9-e1da72b08c72', '______ 원짜리 지폐가 있어요.', 'Có tờ tiền ______ won.', ARRAY['오천', '만', '십만', '백만']::text[], '오천', '천 là đơn vị nghìn, 오천 là 5,000. Câu này kiểm tra khả năng kết hợp số.', 'eabd876b-84fd-4c33-8c8f-5e8430f919c8', '2026-01-11T09:51:05.038Z', '2026-01-11T09:51:05.038Z'),
  ('27465580-7049-4158-8f10-069da9c603cb', '물 ______ 병 사 왔어요.', 'Tôi đã mua ______ chai nước.', ARRAY['하나', '한', '하나 또는 한', '일']::text[], '한', '''한'' là hình thức rút gọn của ''하나'' khi kết hợp với bộ đếm, thường dùng với 잔 (ly), 명 (người), 개 (cái).', 'da822a86-c0a8-4f63-a0c7-61c6a7736dff', '2026-01-11T09:51:05.038Z', '2026-01-11T09:51:05.038Z'),
  ('c4876177-6851-4b3c-88cd-735336644e27', '______부터 열까지 세어 보세요.', 'Hãy đếm từ ______ đến mười.', ARRAY['하나', '한', '일', '첫째']::text[], '하나', 'Khi đếm số từ đầu tiên, dùng ''하나'' thay vì ''한'', vì đây là số đếm độc lập.', 'da822a86-c0a8-4f63-a0c7-61c6a7736dff', '2026-01-11T09:51:05.038Z', '2026-01-11T09:51:05.038Z'),
  ('5ab20380-c4c9-4d09-9562-79f555006b1d', '책 ______ 권 빌렸어요.', 'Tôi đã mượn ______ quyển sách.', ARRAY['둘', '두', '이', '두 개']::text[], '두', '''두'' là hình thức rút gọn của ''둘'' khi kết hợp với bộ đếm như 권 (quyển sách), 명 (người), 마리 (con vật).', '22a73a3c-3d23-4632-afa6-5e265d4984ec', '2026-01-11T09:51:05.038Z', '2026-01-11T09:51:05.038Z'),
  ('f1d9314c-3993-4f1e-a40d-f786affd6e3b', '손가락은 ______씩 있어요.', 'Ngón tay có mỗi bên ______ cái.', ARRAY['둘', '두', '이', '두 개']::text[], '둘', 'Khi nói về số lượng độc lập không kèm bộ đếm cụ thể, dùng ''둘'' thay vì ''두''.', '22a73a3c-3d23-4632-afa6-5e265d4984ec', '2026-01-11T09:51:05.038Z', '2026-01-11T09:51:05.038Z'),
  ('79c02d27-c767-4954-9f64-afc659ed022f', '______ 시간 후에 만나요.', 'Chúng ta gặp nhau sau ______ tiếng nữa nhé.', ARRAY['셋', '세', '삼', '세 개']::text[], '세', '''세'' là hình thức rút gọn của ''셋'' khi kết hợp với bộ đếm thời gian như 시 (giờ), 분 (phút).', '4a321429-082c-4a20-b4a2-af78e6d17ce5', '2026-01-11T09:51:05.038Z', '2026-01-11T09:51:05.038Z'),
  ('e65d1f3b-1552-44cc-8ba5-353dee976fbc', '______, 둘, 하나, 시작!', '______, hai, một, bắt đầu!', ARRAY['셋', '세', '삼', '서']::text[], '셋', 'Khi đếm ngược để bắt đầu cuộc thi hay sự kiện, dùng ''셋'' (ba) thay vì ''세''.', '4a321429-082c-4a20-b4a2-af78e6d17ce5', '2026-01-11T09:51:05.038Z', '2026-01-11T09:51:05.038Z'),
  ('297b1f02-cca8-4242-bdae-bfdf31bb7ac6', '오늘 약속이 ______ 개 있어요.', 'Hôm nay tôi có ______ cuộc hẹn.', ARRAY['넷', '네', '사', '네 개']::text[], '네', '''네'' là hình thức rút gọn của ''넷'' khi kết hợp với bộ đếm 개 (cái) hoặc các bộ đếm khác.', '340bce93-24f0-4d58-83d4-b34ba7f2a0e2', '2026-01-11T09:51:05.038Z', '2026-01-11T09:51:05.038Z'),
  ('fe3c0595-e6c0-4d2f-8d47-48bc83b44688', '계절은 모두 ______이에요.', 'Có tất cả ______ mùa.', ARRAY['넷', '네', '사', '네 가지']::text[], '넷', 'Khi nói về số lượng tổng thể không kèm bộ đếm cụ thể, dùng ''넷'' thay vì ''네''.', '340bce93-24f0-4d58-83d4-b34ba7f2a0e2', '2026-01-11T09:51:05.038Z', '2026-01-11T09:51:05.038Z'),
  ('172351a7-a137-406b-bcc6-38f48096decb', '주말에 친구 ______ 명이 와요.', 'Cuối tuần sẽ có ______ người bạn đến.', ARRAY['다섯', '오', '오 명', '다섯 개']::text[], '다섯', '다섯 là số đếm thuần Hàn cho số 5, không có hình thức rút gọn như các số từ 1-4, luôn giữ nguyên khi kết hợp với bộ đếm.', '1feb08c0-965d-4d07-b536-fb5db45c134e', '2026-01-11T09:51:05.038Z', '2026-01-11T09:51:05.038Z'),
  ('63f3129a-a78e-4d7f-ac01-9796d21ecb98', '일주일은 ______ 일이에요.', 'Một tuần có ______ ngày.', ARRAY['다섯', '오', '오 개', '다섯 개']::text[], '다섯', 'Khi nói về số lượng ngày, dùng ''다섯'' kết hợp với bộ đếm ''일'' (ngày) để chỉ năm ngày.', '1feb08c0-965d-4d07-b536-fb5db45c134e', '2026-01-11T09:51:05.038Z', '2026-01-11T09:51:05.038Z'),
  ('601bc480-5fe9-4947-863b-89ea34ab1416', '수업은 ______ 시에 끝나요.', 'Lớp học kết thúc lúc ______ giờ.', ARRAY['여섯', '육', '륙', '여섯 개']::text[], '여섯', '여섯 là số đếm thuần Hàn cho số 6, dùng để đếm giờ, tuổi, hoặc số lượng đồ vật nhỏ.', '3ae4ddda-ec21-4291-9a72-6929bbfa2e3b', '2026-01-11T09:51:05.038Z', '2026-01-11T09:51:05.038Z'),
  ('d15c990b-d8ba-45a1-8db3-3c013897eb18', '계란 ______ 알 샀어요.', 'Tôi đã mua ______ quả trứng.', ARRAY['여섯', '육', '륙', '여섯 개']::text[], '여섯', 'Khi đếm trứng, dùng ''여섯'' kết hợp với bộ đếm ''알'' (quả/viên) để chỉ sáu quả trứng.', '3ae4ddda-ec21-4291-9a72-6929bbfa2e3b', '2026-01-11T09:51:05.038Z', '2026-01-11T09:51:05.038Z'),
  ('130b8142-db2d-4a4c-98ed-b5c7119a82a3', '일주일 중 ______ 일을 일해요.', 'Tôi làm việc ______ ngày trong tuần.', ARRAY['일곱', '칠', '칠 일', '일곱 개']::text[], '일곱', '일곱 là số đếm thuần Hàn cho số 7, thường dùng để đếm ngày, tuổi, hoặc số lượng đồ vật.', 'aa202178-9ce2-4422-bef5-472e251daefc', '2026-01-11T09:51:05.038Z', '2026-01-11T09:51:05.038Z'),
  ('9d841c6c-4376-42f8-8c91-acd9029cc723', '______ 시간 자면 충분해요.', 'Ngủ ______ tiếng là đủ.', ARRAY['일곱', '칠', '칠 시간', '일곱 개']::text[], '일곱', 'Khi nói về thời gian ngủ, dùng ''일곱'' kết hợp với bộ đếm ''시간'' (giờ) để chỉ bảy tiếng.', 'aa202178-9ce2-4422-bef5-472e251daefc', '2026-01-11T09:51:05.038Z', '2026-01-11T09:51:05.038Z'),
  ('23af307e-52a7-4026-9cdd-546a5ced5e47', '사과 ______ 개 먹었어요.', 'Tôi đã ăn ______ quả táo.', ARRAY['여덟', '팔', '팔 개', '여덟 개']::text[], '여덟', '여덟 là số đếm thuần Hàn cho số 8, dùng để đếm đồ vật, giờ, tuổi, và các số lượng nhỏ.', '3988c85e-c9b5-4fee-940d-59d50580c8b2', '2026-01-11T09:51:05.038Z', '2026-01-11T09:51:05.038Z'),
  ('d0fb43c1-ea08-4cb4-8d8a-f452aebf90dc', '______ 월은 여름이에요.', 'Tháng ______ là mùa hè.', ARRAY['여덟', '팔', '팔 월', '여덟 월']::text[], '팔', 'Khi nói về tháng (월), phải dùng số Hán Hàn ''팔'' thay vì số thuần Hàn ''여덟''.', '3988c85e-c9b5-4fee-940d-59d50580c8b2', '2026-01-11T09:51:05.038Z', '2026-01-11T09:51:05.038Z'),
  ('ab6bc216-36bb-4869-8fc6-ab6cd9b369d0', '______ 번 버스를 타야 해요.', 'Tôi phải đi xe buýt số ______.', ARRAY['아홉', '구', '구 번', '아홉 번']::text[], '구', 'Khi nói về số xe buýt, số điện thoại, hoặc số thứ tự, phải dùng số Hán Hàn ''구'' thay vì số thuần Hàn ''아홉''.', '5c5be297-8698-4ad0-8b60-740774716696', '2026-01-11T09:51:05.038Z', '2026-01-11T09:51:05.038Z'),
  ('a87bf38b-1b4a-421b-aeb1-40118db9f860', '동생이 ______ 살이에요.', 'Em tôi ______ tuổi.', ARRAY['아홉', '구', '구 살', '아홉 살']::text[], '아홉', 'Khi nói về tuổi, luôn dùng số đếm thuần Hàn kết hợp với bộ đếm ''살'' (tuổi).', '5c5be297-8698-4ad0-8b60-740774716696', '2026-01-11T09:51:05.038Z', '2026-01-11T09:51:05.038Z'),
  ('284ce950-5b67-492d-9ee1-dee4d1d3324e', '______ 분 기다려 주세요.', 'Xin hãy đợi tôi ______ phút.', ARRAY['열', '십', '십 분', '열 분']::text[], '열', '열 là số đếm thuần Hàn cho số 10, dùng để đếm giờ, phút, tuổi, hoặc số lượng đồ vật nhỏ.', 'cea0048f-777c-40dc-8994-5279606449fd', '2026-01-11T09:51:05.038Z', '2026-01-11T09:51:05.038Z'),
  ('8cb3aa84-d26c-4e13-b1dd-fb8bdf506836', '______ 월은 가을이에요.', 'Tháng ______ là mùa thu.', ARRAY['열', '십', '십 월', '열 월']::text[], '십', 'Khi nói về tháng (월), phải dùng số Hán Hàn ''십'' thay vì số thuần Hàn ''열''.', 'cea0048f-777c-40dc-8994-5279606449fd', '2026-01-11T09:51:05.038Z', '2026-01-11T09:51:05.038Z'),
  ('75a873d5-cf25-4f3f-998b-49f262b45a7e', '저는 내년에 ______ 살이에요.', 'Năm sau tôi sẽ ______ tuổi.', ARRAY['스물', '스무', '이십', '스물 살']::text[], '스무', '''스무'' là hình thức rút gọn của ''스물'' khi kết hợp với bộ đếm ''살'' (tuổi), giống như ''한'' (một), ''두'' (hai).', '7dc581cc-d313-497f-ac66-49c2850d88bf', '2026-01-11T09:51:05.038Z', '2026-01-11T09:51:05.038Z'),
  ('0d36e3f0-3ab3-424d-8491-cda856503973', '______ 원이 있어요.', 'Tôi có ______ won.', ARRAY['스물', '스무', '이십', '스무 원']::text[], '이십', 'Khi nói về tiền (원), phải dùng số Hán Hàn ''이십'' thay vì số thuần Hàn ''스물'' hoặc ''스무''.', '7dc581cc-d313-497f-ac66-49c2850d88bf', '2026-01-11T09:51:05.038Z', '2026-01-11T09:51:05.038Z'),
  ('a38f802b-7295-4ea0-8a8c-dd3910d70777', '한국에서는 보통 ______부터 일주일이 시작해요.', 'Ở Hàn Quốc, tuần thường bắt đầu từ ______.', ARRAY['월요일', '일요일', '토요일', '금요일']::text[], '월요일', '월요일 (Thứ Hai) thường được coi là ngày đầu tuần trong lịch làm việc và học tập ở Hàn Quốc.', '3282ff3e-55dd-4595-833d-ec281d810358', '2026-01-11T09:51:05.038Z', '2026-01-11T09:51:05.038Z'),
  ('7b077a57-182f-4626-9e66-410b20c78ef4', '''월''은 중국어에서 ''달''을 의미하기 때문에 ______은 ''달의 날''이라는 뜻이에요.', 'Vì ''월'' trong Hán tự có nghĩa là ''mặt trăng'', nên ______ có nghĩa là ''ngày của mặt trăng''.', ARRAY['월요일', '화요일', '수요일', '목요일']::text[], '월요일', '월 (月) trong 월요일 có nghĩa là mặt trăng, theo cách đặt tên các ngày trong tuần dựa trên các thiên thể.', '3282ff3e-55dd-4595-833d-ec281d810358', '2026-01-11T09:51:05.038Z', '2026-01-11T09:51:05.038Z'),
  ('5a6bc5dd-3701-4ee2-9651-04b4a83d4f08', '______은 일주일의 두 번째 날이에요.', '______ là ngày thứ hai trong tuần.', ARRAY['화요일', '수요일', '월요일', '목요일']::text[], '화요일', '화요일 (Thứ Ba) đứng sau 월요일 trong thứ tự các ngày trong tuần của Hàn Quốc.', 'dd1eb0b9-4fc1-4443-b962-8135a583403f', '2026-01-11T09:51:05.038Z', '2026-01-11T09:51:05.038Z'),
  ('1619f152-2a0a-4f8e-82a3-2177e6f074c2', '''화''는 불을 의미하기 때문에 ______은 ''불의 날''이라는 뜻이에요.', 'Vì ''화'' có nghĩa là ''lửa'', nên ______ có nghĩa là ''ngày của lửa''.', ARRAY['화요일', '월요일', '수요일', '금요일']::text[], '화요일', '화 (火) trong 화요일 có nghĩa là lửa, theo hệ thống đặt tên dựa trên ngũ hành và các thiên thể.', 'dd1eb0b9-4fc1-4443-b962-8135a583403f', '2026-01-11T09:51:05.038Z', '2026-01-11T09:51:05.038Z'),
  ('7d48dcc5-4ea3-4355-a96a-145659647ec5', '______은 주중의 정중앙에 위치한 날이에요.', '______ là ngày nằm ở chính giữa tuần.', ARRAY['수요일', '화요일', '목요일', '금요일']::text[], '수요일', '수요일 (Thứ Tư) thường được coi là ngày giữa tuần, chia tuần làm hai phần bằng nhau.', 'a751d77e-1e6d-4512-9e09-91bc8f8ad215', '2026-01-11T09:51:05.038Z', '2026-01-11T09:51:05.038Z'),
  ('55e6f533-e00d-44ff-8a3a-dc7e556df162', '''수''는 물을 의미하기 때문에 ______은 ''물의 날''이라는 뜻이에요.', 'Vì ''수'' có nghĩa là ''nước'', nên ______ có nghĩa là ''ngày của nước''.', ARRAY['수요일', '화요일', '목요일', '토요일']::text[], '수요일', '수 (水) trong 수요일 có nghĩa là nước, tiếp tục theo hệ thống đặt tên dựa trên các nguyên tố.', 'a751d77e-1e6d-4512-9e09-91bc8f8ad215', '2026-01-11T09:51:05.038Z', '2026-01-11T09:51:05.038Z'),
  ('b423cf91-6819-43ef-83cc-dd99ed012fe4', '______이 지나면 거의 주말이 다가왔다고 느껴져요.', 'Sau khi ______ qua đi, người ta cảm thấy cuối tuần đã đến rất gần.', ARRAY['목요일', '수요일', '화요일', '월요일']::text[], '목요일', '목요일 (Thứ Năm) là ngày áp cuối của tuần làm việc, thường mang cảm giác cuối tuần sắp đến.', 'af894277-7bac-401f-b79c-6a816baa3710', '2026-01-11T09:51:05.038Z', '2026-01-11T09:51:05.038Z'),
  ('2a403503-52f8-4245-8a07-7a027c3852af', '''목''은 나무를 의미하기 때문에 ______은 ''나무의 날''이라는 뜻이에요.', 'Vì ''목'' có nghĩa là ''cây'', nên ______ có nghĩa là ''ngày của cây''.', ARRAY['목요일', '금요일', '토요일', '일요일']::text[], '목요일', '목 (木) trong 목요일 có nghĩa là cây/gỗ, tiếp tục theo hệ thống đặt tên dựa trên ngũ hành.', 'af894277-7bac-401f-b79c-6a816baa3710', '2026-01-11T09:51:05.038Z', '2026-01-11T09:51:05.038Z'),
  ('43abf599-baa9-46df-bacf-f15068d83c68', '______은 많은 사람들이 가장 기대하는 평일이에요.', '______ là ngày trong tuần được nhiều người mong đợi nhất.', ARRAY['금요일', '월요일', '수요일', '목요일']::text[], '금요일', '금요일 (Thứ Sáu) thường được gọi là ''불금'' (Thứ Sáu rực lửa) vì là ngày cuối cùng của tuần làm việc và bắt đầu cho cuối tuần.', '05499fc8-7abf-46dc-9039-626fe94a2bb9', '2026-01-11T09:51:05.038Z', '2026-01-11T09:51:05.038Z'),
  ('f054046f-0090-43fe-b77f-0c428d86b777', '''금''은 쇠를 의미하기 때문에 ______은 ''쇠의 날''이라는 뜻이에요.', 'Vì ''금'' có nghĩa là ''kim loại'', nên ______ có nghĩa là ''ngày của kim loại''.', ARRAY['금요일', '토요일', '일요일', '화요일']::text[], '금요일', '금 (金) trong 금요일 có nghĩa là kim loại/vàng, theo hệ thống đặt tên dựa trên ngũ hành.', '05499fc8-7abf-46dc-9039-626fe94a2bb9', '2026-01-11T09:51:05.038Z', '2026-01-11T09:51:05.038Z'),
  ('91420d7b-bf78-437d-97da-8462c40d6c47', '______은 한국에서 대부분의 직장인과 학생들이 쉬는 날이에요.', '______ là ngày mà hầu hết nhân viên văn phòng và học sinh ở Hàn Quốc được nghỉ.', ARRAY['토요일', '금요일', '일요일', '월요일']::text[], '토요일', '토요일 (Thứ Bảy) cùng với 일요일 tạo thành 주말 (cuối tuần) - thời gian nghỉ ngơi chính trong tuần.', 'b653419b-84ab-4397-bc7d-b8f596cc2a39', '2026-01-11T09:51:05.038Z', '2026-01-11T09:51:05.038Z'),
  ('1b085d1b-ee3c-4314-b23b-6060920d4bf7', '''토''는 흙을 의미하기 때문에 ______은 ''흙의 날''이라는 뜻이에요.', 'Vì ''토'' có nghĩa là ''đất'', nên ______ có nghĩa là ''ngày của đất''.', ARRAY['토요일', '일요일', '월요일', '화요일']::text[], '토요일', '토 (土) trong 토요일 có nghĩa là đất, hoàn thiện bộ ngũ hành trong cách đặt tên các ngày.', 'b653419b-84ab-4397-bc7d-b8f596cc2a39', '2026-01-11T09:51:05.038Z', '2026-01-11T09:51:05.038Z'),
  ('c6358882-30d9-4e6b-9677-ee82a4f13ad3', '______은 일주일의 마지막 날이자 대부분의 교회에서 예배를 보는 날이에요.', '______ là ngày cuối cùng của tuần và là ngày mà hầu hết các nhà thờ tổ chức lễ.', ARRAY['일요일', '토요일', '월요일', '금요일']::text[], '일요일', '일요일 (Chủ Nhật) theo truyền thống là ngày nghỉ và đi lễ nhà thờ ở nhiều nền văn hóa.', '462513be-7134-4195-9123-d643aaa20196', '2026-01-11T09:51:05.038Z', '2026-01-11T09:51:05.038Z'),
  ('cca79e40-211f-4a52-b9f3-38d42652ecb7', '''일''은 해를 의미하기 때문에 ______은 ''해의 날''이라는 뜻이에요.', 'Vì ''일'' có nghĩa là ''mặt trời'', nên ______ có nghĩa là ''ngày của mặt trời''.', ARRAY['일요일', '월요일', '화요일', '수요일']::text[], '일요일', '일 (日) trong 일요일 có nghĩa là mặt trời/ngày, khép lại chu kỳ 7 ngày dựa trên các thiên thể và nguyên tố.', '462513be-7134-4195-9123-d643aaa20196', '2026-01-11T09:51:05.038Z', '2026-01-11T09:51:05.038Z'),
  ('d92dffd7-ef43-4b3b-bc2e-c8eba0cf9431', '______ 일기예보에 따르면 비가 올 거라고 해요.', 'Theo dự báo thời tiết ______, họ nói rằng trời sẽ mưa.', ARRAY['오늘', '내일', '어제', '모레']::text[], '오늘', '오늘 có nghĩa là ''hôm nay'', chỉ ngày hiện tại mà người nói đang sống.', '2e61f9e1-5858-451f-bd4a-1b79d287e062', '2026-01-11T09:51:05.038Z', '2026-01-11T09:51:05.038Z'),
  ('f4a70724-9711-4e2f-8295-851dcc12af7f', '______ 무엇을 할 계획이에요?', 'Bạn có kế hoạch làm gì ______?', ARRAY['오늘', '내일', '어제', '그저께']::text[], '오늘', '오늘 thường được dùng để hỏi về kế hoạch, dự định trong ngày hiện tại.', '2e61f9e1-5858-451f-bd4a-1b79d287e062', '2026-01-11T09:51:05.038Z', '2026-01-11T09:51:05.038Z'),
  ('a4ee7f55-c0fb-473e-8833-579c6842bec1', '______은 제 생일이에요.', '______ là sinh nhật của tôi.', ARRAY['내일', '오늘', '어제', '글피']::text[], '내일', '내일 có nghĩa là ''ngày mai'', chỉ ngày tiếp theo sau ngày hôm nay.', '9136c25b-9fe9-44d1-a7ad-65dd18856095', '2026-01-11T09:51:05.038Z', '2026-01-11T09:51:05.038Z'),
  ('a80d8d76-6636-44e1-b8a3-052ca68f4074', '______ 일정이 어떻게 되세요?', 'Lịch trình của bạn ______ thế nào?', ARRAY['내일', '오늘', '어제', '매일']::text[], '내일', '내일 thường được dùng để hỏi về kế hoạch, lịch trình cho ngày tiếp theo.', '9136c25b-9fe9-44d1-a7ad-65dd18856095', '2026-01-11T09:51:05.038Z', '2026-01-11T09:51:05.038Z'),
  ('d6548b04-f5f7-4841-9180-39831b2c840a', '______ 왜 지각했어요?', 'Tại sao bạn đến muộn ______?', ARRAY['어제', '오늘', '내일', '모레']::text[], '어제', '어제 có nghĩa là ''hôm qua'', chỉ ngày ngay trước ngày hôm nay.', '51f385b6-7eea-445a-8096-96a0e8e40e96', '2026-01-11T09:51:05.038Z', '2026-01-11T09:51:05.038Z'),
  ('5e6109e0-966d-410b-b228-ba7800082793', '______ 있었던 일을 말씀해 주세요.', 'Hãy kể cho tôi nghe về việc đã xảy ra ______.', ARRAY['어제', '오늘', '내일', '주말']::text[], '어제', '어제 thường được dùng để nói về những sự việc đã xảy ra trong quá khứ gần.', '51f385b6-7eea-445a-8096-96a0e8e40e96', '2026-01-11T09:51:05.038Z', '2026-01-11T09:51:05.038Z'),
  ('2e5e5688-23bf-490b-b553-fbb21a93ff14', '______에는 보통 가족들과 시간을 보내요.', 'Vào ______, tôi thường dành thời gian với gia đình.', ARRAY['주말', '평일', '오늘', '내일']::text[], '주말', '주말 có nghĩa là ''cuối tuần'', thường bao gồm 토요일 (Thứ Bảy) và 일요일 (Chủ Nhật).', '21976181-08ff-4040-86ad-6a56bf379b5f', '2026-01-11T09:51:05.038Z', '2026-01-11T09:51:05.038Z'),
  ('03c422b1-f15e-4be9-a64a-50c37bc2b52f', '이번 ______에 뭐 할 거예요?', 'Bạn sẽ làm gì vào ______ này?', ARRAY['주말', '평일', '아침', '저녁']::text[], '주말', '주말 thường được dùng để hỏi về kế hoạch nghỉ ngơi, giải trí vào những ngày cuối tuần.', '21976181-08ff-4040-86ad-6a56bf379b5f', '2026-01-11T09:51:05.038Z', '2026-01-11T09:51:05.038Z'),
  ('f7966993-d229-42f6-876f-4b027b57f86e', '다음 ______에는 대학을 졸업할 거예요.', 'Tôi sẽ tốt nghiệp đại học vào ______ tới.', ARRAY['월', '년', '일', '시']::text[], '년', '년 là đơn vị thời gian chỉ ''năm'', dùng để đếm năm hoặc chỉ một năm cụ thể.', '47cbc1dd-caed-4c32-954d-c9a7a03bdb24', '2026-01-11T09:51:05.038Z', '2026-01-11T09:51:05.038Z'),
  ('465fc2ea-a8fe-4812-829c-3a8bc1125594', '한국의 2020(______)년은 코로나로 힘든 시기였어요.', 'Năm 2020 ở Hàn Quốc là thời kỳ khó khăn vì Covid-19.', ARRAY['이천이십', '천구백', '이백이십', '삼천']::text[], '이천이십', '년 thường đi kèm với số đếm Hán-Hàn để chỉ năm cụ thể, như 2020년 (이천이십년).', '47cbc1dd-caed-4c32-954d-c9a7a03bdb24', '2026-01-11T09:51:05.038Z', '2026-01-11T09:51:05.038Z'),
  ('9bcbec02-a447-49e3-a798-7a6491288c63', '한 해에는 열두 ______가 있어요.', 'Một năm có mười hai ______.', ARRAY['일', '월', '년', '주']::text[], '월', '월 là đơn vị thời gian chỉ ''tháng'', dùng để đếm tháng hoặc chỉ tháng cụ thể.', 'c8c5404c-9972-43f8-9d8c-9b880341568d', '2026-01-11T09:51:05.038Z', '2026-01-11T09:51:05.038Z'),
  ('7cce4c03-86a4-49d2-86bb-e932785fcba7', '______이 지나면 다시 만나요.', 'Sau khi ______ trôi qua, chúng ta hãy gặp lại nhau.', ARRAY['한 달', '한 해', '한 시간', '한 분']::text[], '한 달', '월 và 달 đều có nghĩa là ''tháng'', nhưng 월 thường dùng với số đếm Hán-Hàn (1월, 2월), còn 달 dùng với số đếm thuần Hàn (한 달, 두 달).', 'c8c5404c-9972-43f8-9d8c-9b880341568d', '2026-01-11T09:51:05.038Z', '2026-01-11T09:51:05.038Z'),
  ('86ddc59e-2dbc-4306-bb52-3269737db640', '한 달은 보통 30 ______ 또는 31 ______입니다.', 'Một tháng thường có 30 ______ hoặc 31 ______.', ARRAY['년', '월', '일', '시']::text[], '일', '일 là đơn vị thời gian chỉ ''ngày'', dùng để đếm số ngày hoặc chỉ ngày cụ thể trong tháng.', '75a0683f-18cf-445a-9fc4-6ccd1ba299ad', '2026-01-11T09:51:05.038Z', '2026-01-11T09:51:05.038Z'),
  ('87c0f014-c2a3-4453-9694-867e3a001e64', '매 ______ 아침에 운동을 해요.', 'Tôi tập thể dục vào mỗi buổi sáng.', ARRAY['월', '일', '년', '분']::text[], '일', '매일 có nghĩa là ''mỗi ngày'', 일 ở đây chỉ đơn vị ngày lặp lại hàng ngày.', '75a0683f-18cf-445a-9fc4-6ccd1ba299ad', '2026-01-11T09:51:05.038Z', '2026-01-11T09:51:05.038Z'),
  ('d0d5fa0a-1dd9-4823-8a4c-cb0884567cd6', '오늘은 제 ______이에요.', 'Hôm nay là ______ của tôi.', ARRAY['기념일', '생일', '휴일', '명절']::text[], '생일', '생일 có nghĩa là ''sinh nhật'', là ngày kỷ niệm ngày sinh của một người.', 'ae41be2e-824a-455a-9b94-be265313de3b', '2026-01-11T09:51:05.038Z', '2026-01-11T09:51:05.038Z'),
  ('0bdb8725-31e2-4019-a175-9c2d415da9e2', '______ 파티에 초대합니다.', 'Tôi mời bạn đến dự tiệc ______.', ARRAY['결혼', '생일', '졸업', '환갑']::text[], '생일', '생일 thường đi kèm với 파티 để chỉ ''tiệc sinh nhật''.', 'ae41be2e-824a-455a-9b94-be265313de3b', '2026-01-11T09:51:05.038Z', '2026-01-11T09:51:05.038Z'),
  ('6c50f2cf-80aa-4ac8-ae1e-e7d7971b51ab', '______은/는 한 해의 첫 번째 달이에요.', '______ là tháng đầu tiên của năm.', ARRAY['일월', '이월', '삼월', '사월']::text[], '일월', '일월 là tháng 1, kết hợp của 일 (số 1) và 월 (tháng).', 'a3285357-3264-409d-af55-c4df32e7d8a1', '2026-01-11T09:51:05.038Z', '2026-01-11T09:51:05.038Z'),
  ('90c37542-5d0d-46f4-8310-7862a71794c4', '______에 크리스마스가 있어요.', 'Có Giáng sinh vào tháng 12.', ARRAY['일월', '삼월', '유월', '십이월']::text[], '십이월', '십이월 là tháng 12. Câu này kiểm tra kiến thức về các tháng khác.', 'a3285357-3264-409d-af55-c4df32e7d8a1', '2026-01-11T09:51:05.038Z', '2026-01-11T09:51:05.038Z'),
  ('87318e43-371b-4cb5-b236-41dfab30fcf2', '______에는 발렌타인데이가 있어요.', 'Có Ngày Valentine vào ______.', ARRAY['일월', '이월', '삼월', '사월']::text[], '이월', '이월 là tháng 2, tháng có Ngày Valentine (14/2).', 'a4591a72-ee5e-436c-8594-cd305f5cf3cd', '2026-01-11T09:51:05.038Z', '2026-01-11T09:51:05.038Z'),
  ('9221c562-9334-4fa2-900a-6df11606e31a', '가장 추운 달은 보통 ______이에요.', 'Tháng lạnh nhất thường là ______.', ARRAY['일월', '이월', '삼월', '사월']::text[], '일월', '일월 (tháng 1) thường là tháng lạnh nhất. Câu này kiểm tra hiểu biết thực tế về thời tiết.', 'a4591a72-ee5e-436c-8594-cd305f5cf3cd', '2026-01-11T09:51:05.038Z', '2026-01-11T09:51:05.038Z'),
  ('9671485c-1bcd-43f9-8114-f40c8aa1a307', '______에 학교 방학이 시작되는 경우가 많아요.', 'Kỳ nghỉ hè thường bắt đầu vào ______.', ARRAY['사월', '오월', '유월', '칠월']::text[], '유월', '유월 là tháng 6, tháng bắt đầu mùa hè và kỳ nghỉ hè ở nhiều nước.', '450e959b-a9e7-4e47-a106-61c20ba8a844', '2026-01-11T09:51:05.038Z', '2026-01-11T09:51:05.038Z'),
  ('a232b44a-450d-48ea-bbdf-f3a6e44bed9b', '6월의 발음은 ______입니다.', 'Cách phát âm của tháng 6 là ______.', ARRAY['육월', '유월', '륙월', '뉴월']::text[], '유월', '육월 thường được phát âm thành 유월 do biến âm trong tiếng Hàn để dễ phát âm hơn.', '450e959b-a9e7-4e47-a106-61c20ba8a844', '2026-01-11T09:51:05.038Z', '2026-01-11T09:51:05.038Z'),
  ('51d7b457-3855-4db4-bf3c-8cad36fc56c1', '______에는 단풍이 매우 아름다워요.', '______ có lá mùa thu rất đẹp.', ARRAY['구월', '시월', '십일월', '십이월']::text[], '시월', '시월 là tháng 10, tháng cao điểm của mùa thu với lá phong đổi màu.', 'daed6c4b-63de-436f-b878-4281e3bc6bfc', '2026-01-11T09:51:05.038Z', '2026-01-11T09:51:05.038Z'),
  ('1070e62b-7c89-48c4-b560-322e07e16c50', '10월의 올바른 발음은 ______입니다.', 'Cách phát âm đúng của tháng 10 là ______.', ARRAY['십월', '시월', '심월', '씨월']::text[], '시월', '십월 thường được phát âm thành 시월 để tránh phát âm khó (십월 → 시월).', 'daed6c4b-63de-436f-b878-4281e3bc6bfc', '2026-01-11T09:51:05.038Z', '2026-01-11T09:51:05.038Z');

COMMIT;