BEGIN;

-- LearningGroup: Thời trang
INSERT INTO "LearningGroup" (id, name, icon, "order", "topikLevel", "createdAt", "updatedAt") VALUES ('5b0e0efe-5641-413f-add4-c0bb0bc51b34', 'Thời trang', '👕', 8, 1, '2026-01-11T09:51:05.043Z', '2026-01-11T09:51:05.043Z');

-- Categories (2 categories)
INSERT INTO "Category" (id, name, description, icon, "order", "topikLevel", "groupId", "createdAt", "updatedAt") VALUES ('98218ab9-125d-4d28-80f0-f893cf8fbc83', 'Quần áo (Phần 1) (옷 1)', 'Từ vựng về các loại quần áo cơ bản và động từ liên quan', '👕', 1, 1, '5b0e0efe-5641-413f-add4-c0bb0bc51b34', '2026-01-11T09:51:05.043Z', '2026-01-11T09:51:05.043Z'),
  ('cb57a65c-8fa9-41aa-8b58-fc40a87b65d4', 'Giày dép & Phụ kiện', 'Từ vựng về giày dép và các phụ kiện thời trang cơ bản', '👞', 2, 1, '5b0e0efe-5641-413f-add4-c0bb0bc51b34', '2026-01-11T09:51:05.043Z', '2026-01-11T09:51:05.043Z');

-- Vocabulary Words
INSERT INTO "Vocabulary" (id, korean, hanja, vietnamese, pronunciation, example, "exampleTranslation", "categoryId", "createdAt", "updatedAt") VALUES ('14eb2e7e-b8bf-4b79-b2d9-0672509aef62', '옷', '衣', 'Quần áo', 'ot', '새 옷을 사고 싶어요.', 'Tôi muốn mua quần áo mới.', '98218ab9-125d-4d28-80f0-f893cf8fbc83', '2026-01-11T09:51:05.043Z', '2026-01-11T09:51:05.043Z'),
  ('194586ab-9505-4b8a-8815-c8ea471ac77c', '티셔츠', NULL, 'Áo thun', 'tisyeocheu', '여름에 티셔츠를 자주 입어요.', 'Tôi thường mặc áo thun vào mùa hè.', '98218ab9-125d-4d28-80f0-f893cf8fbc83', '2026-01-11T09:51:05.043Z', '2026-01-11T09:51:05.043Z'),
  ('c5b60ac2-e927-44a2-ab2a-affd97009e24', '바지', '바지', 'Quần dài', 'baji', '이 바지는 너무 작아요.', 'Cái quần này nhỏ quá.', '98218ab9-125d-4d28-80f0-f893cf8fbc83', '2026-01-11T09:51:05.043Z', '2026-01-11T09:51:05.043Z'),
  ('c6d1bc91-cc2c-42e2-85be-8c26a2e7f7e1', '치마', NULL, 'Váy', 'chima', '저는 긴 치마를 좋아해요.', 'Tôi thích váy dài.', '98218ab9-125d-4d28-80f0-f893cf8fbc83', '2026-01-11T09:51:05.043Z', '2026-01-11T09:51:05.043Z'),
  ('5133b82e-8533-4d98-b379-19e3a8c3a85f', '원피스', NULL, 'Váy liền thân', 'wonpiseu', '파티에 원피스를 입고 갈 거예요.', 'Tôi sẽ mặc váy liền thân đến bữa tiệc.', '98218ab9-125d-4d28-80f0-f893cf8fbc83', '2026-01-11T09:51:05.043Z', '2026-01-11T09:51:05.043Z'),
  ('120f2baa-3719-4a24-807d-df59358f112e', '셔츠', NULL, 'Áo sơ mi', 'syeocheu', '흰색 셔츠를 입었어요.', 'Tôi đã mặc một chiếc áo sơ mi trắng.', '98218ab9-125d-4d28-80f0-f893cf8fbc83', '2026-01-11T09:51:05.043Z', '2026-01-11T09:51:05.043Z'),
  ('978f6b11-36bb-48d7-8024-1919b1796940', '스웨터', NULL, 'Áo len', 'seuweteo', '겨울에는 따뜻한 스웨터를 입어요.', 'Tôi mặc áo len ấm vào mùa đông.', '98218ab9-125d-4d28-80f0-f893cf8fbc83', '2026-01-11T09:51:05.043Z', '2026-01-11T09:51:05.043Z'),
  ('7f507bee-09cf-466e-a20c-58a442fb7501', '코트', NULL, 'Áo khoác dài', 'koteu', '날씨가 추워서 코트를 입었어요.', 'Thời tiết lạnh nên tôi đã mặc áo khoác.', '98218ab9-125d-4d28-80f0-f893cf8fbc83', '2026-01-11T09:51:05.043Z', '2026-01-11T09:51:05.043Z'),
  ('21b5422f-465e-4cd0-9cd0-1a71899fb109', '입다', '着', 'Mặc', 'ipda', '무슨 옷을 입을까요?', 'Tôi nên mặc đồ gì đây?', '98218ab9-125d-4d28-80f0-f893cf8fbc83', '2026-01-11T09:51:05.043Z', '2026-01-11T09:51:05.043Z'),
  ('ea2f60e5-da31-4652-874f-d12625357565', '신발', NULL, 'Giày dép', 'sinbal', '새 신발을 샀어요.', 'Tôi đã mua giày mới.', 'cb57a65c-8fa9-41aa-8b58-fc40a87b65d4', '2026-01-11T09:51:05.043Z', '2026-01-11T09:51:05.043Z'),
  ('d2b83a25-4190-4571-b73f-09670333cef2', '운동화', '運動靴', 'Giày thể thao', 'undonghwa', '운동할 때 운동화를 신어요.', 'Tôi mang giày thể thao khi tập thể dục.', 'cb57a65c-8fa9-41aa-8b58-fc40a87b65d4', '2026-01-11T09:51:05.043Z', '2026-01-11T09:51:05.043Z'),
  ('4def461c-8ffa-4076-b99a-36015f9cb559', '구두', NULL, 'Giày da', 'gudu', '면접 때 구두를 신어야 해요.', 'Phải mang giày da khi đi phỏng vấn.', 'cb57a65c-8fa9-41aa-8b58-fc40a87b65d4', '2026-01-11T09:51:05.043Z', '2026-01-11T09:51:05.043Z'),
  ('ef52169c-7d9a-4159-9679-0df5a71e45f5', '모자', '帽子', 'Mũ, nón', 'moja', '햇빛이 강해서 모자를 썼어요.', 'Nắng gắt nên tôi đã đội mũ.', 'cb57a65c-8fa9-41aa-8b58-fc40a87b65d4', '2026-01-11T09:51:05.043Z', '2026-01-11T09:51:05.043Z'),
  ('73c25de7-822b-4dee-801f-d1e1ad0301bf', '양말', NULL, 'Tất, vớ', 'yangmal', '양말을 신으세요.', 'Hãy mang tất vào đi.', 'cb57a65c-8fa9-41aa-8b58-fc40a87b65d4', '2026-01-11T09:51:05.043Z', '2026-01-11T09:51:05.043Z'),
  ('9e76f46f-7410-4321-acb4-e592d45cc9cd', '안경', '眼鏡', 'Kính mắt', 'an-gyeong', '저는 안경을 써요.', 'Tôi đeo kính.', 'cb57a65c-8fa9-41aa-8b58-fc40a87b65d4', '2026-01-11T09:51:05.043Z', '2026-01-11T09:51:05.043Z'),
  ('d2221703-010a-4679-a1d6-52623ed76c4e', '목도리', NULL, 'Khăn quàng cổ', 'mokdori', '겨울에 목도리를 해요.', 'Tôi quàng khăn vào mùa đông.', 'cb57a65c-8fa9-41aa-8b58-fc40a87b65d4', '2026-01-11T09:51:05.043Z', '2026-01-11T09:51:05.043Z'),
  ('e8ac3dde-7be2-47e7-815f-643e03e2f0c0', '장갑', '掌匣', 'Găng tay', 'janggap', '추워서 장갑을 꼈어요.', 'Lạnh quá nên tôi đã đeo găng tay.', 'cb57a65c-8fa9-41aa-8b58-fc40a87b65d4', '2026-01-11T09:51:05.043Z', '2026-01-11T09:51:05.043Z'),
  ('e9b92600-6a55-4f02-b90d-7813f385d32a', '신다', NULL, 'Mang (giày, tất)', 'sinda', '어떤 신발을 신을까요?', 'Tôi nên mang đôi giày nào đây?', 'cb57a65c-8fa9-41aa-8b58-fc40a87b65d4', '2026-01-11T09:51:05.043Z', '2026-01-11T09:51:05.043Z');

-- Quiz Questions
INSERT INTO "QuizQuestion" (id, question, "questionTranslation", options, "correctAnswer", explanation, "VocabularyId", "createdAt", "updatedAt") VALUES ('969a84cb-caec-418b-a034-22fbd068fee7', '______을/를 갈아입으세요.', 'Hãy thay quần áo đi.', ARRAY['음식', '옷', '가방', '신발']::text[], '옷', '''옷'' là danh từ chung chỉ quần áo, thường đi với động từ ''갈아입다'' (thay đồ).', '14eb2e7e-b8bf-4b79-b2d9-0672509aef62', '2026-01-11T09:51:05.043Z', '2026-01-11T09:51:05.043Z'),
  ('895e71f2-b4a6-45eb-9cfc-8454ed78d57a', '______이/가 다 젖었어요.', 'Quần áo đều bị ướt hết rồi.', ARRAY['머리', '옷', '책', '휴대폰']::text[], '옷', 'Quần áo (''옷'') có thể bị ướt (''젖다'') khi gặp mưa hoặc nước.', '14eb2e7e-b8bf-4b79-b2d9-0672509aef62', '2026-01-11T09:51:05.043Z', '2026-01-11T09:51:05.043Z'),
  ('fcc4bcf3-6354-4e79-ab56-65ca42abd762', '편안한 ______를 입고 집에 있어요.', 'Tôi mặc áo thun thoải mái và ở nhà.', ARRAY['코트', '티셔츠', '정장', '원피스']::text[], '티셔츠', '''티셔츠'' thường được mô tả là ''편안한'' (thoải mái) và phù hợp để mặc ở nhà.', '194586ab-9505-4b8a-8815-c8ea471ac77c', '2026-01-11T09:51:05.043Z', '2026-01-11T09:51:05.043Z'),
  ('6ec1f200-6cc5-44ee-b64b-e0700e0ce9dc', '이 ______는 무슨 색깔이에요?', 'Cái áo thun này màu gì vậy?', ARRAY['바지', '티셔츠', '모자', '신발']::text[], '티셔츠', '''티셔츠'' có thể có nhiều màu sắc khác nhau, nên thường được hỏi về màu.', '194586ab-9505-4b8a-8815-c8ea471ac77c', '2026-01-11T09:51:05.043Z', '2026-01-11T09:51:05.043Z'),
  ('093806a1-7642-4a08-bd24-8233090669b0', '______ 길이를 좀 줄여 주세요.', 'Hãy bớt độ dài của quần giùm tôi.', ARRAY['치마', '바지', '티셔츠', '코트']::text[], '바지', '''바지'' thường cần chỉnh sửa độ dài (''길이'') cho vừa người.', 'c5b60ac2-e927-44a2-ab2a-affd97009e24', '2026-01-11T09:51:05.043Z', '2026-01-11T09:51:05.043Z'),
  ('247c6067-9091-47ef-bd9a-2a3ed6602b0f', '검정색 ______가 잘 어울려요.', 'Chiếc quần màu đen rất hợp với bạn.', ARRAY['바지', '모자', '양말', '벨트']::text[], '바지', '''바지'' có nhiều màu sắc và có thể được đánh giá là có hợp với người mặc hay không (''어울리다'').', 'c5b60ac2-e927-44a2-ab2a-affd97009e24', '2026-01-11T09:51:05.043Z', '2026-01-11T09:51:05.043Z'),
  ('d69305dc-a8fe-4cd4-8abb-a48c6f518c83', '______를 입고 회전하니까 펄럭여요.', 'Váy bay phấp phới khi tôi mặc nó và xoay người.', ARRAY['바지', '치마', '조끼', '점퍼']::text[], '치마', '''치마'' (váy) có thể ''펄럭이다'' (bay phấp phới) khi di chuyển hoặc có gió.', 'c6d1bc91-cc2c-42e2-85be-8c26a2e7f7e1', '2026-01-11T09:51:05.043Z', '2026-01-11T09:51:05.043Z'),
  ('dd8e5e7b-5b79-419e-b58e-8c7389e6ff6b', '이 ______는 주름이 많아요.', 'Cái váy này có nhiều nếp gấp.', ARRAY['바지', '치마', '셔츠', '코트']::text[], '치마', '''치마'' thường có các kiểu dáng như ''주름치마'' (váy xếp ly).', 'c6d1bc91-cc2c-42e2-85be-8c26a2e7f7e1', '2026-01-11T09:51:05.043Z', '2026-01-11T09:51:05.043Z'),
  ('5857347b-e64e-47a2-ab39-65c11285ec30', '소매 없는 ______를 여름에 입어요.', 'Tôi mặc váy liền thân không tay vào mùa hè.', ARRAY['원피스', '정장', '트레이닝복', '점퍼']::text[], '원피스', '''원피스'' có nhiều kiểu dáng, bao gồm cả kiểu ''소매 없는'' (không tay).', '5133b82e-8533-4d98-b379-19e3a8c3a85f', '2026-01-11T09:51:05.043Z', '2026-01-11T09:51:05.043Z'),
  ('e1c0b321-83be-473a-9c6a-3a0a102d710b', '______ 하나로 옷 코디가 끝나요.', 'Chỉ một bộ váy liền thân là xong việc phối đồ.', ARRAY['원피스', '청바지', '정장', '티셔츠']::text[], '원피스', '''원피스'' là trang phục một mảnh, nên rất tiện lợi, không cần phối nhiều món.', '5133b82e-8533-4d98-b379-19e3a8c3a85f', '2026-01-11T09:51:05.043Z', '2026-01-11T09:51:05.043Z'),
  ('043f900b-cd19-497f-b155-a0574b16804a', '면 ______가 시원해요.', 'Áo sơ mi cotton rất mát.', ARRAY['바지', '셔츠', '모자', '신발']::text[], '셔츠', '''셔츠'' thường được làm từ các chất liệu như ''면'' (cotton), ''린넨'' (lanh).', '120f2baa-3719-4a24-807d-df59358f112e', '2026-01-11T09:51:05.043Z', '2026-01-11T09:51:05.043Z'),
  ('543d11af-a74d-43cd-a56f-c90805209131', '______에 넥타이를 매요.', 'Tôi thắt cà vạt với áo sơ mi.', ARRAY['티셔츠', '셔츠', '스웨터', '재킷']::text[], '셔츠', '''셔츠'', đặc biệt là áo sơ mi công sở, thường được kết hợp với ''넥타이'' (cà vạt).', '120f2baa-3719-4a24-807d-df59358f112e', '2026-01-11T09:51:05.043Z', '2026-01-11T09:51:05.043Z'),
  ('ce1b5060-2789-4110-8a92-6e2c7de4e1b3', '털실로 ______를 짰어요.', 'Tôi đã đan một chiếc áo len bằng len.', ARRAY['바지', '스웨터', '모자', '장갑']::text[], '스웨터', '''스웨터'' có thể được ''짓다'' (đan/móc) bằng ''털실'' (sợi len).', '978f6b11-36bb-48d7-8024-1919b1796940', '2026-01-11T09:51:05.043Z', '2026-01-11T09:51:05.043Z'),
  ('2e77b01a-784b-4824-8121-24ad42134173', '______ 목 부분이 넓어요.', 'Cổ áo len rộng.', ARRAY['셔츠', '코트', '스웨터', '티셔츠']::text[], '스웨터', '''스웨터'' có thể có các kiểu cổ như ''목 부분이 넓은'' (cổ rộng), ''터틀넥'' (cổ lọ).', '978f6b11-36bb-48d7-8024-1919b1796940', '2026-01-11T09:51:05.043Z', '2026-01-11T09:51:05.043Z'),
  ('2d5e2633-70e0-436f-8e2b-09bcc4a1bbb4', '가을에 얇은 ______를 걸쳐요.', 'Vào mùa thu, tôi khoác một chiếc áo khoác mỏng.', ARRAY['티셔츠', '코트', '원피스', '바지']::text[], '코트', '''코트'' thường được ''걸치다'' (khoác lên) và có nhiều độ dày mỏng phù hợp với mùa.', '7f507bee-09cf-466e-a20c-58a442fb7501', '2026-01-11T09:51:05.043Z', '2026-01-11T09:51:05.043Z'),
  ('8a871871-0d2c-49a8-9198-9a64dc0251ea', '이 ______는 허리 부분에 벨트가 있어요.', 'Chiếc áo khoác này có thắt lưng ở phần eo.', ARRAY['자켓', '코트', '점퍼', '조끼']::text[], '코트', 'Một số loại ''코트'' có thiết kế kèm ''벨트'' (thắt lưng/dây đai) để tạo dáng.', '7f507bee-09cf-466e-a20c-58a442fb7501', '2026-01-11T09:51:05.043Z', '2026-01-11T09:51:05.043Z'),
  ('439edfc1-b8a3-45db-a6ea-debb9e3e0eb0', '아기가 혼자서 옷을 ______ 배우고 있어요.', 'Em bé đang học cách tự mặc quần áo.', ARRAY['입는', '벗는', '사는', '빨는']::text[], '입는', '''입다'' (mặc vào) là động từ cơ bản liên quan đến quần áo, trái nghĩa với ''벗다'' (cởi ra).', '21b5422f-465e-4cd0-9cd0-1a71899fb109', '2026-01-11T09:51:05.043Z', '2026-01-11T09:51:05.043Z'),
  ('dea1df35-42c5-4a5b-950b-615ebf489d7b', '______ 편한 옷을 골라요.', 'Hãy chọn quần áo mặc vào thấy thoải mái.', ARRAY['입는', '입은', '입을', '입고']::text[], '입을', '''입을'' là dạng định ngữ tương lai của ''입다'', bổ nghĩa cho ''옷'', có nghĩa là ''quần áo (mà tôi) sẽ mặc''.', '21b5422f-465e-4cd0-9cd0-1a71899fb109', '2026-01-11T09:51:05.043Z', '2026-01-11T09:51:05.043Z'),
  ('ee1aae5d-0c3b-4b50-acf1-f54f4aa91087', '집 밖에 나갈 때는 반드시 ______을 신어야 해요.', 'Khi ra khỏi nhà, nhất định phải mang ______.', ARRAY['신발', '장갑', '목도리', '안경']::text[], '신발', '신발 có nghĩa là ''giày dép'', là vật dụng cơ bản để bảo vệ chân khi đi lại ở bên ngoài.', 'ea2f60e5-da31-4652-874f-d12625357565', '2026-01-11T09:51:05.043Z', '2026-01-11T09:51:05.043Z'),
  ('a5be58cc-0464-40e5-8b7e-7a034b3bfca5', '아이의 발이 커서 ______을 자주 사야 해요.', 'Chân của trẻ con lớn nhanh nên phải thường xuyên mua ______ mới.', ARRAY['신발', '옷', '모자', '책']::text[], '신발', '신발 cần được thay đổi thường xuyên khi chân lớn lên hoặc khi đã cũ, mòn để đảm bảo sức khỏe cho đôi chân.', 'ea2f60e5-da31-4652-874f-d12625357565', '2026-01-11T09:51:05.043Z', '2026-01-11T09:51:05.043Z'),
  ('499acd0f-e1b5-4b63-8dbf-ceeffc694de1', '조깅이나 산책할 때 편한 ______를 신는 것이 좋아요.', 'Khi chạy bộ hoặc đi dạo, nên mang ______ thoải mái.', ARRAY['운동화', '구두', '샌들', '부츠']::text[], '운동화', '운동화 có nghĩa là ''giày thể thao'', được thiết kế đặc biệt cho các hoạt động thể thao và vận động.', 'd2b83a25-4190-4571-b73f-09670333cef2', '2026-01-11T09:51:05.043Z', '2026-01-11T09:51:05.043Z'),
  ('4422aeeb-572e-4889-ba3a-fac0f5945450', '______는 하이힐보다 걷기에 더 편해요.', '______ thoải mái hơn giày cao gót khi đi bộ.', ARRAY['운동화', '구두', '슬리퍼', '로퍼']::text[], '운동화', '운동화 thường có đế êm, ôm chân và hỗ trợ tốt, phù hợp cho việc đi bộ và các hoạt động hàng ngày.', 'd2b83a25-4190-4571-b73f-09670333cef2', '2026-01-11T09:51:05.043Z', '2026-01-11T09:51:05.043Z'),
  ('0625bde5-6e85-48d0-874e-b4570619f09c', '회사원들은 출근할 때 정장에 맞는 ______를 신어요.', 'Nhân viên công ty đi làm mang ______ phù hợp với vest.', ARRAY['구두', '운동화', '샌들', '슬리퍼']::text[], '구두', '구두 có nghĩa là ''giày da'', thường được dùng trong môi trường công sở hoặc các dịp trang trọng.', '4def461c-8ffa-4076-b99a-36015f9cb559', '2026-01-11T09:51:05.043Z', '2026-01-11T09:51:05.043Z'),
  ('4d29c381-70f9-41ab-b6a0-e3f94b5a21f8', '______를 청소할 때는 특별한 크림을 사용해요.', 'Khi vệ sinh ______, người ta dùng loại kem đặc biệt.', ARRAY['구두', '운동화', '슬리퍼', '부츠']::text[], '구두', '구두 làm bằng da cần được chăm sóc đặc biệt với các sản phẩm chuyên dụng để giữ được vẻ đẹp và độ bền.', '4def461c-8ffa-4076-b99a-36015f9cb559', '2026-01-11T09:51:05.043Z', '2026-01-11T09:51:05.043Z'),
  ('9d92dd47-2be8-4a53-96da-f47f6512b1e3', '더운 여름날에는 ______를 쓰면 직사광선을 막을 수 있어요.', 'Vào những ngày hè nóng nực, đội ______ có thể che được ánh nắng trực tiếp.', ARRAY['모자', '안경', '장갑', '목도리']::text[], '모자', '모자 có nghĩa là ''mũ, nón'', dùng để bảo vệ đầu và mặt khỏi ánh nắng mặt trời, mưa, hoặc giữ ấm.', 'ef52169c-7d9a-4159-9679-0df5a71e45f5', '2026-01-11T09:51:05.043Z', '2026-01-11T09:51:05.043Z'),
  ('ab4e69da-0fd0-4ad2-8e24-b5824fd566d2', '______는 패션 아이템으로도 인기가 많아요.', '______ cũng rất được ưa chuộng như một món phụ kiện thời trang.', ARRAY['모자', '양말', '장갑', '벨트']::text[], '모자', '모자 không chỉ có chức năng bảo vệ mà còn là phụ kiện thời trang quan trọng, thể hiện phong cách cá nhân.', 'ef52169c-7d9a-4159-9679-0df5a71e45f5', '2026-01-11T09:51:05.043Z', '2026-01-11T09:51:05.043Z'),
  ('abdeac05-171d-4b5d-99ac-602953f13f95', '구두를 신을 때는 ______를 꼭 신어야 해요.', 'Khi mang giày da, nhất định phải mang ______.', ARRAY['양말', '장갑', '모자', '안경']::text[], '양말', '양말 có nghĩa là ''tất, vớ'', giúp bảo vệ chân khỏi ma sát với giày và thấm hút mồ hôi.', '73c25de7-822b-4dee-801f-d1e1ad0301bf', '2026-01-11T09:51:05.043Z', '2026-01-11T09:51:05.043Z'),
  ('b234087f-8ce2-4b43-a057-c6a59acf62b0', '겨울에는 두꺼운 ______를 신어야 발이 따뜻해요.', 'Vào mùa đông phải mang ______ dày thì chân mới ấm.', ARRAY['양말', '신발', '부츠', '구두']::text[], '양말', '양말 mùa đông thường được làm từ chất liệu dày, ấm như len để giữ nhiệt cho đôi chân.', '73c25de7-822b-4dee-801f-d1e1ad0301bf', '2026-01-11T09:51:05.043Z', '2026-01-11T09:51:05.043Z'),
  ('3b3d6f98-6017-4616-9449-2d908f912523', '시력이 나쁜 사람은 ______을 써야 글자를 잘 볼 수 있어요.', 'Người có thị lực kém phải đeo ______ mới có thể nhìn chữ rõ được.', ARRAY['안경', '모자', '목도리', '장갑']::text[], '안경', '안경 có nghĩa là ''kính mắt'', dùng để điều chỉnh tật khúc xạ như cận thị, viễn thị, loạn thị.', '9e76f46f-7410-4321-acb4-e592d45cc9cd', '2026-01-11T09:51:05.043Z', '2026-01-11T09:51:05.043Z'),
  ('8693ad73-8a03-43cd-903f-d3662e343e11', '햇빛이 강할 때는 ______를 쓰는 것이 눈 건강에 좋아요.', 'Khi ánh nắng mạnh, đeo ______ tốt cho sức khỏe đôi mắt.', ARRAY['안경', '모자', '양말', '장갑']::text[], '안경', '안경 bao gồm cả kính mát (선글라스) có tác dụng bảo vệ mắt khỏi tia UV và ánh sáng chói.', '9e76f46f-7410-4321-acb4-e592d45cc9cd', '2026-01-11T09:51:05.043Z', '2026-01-11T09:51:05.043Z'),
  ('a9012650-ace9-4921-8b74-dd2f735cfd18', '추운 겨울에 ______를 하면 목이 따뜻해져요.', 'Vào mùa đông lạnh giá, quàng ______ sẽ giữ ấm cổ.', ARRAY['목도리', '장갑', '모자', '양말']::text[], '목도리', '목도리 có nghĩa là ''khăn quàng cổ'', dùng để giữ ấm cổ và phần ngực trên trong thời tiết lạnh.', 'd2221703-010a-4679-a1d6-52623ed76c4e', '2026-01-11T09:51:05.043Z', '2026-01-11T09:51:05.043Z'),
  ('b803f6b2-09e0-4225-868e-033bde80b89c', '______는 스카프와 비슷하지만 더 두꺼워요.', '______ tương tự như khăn choàng nhưng dày hơn.', ARRAY['목도리', '장갑', '벨트', '넥타이']::text[], '목도리', '목도리 thường được làm từ chất liệu ấm như len, cashmere, trong khi 스카프 (khăn choàng) có thể mỏng hơn và đa dạng về chất liệu.', 'd2221703-010a-4679-a1d6-52623ed76c4e', '2026-01-11T09:51:05.043Z', '2026-01-11T09:51:05.043Z'),
  ('ff842808-ce2f-49a1-8bbc-0aa67ba49d6b', '눈사람을 만들 때 ______을 끼지 않으면 손이 시려워요.', 'Khi làm người tuyết, nếu không đeo ______ tay sẽ bị lạnh cóng.', ARRAY['장갑', '모자', '목도리', '양말']::text[], '장갑', '장갑 có nghĩa là ''găng tay'', dùng để bảo vệ tay khỏi lạnh, bẩn, hoặc chấn thương trong các hoạt động.', 'e8ac3dde-7be2-47e7-815f-643e03e2f0c0', '2026-01-11T09:51:05.043Z', '2026-01-11T09:51:05.043Z'),
  ('9317cec3-830c-4cab-81d6-8424ed61cad3', '운전할 때 ______을 끼면 핸들이 미끄러지지 않아요.', 'Khi lái xe, đeo ______ sẽ không bị trơn tay lái.', ARRAY['장갑', '안경', '목도리', '모자']::text[], '장갑', '장갑 lái xe được thiết kế đặc biệt để tăng độ bám trên vô lăng và bảo vệ tay trong mọi điều kiện thời tiết.', 'e8ac3dde-7be2-47e7-815f-643e03e2f0c0', '2026-01-11T09:51:05.043Z', '2026-01-11T09:51:05.043Z'),
  ('30a0a7ba-451f-4f8e-8a51-9ef29ed984c0', '집에 들어갈 때는 신발을 벗고, 나갈 때는 신발을 ______.', 'Khi vào nhà thì cởi giày, khi ra ngoài thì ______ giày.', ARRAY['신어요', '벗어요', '써요', '끼요']::text[], '신어요', '신다 có nghĩa là ''mang, đi'' (giày, dép, tất), là động từ mô tả hành động mang giày dép vào chân.', 'e9b92600-6a55-4f02-b90d-7813f385d32a', '2026-01-11T09:51:05.043Z', '2026-01-11T09:51:05.043Z'),
  ('caa4e135-67ff-445f-9c04-6d3a72174dc2', '길을 걸을 때는 항상 편한 신발을 ______ 것이 좋아요.', 'Khi đi bộ trên đường, tốt nhất là luôn ______ giày thoải mái.', ARRAY['신는', '벗는', '쓰는', '끼는']::text[], '신는', '신다 được sử dụng với giày, dép, tất, trong khi các phụ kiện khác có động từ riêng: 쓰다 (mũ, kính), 하다/두르다 (khăn quàng), 끼다 (găng tay).', 'e9b92600-6a55-4f02-b90d-7813f385d32a', '2026-01-11T09:51:05.043Z', '2026-01-11T09:51:05.043Z');

COMMIT;