BEGIN;

-- LearningGroup: Thời trang
INSERT INTO "LearningGroup" (id, name, icon, "topikLevel", "createdAt", "updatedAt") VALUES ('b403ce8c-f0c6-4cf7-9c3d-6c0d2882d2be', 'Thời trang', '👕', 1, '2026-01-05T17:07:58.356Z', '2026-01-05T17:07:58.356Z');

-- Categories (2 categories)
INSERT INTO "Category" (id, name, description, icon, "order", "topikLevel", "groupId", "createdAt", "updatedAt") VALUES ('4814af25-e9f5-4c71-ba3f-823fd2ca97a1', 'Quần áo (Phần 1) (옷 1)', 'Từ vựng về các loại quần áo cơ bản và động từ liên quan', '👕', 1, 1, 'b403ce8c-f0c6-4cf7-9c3d-6c0d2882d2be', '2026-01-05T17:07:58.356Z', '2026-01-05T17:07:58.356Z'),
  ('2db1a3bb-f5ad-4ff4-9e2d-e0450aaa1d5d', 'Giày dép & Phụ kiện', 'Từ vựng về giày dép và các phụ kiện thời trang cơ bản', '👞', 2, 1, 'b403ce8c-f0c6-4cf7-9c3d-6c0d2882d2be', '2026-01-05T17:07:58.356Z', '2026-01-05T17:07:58.356Z');

-- Vocabulary Words
INSERT INTO "Vocabulary" (id, korean, hanja, vietnamese, pronunciation, example, "exampleTranslation", "categoryId", "createdAt", "updatedAt") VALUES ('675b0f03-bcb5-413e-bf62-02568168f49b', '옷', '衣', 'Quần áo', 'ot', '새 옷을 사고 싶어요.', 'Tôi muốn mua quần áo mới.', '4814af25-e9f5-4c71-ba3f-823fd2ca97a1', '2026-01-05T17:07:58.356Z', '2026-01-05T17:07:58.356Z'),
  ('5844f5ec-6164-4751-b8ee-901aeb9e5aef', '티셔츠', NULL, 'Áo thun', 'tisyeocheu', '여름에 티셔츠를 자주 입어요.', 'Tôi thường mặc áo thun vào mùa hè.', '4814af25-e9f5-4c71-ba3f-823fd2ca97a1', '2026-01-05T17:07:58.356Z', '2026-01-05T17:07:58.356Z'),
  ('338b4470-e8a9-4b91-b295-37544adb859b', '바지', '바지', 'Quần dài', 'baji', '이 바지는 너무 작아요.', 'Cái quần này nhỏ quá.', '4814af25-e9f5-4c71-ba3f-823fd2ca97a1', '2026-01-05T17:07:58.356Z', '2026-01-05T17:07:58.356Z'),
  ('f2c314b4-1596-455f-b0b0-11dcec4187b0', '치마', NULL, 'Váy', 'chima', '저는 긴 치마를 좋아해요.', 'Tôi thích váy dài.', '4814af25-e9f5-4c71-ba3f-823fd2ca97a1', '2026-01-05T17:07:58.356Z', '2026-01-05T17:07:58.356Z'),
  ('231fcc7d-88e5-4ee1-affa-10c39b0a4b68', '원피스', NULL, 'Váy liền thân', 'wonpiseu', '파티에 원피스를 입고 갈 거예요.', 'Tôi sẽ mặc váy liền thân đến bữa tiệc.', '4814af25-e9f5-4c71-ba3f-823fd2ca97a1', '2026-01-05T17:07:58.356Z', '2026-01-05T17:07:58.356Z'),
  ('1cffab8c-7e36-4cf1-adc1-106377b8bc66', '셔츠', NULL, 'Áo sơ mi', 'syeocheu', '흰색 셔츠를 입었어요.', 'Tôi đã mặc một chiếc áo sơ mi trắng.', '4814af25-e9f5-4c71-ba3f-823fd2ca97a1', '2026-01-05T17:07:58.356Z', '2026-01-05T17:07:58.356Z'),
  ('b05e9c3f-fb9f-4ec6-92b6-93d138d0ba0a', '스웨터', NULL, 'Áo len', 'seuweteo', '겨울에는 따뜻한 스웨터를 입어요.', 'Tôi mặc áo len ấm vào mùa đông.', '4814af25-e9f5-4c71-ba3f-823fd2ca97a1', '2026-01-05T17:07:58.356Z', '2026-01-05T17:07:58.356Z'),
  ('f3a121cc-18d1-489e-ad16-15f29ea55af0', '코트', NULL, 'Áo khoác dài', 'koteu', '날씨가 추워서 코트를 입었어요.', 'Thời tiết lạnh nên tôi đã mặc áo khoác.', '4814af25-e9f5-4c71-ba3f-823fd2ca97a1', '2026-01-05T17:07:58.356Z', '2026-01-05T17:07:58.356Z'),
  ('c0f911e8-babd-473a-b99a-2538c1bf86de', '입다', '着', 'Mặc', 'ipda', '무슨 옷을 입을까요?', 'Tôi nên mặc đồ gì đây?', '4814af25-e9f5-4c71-ba3f-823fd2ca97a1', '2026-01-05T17:07:58.356Z', '2026-01-05T17:07:58.356Z'),
  ('62b22d9a-1cfe-4ea7-9ffd-bc984219b6a4', '신발', NULL, 'Giày dép', 'sinbal', '새 신발을 샀어요.', 'Tôi đã mua giày mới.', '2db1a3bb-f5ad-4ff4-9e2d-e0450aaa1d5d', '2026-01-05T17:07:58.356Z', '2026-01-05T17:07:58.356Z'),
  ('0dd780ec-c01a-4b12-866c-558e97487ad7', '운동화', '運動靴', 'Giày thể thao', 'undonghwa', '운동할 때 운동화를 신어요.', 'Tôi mang giày thể thao khi tập thể dục.', '2db1a3bb-f5ad-4ff4-9e2d-e0450aaa1d5d', '2026-01-05T17:07:58.356Z', '2026-01-05T17:07:58.356Z'),
  ('b92585c2-a962-47cf-9268-214ac3fbd87c', '구두', NULL, 'Giày da', 'gudu', '면접 때 구두를 신어야 해요.', 'Phải mang giày da khi đi phỏng vấn.', '2db1a3bb-f5ad-4ff4-9e2d-e0450aaa1d5d', '2026-01-05T17:07:58.356Z', '2026-01-05T17:07:58.356Z'),
  ('07401dc8-6b49-42ad-8e12-f5207e8eda54', '모자', '帽子', 'Mũ, nón', 'moja', '햇빛이 강해서 모자를 썼어요.', 'Nắng gắt nên tôi đã đội mũ.', '2db1a3bb-f5ad-4ff4-9e2d-e0450aaa1d5d', '2026-01-05T17:07:58.356Z', '2026-01-05T17:07:58.356Z'),
  ('b3ffece1-6ddc-499b-acb3-d27194ced97d', '양말', NULL, 'Tất, vớ', 'yangmal', '양말을 신으세요.', 'Hãy mang tất vào đi.', '2db1a3bb-f5ad-4ff4-9e2d-e0450aaa1d5d', '2026-01-05T17:07:58.356Z', '2026-01-05T17:07:58.356Z'),
  ('9f6479a5-eaa3-4e8d-8338-7cabdf253ed2', '안경', '眼鏡', 'Kính mắt', 'an-gyeong', '저는 안경을 써요.', 'Tôi đeo kính.', '2db1a3bb-f5ad-4ff4-9e2d-e0450aaa1d5d', '2026-01-05T17:07:58.356Z', '2026-01-05T17:07:58.356Z'),
  ('3f26a778-a060-428e-a72f-fc8520cd39bd', '목도리', NULL, 'Khăn quàng cổ', 'mokdori', '겨울에 목도리를 해요.', 'Tôi quàng khăn vào mùa đông.', '2db1a3bb-f5ad-4ff4-9e2d-e0450aaa1d5d', '2026-01-05T17:07:58.356Z', '2026-01-05T17:07:58.356Z'),
  ('8832ce93-472a-4b3e-bfd4-2c82f720db0e', '장갑', '掌匣', 'Găng tay', 'janggap', '추워서 장갑을 꼈어요.', 'Lạnh quá nên tôi đã đeo găng tay.', '2db1a3bb-f5ad-4ff4-9e2d-e0450aaa1d5d', '2026-01-05T17:07:58.356Z', '2026-01-05T17:07:58.356Z'),
  ('62be96b1-908c-4638-b62a-b2f87a5df8fe', '신다', NULL, 'Mang (giày, tất)', 'sinda', '어떤 신발을 신을까요?', 'Tôi nên mang đôi giày nào đây?', '2db1a3bb-f5ad-4ff4-9e2d-e0450aaa1d5d', '2026-01-05T17:07:58.356Z', '2026-01-05T17:07:58.356Z');

-- Quiz Questions
INSERT INTO "QuizQuestion" (id, question, "questionTranslation", options, "correctAnswer", explanation, "VocabularyId", "createdAt", "updatedAt") VALUES ('c23a20c0-2307-46de-92e4-9e6e090097b7', '______을/를 갈아입으세요.', 'Hãy thay quần áo đi.', ARRAY['음식', '옷', '가방', '신발']::text[], '옷', '''옷'' là danh từ chung chỉ quần áo, thường đi với động từ ''갈아입다'' (thay đồ).', '675b0f03-bcb5-413e-bf62-02568168f49b', '2026-01-05T17:07:58.356Z', '2026-01-05T17:07:58.356Z'),
  ('fc90f481-fe9f-4bb9-b618-a0a34d30a2b1', '______이/가 다 젖었어요.', 'Quần áo đều bị ướt hết rồi.', ARRAY['머리', '옷', '책', '휴대폰']::text[], '옷', 'Quần áo (''옷'') có thể bị ướt (''젖다'') khi gặp mưa hoặc nước.', '675b0f03-bcb5-413e-bf62-02568168f49b', '2026-01-05T17:07:58.356Z', '2026-01-05T17:07:58.356Z'),
  ('d530a57b-c77f-467e-9d29-562f4e1cef94', '편안한 ______를 입고 집에 있어요.', 'Tôi mặc áo thun thoải mái và ở nhà.', ARRAY['코트', '티셔츠', '정장', '원피스']::text[], '티셔츠', '''티셔츠'' thường được mô tả là ''편안한'' (thoải mái) và phù hợp để mặc ở nhà.', '5844f5ec-6164-4751-b8ee-901aeb9e5aef', '2026-01-05T17:07:58.356Z', '2026-01-05T17:07:58.356Z'),
  ('f85c86c5-c5fd-41ec-b496-f8e30d50bde2', '이 ______는 무슨 색깔이에요?', 'Cái áo thun này màu gì vậy?', ARRAY['바지', '티셔츠', '모자', '신발']::text[], '티셔츠', '''티셔츠'' có thể có nhiều màu sắc khác nhau, nên thường được hỏi về màu.', '5844f5ec-6164-4751-b8ee-901aeb9e5aef', '2026-01-05T17:07:58.356Z', '2026-01-05T17:07:58.356Z'),
  ('4d8e6836-0caa-4748-b30b-aeb6897cce99', '______ 길이를 좀 줄여 주세요.', 'Hãy bớt độ dài của quần giùm tôi.', ARRAY['치마', '바지', '티셔츠', '코트']::text[], '바지', '''바지'' thường cần chỉnh sửa độ dài (''길이'') cho vừa người.', '338b4470-e8a9-4b91-b295-37544adb859b', '2026-01-05T17:07:58.356Z', '2026-01-05T17:07:58.356Z'),
  ('bee00932-1e51-447b-914c-ee0030935f0d', '검정색 ______가 잘 어울려요.', 'Chiếc quần màu đen rất hợp với bạn.', ARRAY['바지', '모자', '양말', '벨트']::text[], '바지', '''바지'' có nhiều màu sắc và có thể được đánh giá là có hợp với người mặc hay không (''어울리다'').', '338b4470-e8a9-4b91-b295-37544adb859b', '2026-01-05T17:07:58.356Z', '2026-01-05T17:07:58.356Z'),
  ('b98232bf-008a-4096-97e4-36579e05e61d', '______를 입고 회전하니까 펄럭여요.', 'Váy bay phấp phới khi tôi mặc nó và xoay người.', ARRAY['바지', '치마', '조끼', '점퍼']::text[], '치마', '''치마'' (váy) có thể ''펄럭이다'' (bay phấp phới) khi di chuyển hoặc có gió.', 'f2c314b4-1596-455f-b0b0-11dcec4187b0', '2026-01-05T17:07:58.356Z', '2026-01-05T17:07:58.356Z'),
  ('27c8e0fa-f647-41ad-8622-7ea69daa20a8', '이 ______는 주름이 많아요.', 'Cái váy này có nhiều nếp gấp.', ARRAY['바지', '치마', '셔츠', '코트']::text[], '치마', '''치마'' thường có các kiểu dáng như ''주름치마'' (váy xếp ly).', 'f2c314b4-1596-455f-b0b0-11dcec4187b0', '2026-01-05T17:07:58.356Z', '2026-01-05T17:07:58.356Z'),
  ('057501b2-e8dd-43b2-aeb7-5284d88a8f37', '소매 없는 ______를 여름에 입어요.', 'Tôi mặc váy liền thân không tay vào mùa hè.', ARRAY['원피스', '정장', '트레이닝복', '점퍼']::text[], '원피스', '''원피스'' có nhiều kiểu dáng, bao gồm cả kiểu ''소매 없는'' (không tay).', '231fcc7d-88e5-4ee1-affa-10c39b0a4b68', '2026-01-05T17:07:58.356Z', '2026-01-05T17:07:58.356Z'),
  ('2923d9a9-a1be-470f-83a9-da98c8c0ebdb', '______ 하나로 옷 코디가 끝나요.', 'Chỉ một bộ váy liền thân là xong việc phối đồ.', ARRAY['원피스', '청바지', '정장', '티셔츠']::text[], '원피스', '''원피스'' là trang phục một mảnh, nên rất tiện lợi, không cần phối nhiều món.', '231fcc7d-88e5-4ee1-affa-10c39b0a4b68', '2026-01-05T17:07:58.356Z', '2026-01-05T17:07:58.356Z'),
  ('41fcbdf3-cce2-4a4d-94c7-a0cc2d4f9306', '면 ______가 시원해요.', 'Áo sơ mi cotton rất mát.', ARRAY['바지', '셔츠', '모자', '신발']::text[], '셔츠', '''셔츠'' thường được làm từ các chất liệu như ''면'' (cotton), ''린넨'' (lanh).', '1cffab8c-7e36-4cf1-adc1-106377b8bc66', '2026-01-05T17:07:58.356Z', '2026-01-05T17:07:58.356Z'),
  ('c6cb4dbf-a0cb-42db-a99e-ad72a817fccb', '______에 넥타이를 매요.', 'Tôi thắt cà vạt với áo sơ mi.', ARRAY['티셔츠', '셔츠', '스웨터', '재킷']::text[], '셔츠', '''셔츠'', đặc biệt là áo sơ mi công sở, thường được kết hợp với ''넥타이'' (cà vạt).', '1cffab8c-7e36-4cf1-adc1-106377b8bc66', '2026-01-05T17:07:58.356Z', '2026-01-05T17:07:58.356Z'),
  ('413c5167-94cf-4772-ad8b-6d32dd079848', '털실로 ______를 짰어요.', 'Tôi đã đan một chiếc áo len bằng len.', ARRAY['바지', '스웨터', '모자', '장갑']::text[], '스웨터', '''스웨터'' có thể được ''짓다'' (đan/móc) bằng ''털실'' (sợi len).', 'b05e9c3f-fb9f-4ec6-92b6-93d138d0ba0a', '2026-01-05T17:07:58.356Z', '2026-01-05T17:07:58.356Z'),
  ('efdba7fe-3eb4-439f-853b-1e30d3b70dac', '______ 목 부분이 넓어요.', 'Cổ áo len rộng.', ARRAY['셔츠', '코트', '스웨터', '티셔츠']::text[], '스웨터', '''스웨터'' có thể có các kiểu cổ như ''목 부분이 넓은'' (cổ rộng), ''터틀넥'' (cổ lọ).', 'b05e9c3f-fb9f-4ec6-92b6-93d138d0ba0a', '2026-01-05T17:07:58.356Z', '2026-01-05T17:07:58.356Z'),
  ('8b54418b-84da-4982-90bf-11db0243822a', '가을에 얇은 ______를 걸쳐요.', 'Vào mùa thu, tôi khoác một chiếc áo khoác mỏng.', ARRAY['티셔츠', '코트', '원피스', '바지']::text[], '코트', '''코트'' thường được ''걸치다'' (khoác lên) và có nhiều độ dày mỏng phù hợp với mùa.', 'f3a121cc-18d1-489e-ad16-15f29ea55af0', '2026-01-05T17:07:58.356Z', '2026-01-05T17:07:58.356Z'),
  ('1dfd7284-b767-4556-abdf-1c648ceff01b', '이 ______는 허리 부분에 벨트가 있어요.', 'Chiếc áo khoác này có thắt lưng ở phần eo.', ARRAY['자켓', '코트', '점퍼', '조끼']::text[], '코트', 'Một số loại ''코트'' có thiết kế kèm ''벨트'' (thắt lưng/dây đai) để tạo dáng.', 'f3a121cc-18d1-489e-ad16-15f29ea55af0', '2026-01-05T17:07:58.356Z', '2026-01-05T17:07:58.356Z'),
  ('8bc6d97d-f07e-44aa-9e33-7230eed9ff32', '아기가 혼자서 옷을 ______ 배우고 있어요.', 'Em bé đang học cách tự mặc quần áo.', ARRAY['입는', '벗는', '사는', '빨는']::text[], '입는', '''입다'' (mặc vào) là động từ cơ bản liên quan đến quần áo, trái nghĩa với ''벗다'' (cởi ra).', 'c0f911e8-babd-473a-b99a-2538c1bf86de', '2026-01-05T17:07:58.356Z', '2026-01-05T17:07:58.356Z'),
  ('5defce39-58c5-46b8-ba2d-d4518568cafe', '______ 편한 옷을 골라요.', 'Hãy chọn quần áo mặc vào thấy thoải mái.', ARRAY['입는', '입은', '입을', '입고']::text[], '입을', '''입을'' là dạng định ngữ tương lai của ''입다'', bổ nghĩa cho ''옷'', có nghĩa là ''quần áo (mà tôi) sẽ mặc''.', 'c0f911e8-babd-473a-b99a-2538c1bf86de', '2026-01-05T17:07:58.356Z', '2026-01-05T17:07:58.356Z'),
  ('b9af505a-903f-4eb2-b506-192b7e5cf4f3', '집 밖에 나갈 때는 반드시 ______을 신어야 해요.', 'Khi ra khỏi nhà, nhất định phải mang ______.', ARRAY['신발', '장갑', '목도리', '안경']::text[], '신발', '신발 có nghĩa là ''giày dép'', là vật dụng cơ bản để bảo vệ chân khi đi lại ở bên ngoài.', '62b22d9a-1cfe-4ea7-9ffd-bc984219b6a4', '2026-01-05T17:07:58.356Z', '2026-01-05T17:07:58.356Z'),
  ('4f4d1c2d-0509-4f1c-93c9-e81fc5740df2', '아이의 발이 커서 ______을 자주 사야 해요.', 'Chân của trẻ con lớn nhanh nên phải thường xuyên mua ______ mới.', ARRAY['신발', '옷', '모자', '책']::text[], '신발', '신발 cần được thay đổi thường xuyên khi chân lớn lên hoặc khi đã cũ, mòn để đảm bảo sức khỏe cho đôi chân.', '62b22d9a-1cfe-4ea7-9ffd-bc984219b6a4', '2026-01-05T17:07:58.356Z', '2026-01-05T17:07:58.356Z'),
  ('2b5dab20-5b5d-42d1-9ff3-5ef6d0cdb3fb', '조깅이나 산책할 때 편한 ______를 신는 것이 좋아요.', 'Khi chạy bộ hoặc đi dạo, nên mang ______ thoải mái.', ARRAY['운동화', '구두', '샌들', '부츠']::text[], '운동화', '운동화 có nghĩa là ''giày thể thao'', được thiết kế đặc biệt cho các hoạt động thể thao và vận động.', '0dd780ec-c01a-4b12-866c-558e97487ad7', '2026-01-05T17:07:58.356Z', '2026-01-05T17:07:58.356Z'),
  ('17d26078-5e5e-4191-a52d-ba0c5d89f568', '______는 하이힐보다 걷기에 더 편해요.', '______ thoải mái hơn giày cao gót khi đi bộ.', ARRAY['운동화', '구두', '슬리퍼', '로퍼']::text[], '운동화', '운동화 thường có đế êm, ôm chân và hỗ trợ tốt, phù hợp cho việc đi bộ và các hoạt động hàng ngày.', '0dd780ec-c01a-4b12-866c-558e97487ad7', '2026-01-05T17:07:58.356Z', '2026-01-05T17:07:58.356Z'),
  ('78930068-c87b-4529-a848-9679ab6c075a', '회사원들은 출근할 때 정장에 맞는 ______를 신어요.', 'Nhân viên công ty đi làm mang ______ phù hợp với vest.', ARRAY['구두', '운동화', '샌들', '슬리퍼']::text[], '구두', '구두 có nghĩa là ''giày da'', thường được dùng trong môi trường công sở hoặc các dịp trang trọng.', 'b92585c2-a962-47cf-9268-214ac3fbd87c', '2026-01-05T17:07:58.356Z', '2026-01-05T17:07:58.356Z'),
  ('df1e1bb0-351c-4e55-963d-b92dd0d14810', '______를 청소할 때는 특별한 크림을 사용해요.', 'Khi vệ sinh ______, người ta dùng loại kem đặc biệt.', ARRAY['구두', '운동화', '슬리퍼', '부츠']::text[], '구두', '구두 làm bằng da cần được chăm sóc đặc biệt với các sản phẩm chuyên dụng để giữ được vẻ đẹp và độ bền.', 'b92585c2-a962-47cf-9268-214ac3fbd87c', '2026-01-05T17:07:58.356Z', '2026-01-05T17:07:58.356Z'),
  ('f01a708c-7252-4d00-9d2d-deb654ed0ab5', '더운 여름날에는 ______를 쓰면 직사광선을 막을 수 있어요.', 'Vào những ngày hè nóng nực, đội ______ có thể che được ánh nắng trực tiếp.', ARRAY['모자', '안경', '장갑', '목도리']::text[], '모자', '모자 có nghĩa là ''mũ, nón'', dùng để bảo vệ đầu và mặt khỏi ánh nắng mặt trời, mưa, hoặc giữ ấm.', '07401dc8-6b49-42ad-8e12-f5207e8eda54', '2026-01-05T17:07:58.356Z', '2026-01-05T17:07:58.356Z'),
  ('52ea9679-10ee-4049-aae7-94821782b579', '______는 패션 아이템으로도 인기가 많아요.', '______ cũng rất được ưa chuộng như một món phụ kiện thời trang.', ARRAY['모자', '양말', '장갑', '벨트']::text[], '모자', '모자 không chỉ có chức năng bảo vệ mà còn là phụ kiện thời trang quan trọng, thể hiện phong cách cá nhân.', '07401dc8-6b49-42ad-8e12-f5207e8eda54', '2026-01-05T17:07:58.356Z', '2026-01-05T17:07:58.356Z'),
  ('de2bfc39-97b1-4a4c-a77b-8137fc3858d7', '구두를 신을 때는 ______를 꼭 신어야 해요.', 'Khi mang giày da, nhất định phải mang ______.', ARRAY['양말', '장갑', '모자', '안경']::text[], '양말', '양말 có nghĩa là ''tất, vớ'', giúp bảo vệ chân khỏi ma sát với giày và thấm hút mồ hôi.', 'b3ffece1-6ddc-499b-acb3-d27194ced97d', '2026-01-05T17:07:58.356Z', '2026-01-05T17:07:58.356Z'),
  ('caf0e854-0786-4a10-a1d7-0cd53996d523', '겨울에는 두꺼운 ______를 신어야 발이 따뜻해요.', 'Vào mùa đông phải mang ______ dày thì chân mới ấm.', ARRAY['양말', '신발', '부츠', '구두']::text[], '양말', '양말 mùa đông thường được làm từ chất liệu dày, ấm như len để giữ nhiệt cho đôi chân.', 'b3ffece1-6ddc-499b-acb3-d27194ced97d', '2026-01-05T17:07:58.356Z', '2026-01-05T17:07:58.356Z'),
  ('d2e1d534-ed0f-4ed2-9155-03c6d143d471', '시력이 나쁜 사람은 ______을 써야 글자를 잘 볼 수 있어요.', 'Người có thị lực kém phải đeo ______ mới có thể nhìn chữ rõ được.', ARRAY['안경', '모자', '목도리', '장갑']::text[], '안경', '안경 có nghĩa là ''kính mắt'', dùng để điều chỉnh tật khúc xạ như cận thị, viễn thị, loạn thị.', '9f6479a5-eaa3-4e8d-8338-7cabdf253ed2', '2026-01-05T17:07:58.356Z', '2026-01-05T17:07:58.356Z'),
  ('d18b7df9-53bb-4342-84f9-2e3279e405da', '햇빛이 강할 때는 ______를 쓰는 것이 눈 건강에 좋아요.', 'Khi ánh nắng mạnh, đeo ______ tốt cho sức khỏe đôi mắt.', ARRAY['안경', '모자', '양말', '장갑']::text[], '안경', '안경 bao gồm cả kính mát (선글라스) có tác dụng bảo vệ mắt khỏi tia UV và ánh sáng chói.', '9f6479a5-eaa3-4e8d-8338-7cabdf253ed2', '2026-01-05T17:07:58.356Z', '2026-01-05T17:07:58.356Z'),
  ('f1d67607-6818-4865-af1d-03fcfab1fbd0', '추운 겨울에 ______를 하면 목이 따뜻해져요.', 'Vào mùa đông lạnh giá, quàng ______ sẽ giữ ấm cổ.', ARRAY['목도리', '장갑', '모자', '양말']::text[], '목도리', '목도리 có nghĩa là ''khăn quàng cổ'', dùng để giữ ấm cổ và phần ngực trên trong thời tiết lạnh.', '3f26a778-a060-428e-a72f-fc8520cd39bd', '2026-01-05T17:07:58.356Z', '2026-01-05T17:07:58.356Z'),
  ('0c84b5c7-863e-4531-88bd-8970cec1d2ec', '______는 스카프와 비슷하지만 더 두꺼워요.', '______ tương tự như khăn choàng nhưng dày hơn.', ARRAY['목도리', '장갑', '벨트', '넥타이']::text[], '목도리', '목도리 thường được làm từ chất liệu ấm như len, cashmere, trong khi 스카프 (khăn choàng) có thể mỏng hơn và đa dạng về chất liệu.', '3f26a778-a060-428e-a72f-fc8520cd39bd', '2026-01-05T17:07:58.356Z', '2026-01-05T17:07:58.356Z'),
  ('93d62d65-d9c5-4952-819a-e6a61d780f28', '눈사람을 만들 때 ______을 끼지 않으면 손이 시려워요.', 'Khi làm người tuyết, nếu không đeo ______ tay sẽ bị lạnh cóng.', ARRAY['장갑', '모자', '목도리', '양말']::text[], '장갑', '장갑 có nghĩa là ''găng tay'', dùng để bảo vệ tay khỏi lạnh, bẩn, hoặc chấn thương trong các hoạt động.', '8832ce93-472a-4b3e-bfd4-2c82f720db0e', '2026-01-05T17:07:58.356Z', '2026-01-05T17:07:58.356Z'),
  ('8bb1e29b-c287-49a9-b4d0-93c0c80d0261', '운전할 때 ______을 끼면 핸들이 미끄러지지 않아요.', 'Khi lái xe, đeo ______ sẽ không bị trơn tay lái.', ARRAY['장갑', '안경', '목도리', '모자']::text[], '장갑', '장갑 lái xe được thiết kế đặc biệt để tăng độ bám trên vô lăng và bảo vệ tay trong mọi điều kiện thời tiết.', '8832ce93-472a-4b3e-bfd4-2c82f720db0e', '2026-01-05T17:07:58.356Z', '2026-01-05T17:07:58.356Z'),
  ('a09c71c9-dbb3-494e-b303-b8f2ca22ac69', '집에 들어갈 때는 신발을 벗고, 나갈 때는 신발을 ______.', 'Khi vào nhà thì cởi giày, khi ra ngoài thì ______ giày.', ARRAY['신어요', '벗어요', '써요', '끼요']::text[], '신어요', '신다 có nghĩa là ''mang, đi'' (giày, dép, tất), là động từ mô tả hành động mang giày dép vào chân.', '62be96b1-908c-4638-b62a-b2f87a5df8fe', '2026-01-05T17:07:58.356Z', '2026-01-05T17:07:58.356Z'),
  ('39d42db7-9fd5-461d-b206-09bd89a4d249', '길을 걸을 때는 항상 편한 신발을 ______ 것이 좋아요.', 'Khi đi bộ trên đường, tốt nhất là luôn ______ giày thoải mái.', ARRAY['신는', '벗는', '쓰는', '끼는']::text[], '신는', '신다 được sử dụng với giày, dép, tất, trong khi các phụ kiện khác có động từ riêng: 쓰다 (mũ, kính), 하다/두르다 (khăn quàng), 끼다 (găng tay).', '62be96b1-908c-4638-b62a-b2f87a5df8fe', '2026-01-05T17:07:58.356Z', '2026-01-05T17:07:58.356Z');

COMMIT;