BEGIN;

-- LearningGroup: Nhà cửa & Học tập
INSERT INTO "LearningGroup" (id, name, icon, "topikLevel", "createdAt", "updatedAt") VALUES ('fc2d6027-9b1f-4049-baa9-e8f9eced99c5', 'Nhà cửa & Học tập', '🏠', 1, '2026-01-05T17:07:58.349Z', '2026-01-05T17:07:58.349Z');

-- Categories (2 categories)
INSERT INTO "Category" (id, name, description, icon, "order", "topikLevel", "groupId", "createdAt", "updatedAt") VALUES ('63b9a60e-a419-4e8d-96f1-db5e3008309c', 'Đồ vật trong phòng (방 안의 물건)', 'Từ vựng về các đồ vật và nội thất cơ bản trong phòng', '🛋️', 1, 1, 'fc2d6027-9b1f-4049-baa9-e8f9eced99c5', '2026-01-05T17:07:58.349Z', '2026-01-05T17:07:58.349Z'),
  ('b7a8a6e0-5e78-4246-b453-7a6b437dfaf8', 'Đồ dùng học tập', 'Từ vựng về các dụng cụ học tập cần thiết', '📚', 2, 1, 'fc2d6027-9b1f-4049-baa9-e8f9eced99c5', '2026-01-05T17:07:58.349Z', '2026-01-05T17:07:58.349Z');

-- Vocabulary Words
INSERT INTO "Vocabulary" (id, korean, hanja, vietnamese, pronunciation, example, "exampleTranslation", "categoryId", "createdAt", "updatedAt") VALUES ('205d4242-f892-4638-848f-07bb219e28b4', '방', '房', 'Phòng', 'bang', '제 방은 아주 깨끗해요.', 'Phòng của tôi rất sạch sẽ.', '63b9a60e-a419-4e8d-96f1-db5e3008309c', '2026-01-05T17:07:58.349Z', '2026-01-05T17:07:58.349Z'),
  ('e53a365e-f57c-492a-8c20-0d8345483e09', '침대', '寢臺', 'Giường', 'chimdae', '침대에서 잠을 자요.', 'Tôi ngủ trên giường.', '63b9a60e-a419-4e8d-96f1-db5e3008309c', '2026-01-05T17:07:58.349Z', '2026-01-05T17:07:58.349Z'),
  ('0f379116-ce6b-43ce-831f-8feca7d4d87a', '책상', '冊床', 'Bàn học/Bàn làm việc', 'chaeksang', '책상 위에서 공부해요.', 'Tôi học bài trên bàn.', '63b9a60e-a419-4e8d-96f1-db5e3008309c', '2026-01-05T17:07:58.349Z', '2026-01-05T17:07:58.349Z'),
  ('3c0cdf56-89c2-4316-9f8b-036d2499b97a', '의자', '椅子', 'Ghế', 'uija', '이 의자에 앉으세요.', 'Mời bạn ngồi vào ghế này.', '63b9a60e-a419-4e8d-96f1-db5e3008309c', '2026-01-05T17:07:58.349Z', '2026-01-05T17:07:58.349Z'),
  ('c187f762-b9e3-43ba-b184-767a926d9dc0', '옷장', '衣欌', 'Tủ quần áo', 'otjang', '옷을 옷장에 넣으세요.', 'Hãy cất quần áo vào tủ.', '63b9a60e-a419-4e8d-96f1-db5e3008309c', '2026-01-05T17:07:58.349Z', '2026-01-05T17:07:58.349Z'),
  ('bf9d3363-4380-44eb-8306-6e18a4c86009', '창문', '窓門', 'Cửa sổ', 'changmun', '창문을 열어 주세요.', 'Xin hãy mở cửa sổ.', '63b9a60e-a419-4e8d-96f1-db5e3008309c', '2026-01-05T17:07:58.349Z', '2026-01-05T17:07:58.349Z'),
  ('1de909ae-9b1c-492e-8bf0-a25d653de8b6', '문', '門', 'Cửa ra vào', 'mun', '문을 닫아 주세요.', 'Xin hãy đóng cửa lại.', '63b9a60e-a419-4e8d-96f1-db5e3008309c', '2026-01-05T17:07:58.349Z', '2026-01-05T17:07:58.349Z'),
  ('9c040657-d9e7-44d1-bfc0-205ab1c99a41', '컴퓨터', NULL, 'Máy tính', 'keompyuteo', '저는 컴퓨터로 게임을 해요.', 'Tôi chơi game bằng máy tính.', '63b9a60e-a419-4e8d-96f1-db5e3008309c', '2026-01-05T17:07:58.349Z', '2026-01-05T17:07:58.349Z'),
  ('9ea6962c-9e26-41e4-9eff-b0ab8b4fb7f4', '시계', '時計', 'Đồng hồ', 'sigye', '벽에 시계가 걸려 있어요.', 'Có một cái đồng hồ treo trên tường.', '63b9a60e-a419-4e8d-96f1-db5e3008309c', '2026-01-05T17:07:58.349Z', '2026-01-05T17:07:58.349Z'),
  ('80a1bb15-6347-4b09-81a4-fa0bc410c3ae', '책', '冊', 'Sách', 'chaek', '이 책은 아주 재미있어요.', 'Quyển sách này rất thú vị.', 'b7a8a6e0-5e78-4246-b453-7a6b437dfaf8', '2026-01-05T17:07:58.349Z', '2026-01-05T17:07:58.349Z'),
  ('3a3b6683-9053-4429-9e6f-38fe8664760a', '공책', '空冊', 'Vở', 'gongchaek', '공책에 이름을 쓰세요.', 'Hãy viết tên vào vở.', 'b7a8a6e0-5e78-4246-b453-7a6b437dfaf8', '2026-01-05T17:07:58.349Z', '2026-01-05T17:07:58.349Z'),
  ('a0285733-f200-4ca2-8930-d12dfcf0730f', '연필', '鉛筆', 'Bút chì', 'yeonpil', '연필로 그림을 그려요.', 'Tôi vẽ tranh bằng bút chì.', 'b7a8a6e0-5e78-4246-b453-7a6b437dfaf8', '2026-01-05T17:07:58.349Z', '2026-01-05T17:07:58.349Z'),
  ('18d1c5b5-c0c8-4522-a065-645acd1af3b6', '볼펜', NULL, 'Bút bi', 'bolpen', '저는 파란색 볼펜을 써요.', 'Tôi dùng bút bi màu xanh.', 'b7a8a6e0-5e78-4246-b453-7a6b437dfaf8', '2026-01-05T17:07:58.349Z', '2026-01-05T17:07:58.349Z'),
  ('95fde907-a802-4e26-b2d2-53e36156d0b3', '지우개', NULL, 'Cục tẩy', 'jiugae', '지우개 좀 빌려주세요.', 'Cho tôi mượn cục tẩy một chút.', 'b7a8a6e0-5e78-4246-b453-7a6b437dfaf8', '2026-01-05T17:07:58.349Z', '2026-01-05T17:07:58.349Z'),
  ('89016ef9-b57e-4d46-ace3-404444bfdbc6', '자', '尺', 'Thước kẻ', 'ja', '자로 선을 그어요.', 'Tôi kẻ đường bằng thước.', 'b7a8a6e0-5e78-4246-b453-7a6b437dfaf8', '2026-01-05T17:07:58.349Z', '2026-01-05T17:07:58.349Z'),
  ('f1e21e19-2030-4672-834d-3a7f557ce4c2', '필통', '筆筒', 'Hộp bút', 'piltong', '필통 안에 펜이 많아요.', 'Có nhiều bút trong hộp bút.', 'b7a8a6e0-5e78-4246-b453-7a6b437dfaf8', '2026-01-05T17:07:58.349Z', '2026-01-05T17:07:58.349Z'),
  ('720fd33e-9e24-42b3-9271-47a1bb93a9de', '가방', NULL, 'Cặp, túi xách', 'gabang', '가방이 너무 무거워요.', 'Cặp sách nặng quá.', 'b7a8a6e0-5e78-4246-b453-7a6b437dfaf8', '2026-01-05T17:07:58.349Z', '2026-01-05T17:07:58.349Z'),
  ('0239f2f9-e972-434f-9479-c60c6bbfe620', '사전', '辭典', 'Từ điển', 'sajeon', '모르는 단어는 사전에서 찾아요.', 'Tôi tra từ không biết trong từ điển.', 'b7a8a6e0-5e78-4246-b453-7a6b437dfaf8', '2026-01-05T17:07:58.349Z', '2026-01-05T17:07:58.349Z');

-- Quiz Questions
INSERT INTO "QuizQuestion" (id, question, "questionTranslation", options, "correctAnswer", explanation, "VocabularyId", "createdAt", "updatedAt") VALUES ('a8b262e5-0a13-400d-b64c-ae15e8d46670', '저는 ______에서 쉬어요.', 'Tôi nghỉ ngơi trong ______.', ARRAY['거실', '방', '주방', '화장실']::text[], '방', '방 là danh từ chỉ ''phòng'', thường là phòng ngủ hoặc không gian riêng tư.', '205d4242-f892-4638-848f-07bb219e28b4', '2026-01-05T17:07:58.349Z', '2026-01-05T17:07:58.349Z'),
  ('f343d666-0f7d-4792-b8ee-35100c27969c', '______이 좁지만 아늑해요.', '______ tuy hẹp nhưng ấm cúng.', ARRAY['집', '방', '마을', '도시']::text[], '방', '방 có thể được mô tả về kích thước (좁다 - hẹp) và cảm giác (아늑하다 - ấm cúng).', '205d4242-f892-4638-848f-07bb219e28b4', '2026-01-05T17:07:58.349Z', '2026-01-05T17:07:58.349Z'),
  ('7b731029-bccd-44f1-bd11-29d92e3ecb4d', '피곤해서 ______에 누웠어요.', 'Vì mệt nên tôi đã nằm trên ______.', ARRAY['의자', '침대', '바닥', '소파']::text[], '침대', '침대 là nơi chính để ngủ và nằm nghỉ.', 'e53a365e-f57c-492a-8c20-0d8345483e09', '2026-01-05T17:07:58.349Z', '2026-01-05T17:07:58.349Z'),
  ('7979220a-8f5a-4bd8-ad7f-2f7a9214a0e5', '새 ______를 샀어요.', 'Tôi đã mua một cái ______ mới.', ARRAY['침대', '창문', '문', '시계']::text[], '침대', '침대 là một đồ nội thất lớn có thể mua mới để thay thế.', 'e53a365e-f57c-492a-8c20-0d8345483e09', '2026-01-05T17:07:58.349Z', '2026-01-05T17:07:58.349Z'),
  ('1cda2614-1eab-4f50-b775-aa0b60b9a7e1', '______에 책과 노트북이 있어요.', 'Có sách và máy tính xách tay trên ______.', ARRAY['문', '창문', '책상', '옷장']::text[], '책상', '책상 là nơi để đặt các đồ vật để học tập và làm việc như sách, laptop.', '0f379116-ce6b-43ce-831f-8feca7d4d87a', '2026-01-05T17:07:58.349Z', '2026-01-05T17:07:58.349Z'),
  ('27fe11b9-6c72-4a31-852b-f1e29be7d9a6', '______ 위를 정리하세요.', 'Hãy dọn dẹp ______ đi.', ARRAY['침대', '책상', '의자', '시계']::text[], '책상', '책상 thường là nơi cần được sắp xếp gọn gàng.', '0f379116-ce6b-43ce-831f-8feca7d4d87a', '2026-01-05T17:07:58.349Z', '2026-01-05T17:07:58.349Z'),
  ('9893723c-fb91-4f1c-b17c-76d67d94ecbc', '______가 불편해요.', 'Cái ______ không thoải mái.', ARRAY['문', '의자', '방', '옷장']::text[], '의자', '의자 có thể được đánh giá là thoải mái (편안하다) hay không (불편하다).', '3c0cdf56-89c2-4316-9f8b-036d2499b97a', '2026-01-05T17:07:58.349Z', '2026-01-05T17:07:58.349Z'),
  ('5fc9c020-eb26-47c8-9039-5bd69b512b9f', '______ 네 개가 필요해요.', 'Cần bốn cái ______.', ARRAY['침대', '책상', '의자', '컴퓨터']::text[], '의자', '의자 thường được đếm bằng số lượng (개) khi cần cho nhiều người.', '3c0cdf56-89c2-4316-9f8b-036d2499b97a', '2026-01-05T17:07:58.349Z', '2026-01-05T17:07:58.349Z'),
  ('d384214e-1516-4705-a7bc-c1428ac62b87', '______ 안에 옷이 많아요.', 'Có nhiều quần áo trong ______.', ARRAY['침대', '책상', '옷장', '컴퓨터']::text[], '옷장', '옷장 là nơi chứa và cất giữ quần áo.', 'c187f762-b9e3-43ba-b184-767a926d9dc0', '2026-01-05T17:07:58.349Z', '2026-01-05T17:07:58.349Z'),
  ('b9941e9a-3c90-46a7-a419-6a28d17d1ded', '새 ______를 방 구석에 놓았어요.', 'Tôi đã đặt chiếc ______ mới vào góc phòng.', ARRAY['옷장', '시계', '창문', '의자']::text[], '옷장', '옷장 thường là đồ nội thất lớn, được đặt ở một vị trí cố định trong phòng.', 'c187f762-b9e3-43ba-b184-767a926d9dc0', '2026-01-05T17:07:58.349Z', '2026-01-05T17:07:58.349Z'),
  ('af9077f1-e5ff-416c-a12b-11a50bc4fe86', '______으로 햇빛이 들어와요.', 'Ánh nắng chiếu vào qua ______.', ARRAY['문', '침대', '창문', '벽']::text[], '창문', '창문 là nơi ánh sáng và không khí từ bên ngoài vào phòng.', 'bf9d3363-4380-44eb-8306-6e18a4c86009', '2026-01-05T17:07:58.349Z', '2026-01-05T17:07:58.349Z'),
  ('edc5cf40-ba1d-4d38-9a09-0ed4c713a687', '______을/를 닫을까요?', 'Tôi đóng ______ nhé?', ARRAY['침대', '책상', '시계', '창문']::text[], '창문', '창문 có thể được mở (열다) hoặc đóng (닫다).', 'bf9d3363-4380-44eb-8306-6e18a4c86009', '2026-01-05T17:07:58.349Z', '2026-01-05T17:07:58.349Z'),
  ('ac2d4a4e-4d3e-4bbe-966e-1fbf09d7b2d6', '______을/를 두드리세요.', 'Hãy gõ ______.', ARRAY['침대', '문', '창문', '의자']::text[], '문', '문 là thứ người ta thường gõ (두드리다) trước khi vào phòng.', '1de909ae-9b1c-492e-8bf0-a25d653de8b6', '2026-01-05T17:07:58.349Z', '2026-01-05T17:07:58.349Z'),
  ('234912d2-55af-4247-bedf-f4743f17a8b9', '______이 잠겼어요.', '______ bị khóa rồi.', ARRAY['시계', '컴퓨터', '문', '책상']::text[], '문', '문 có thể được khóa (잠기다) hoặc mở khóa.', '1de909ae-9b1c-492e-8bf0-a25d653de8b6', '2026-01-05T17:07:58.349Z', '2026-01-05T17:07:58.349Z'),
  ('16794cc6-7ae8-4eea-ad0e-fe094f7f7199', '______가 고장 났어요.', '______ bị hỏng rồi.', ARRAY['침대', '책상', '컴퓨터', '옷장']::text[], '컴퓨터', '컴퓨터 là thiết bị điện tử có thể bị hỏng (고장 나다).', '9c040657-d9e7-44d1-bfc0-205ab1c99a41', '2026-01-05T17:07:58.349Z', '2026-01-05T17:07:58.349Z'),
  ('751fc7ef-1b3a-4fe4-be3e-5ca0d06303de', '______를 켜세요.', 'Hãy bật ______ lên.', ARRAY['문', '창문', '컴퓨터', '시계']::text[], '컴퓨터', '컴퓨터 cần được bật (켜다) hoặc tắt (끄다).', '9c040657-d9e7-44d1-bfc0-205ab1c99a41', '2026-01-05T17:07:58.349Z', '2026-01-05T17:07:58.349Z'),
  ('93b40fcd-f745-4c90-9f9a-1ffad326c6e5', '______를 보고 시간을 확인해요.', 'Tôi nhìn ______ để kiểm tra giờ.', ARRAY['컴퓨터', '시계', '휴대폰', '전자레인지']::text[], '시계', '시계 là dụng cụ chính để xem giờ.', '9ea6962c-9e26-41e4-9eff-b0ab8b4fb7f4', '2026-01-05T17:07:58.349Z', '2026-01-05T17:07:58.349Z'),
  ('9d158e88-d785-4244-a6be-bea2db88c7f2', '벽 ______가 늦어요.', 'Đồng hồ treo tường bị chậm.', ARRAY['문', '시계', '그림', '선반']::text[], '시계', '시계 có thể là đồng hồ treo tường (벽시계), và nó có thể chạy nhanh/chậm.', '9ea6962c-9e26-41e4-9eff-b0ab8b4fb7f4', '2026-01-05T17:07:58.349Z', '2026-01-05T17:07:58.349Z'),
  ('09589f01-6783-40fb-851f-9a5e7f1f8e7b', '도서관에는 많은 ______이 있어요.', 'Ở thư viện có rất nhiều ______.', ARRAY['책', '의자', '컴퓨터', '사람']::text[], '책', '책 có nghĩa là ''sách'', là công cụ học tập và giải trí quan trọng, được tìm thấy nhiều ở thư viện.', '80a1bb15-6347-4b09-81a4-fa0bc410c3ae', '2026-01-05T17:07:58.349Z', '2026-01-05T17:07:58.349Z'),
  ('96d0b976-f667-4b6b-a6a1-2269e9562e19', '______을 읽으면 지식이 늘어요.', 'Nếu đọc ______ thì kiến thức sẽ tăng lên.', ARRAY['책', '신문', '잡지', '만화']::text[], '책', '책 không chỉ dùng để học mà còn là nguồn cung cấp kiến thức và thông tin quan trọng.', '80a1bb15-6347-4b09-81a4-fa0bc410c3ae', '2026-01-05T17:07:58.349Z', '2026-01-05T17:07:58.349Z'),
  ('b9b3c86f-e9be-4c8c-ba09-f0ab8d51a89f', '수업 시간에 필기할 때 ______을 사용해요.', 'Khi ghi chép trong giờ học, chúng ta dùng ______.', ARRAY['공책', '책', '신문', '달력']::text[], '공책', '공책 có nghĩa là ''vở, sổ tay'', dùng để ghi chép bài học, ghi chú trong lớp.', '3a3b6683-9053-4429-9e6f-38fe8664760a', '2026-01-05T17:07:58.349Z', '2026-01-05T17:07:58.349Z'),
  ('e42876e1-60a8-44d6-b7d4-2b2be4e7619d', '새 학기가 시작되면 새로운 ______을 사요.', 'Khi năm học mới bắt đầu, chúng ta mua ______ mới.', ARRAY['공책', '텔레비전', '냉장고', '자동차']::text[], '공책', '공책 là dụng cụ học tập thiết yếu, thường được mua mới vào đầu mỗi năm học.', '3a3b6683-9053-4429-9e6f-38fe8664760a', '2026-01-05T17:07:58.349Z', '2026-01-05T17:07:58.349Z'),
  ('ee88f950-bf40-4ec9-9282-0cdab2da897c', '아이들이 처음 글씨를 배울 때 ______을 사용해요.', 'Khi trẻ em học viết chữ lần đầu, chúng dùng ______.', ARRAY['연필', '볼펜', '형광펜', '만년필']::text[], '연필', '연필 có nghĩa là ''bút chì'', thích hợp cho người mới học viết vì có thể tẩy xóa được.', 'a0285733-f200-4ca2-8930-d12dfcf0730f', '2026-01-05T17:07:58.349Z', '2026-01-05T17:07:58.349Z'),
  ('740a81f2-0fe5-4f98-8eba-4c1bb7a64706', '______을 깎을 때는 조심해야 해요.', 'Khi gọt ______ cần phải cẩn thận.', ARRAY['연필', '볼펜', '지우개', '가위']::text[], '연필', '연필 cần được gọt định kỳ để có đầu nhọn, dễ viết, và cần cẩn thận khi gọt để tránh bị thương.', 'a0285733-f200-4ca2-8930-d12dfcf0730f', '2026-01-05T17:07:58.349Z', '2026-01-05T17:07:58.349Z'),
  ('b7cf6f58-1983-4ffc-9764-fe73ee871c51', '공식 문서에는 ______으로 서명해요.', 'Trên tài liệu chính thức, người ta ký bằng ______.', ARRAY['볼펜', '연필', '색연필', '크레파스']::text[], '볼펜', '볼펜 có nghĩa là ''bút bi'', thường được dùng cho văn bản chính thức vì mực khô nhanh và không dễ bị xóa.', '18d1c5b5-c0c8-4522-a065-645acd1af3b6', '2026-01-05T17:07:58.349Z', '2026-01-05T17:07:58.349Z'),
  ('1e7f4229-082f-46d1-a7ee-ced7979acc29', '______의 잉크가 다 떨어졌어요.', '______ của tôi hết mực rồi.', ARRAY['볼펜', '연필', '지우개', '자']::text[], '볼펜', '볼펜 sử dụng mực lỏng trong ống, khi hết mực cần thay ngòi hoặc mua bút mới.', '18d1c5b5-c0c8-4522-a065-645acd1af3b6', '2026-01-05T17:07:58.349Z', '2026-01-05T17:07:58.349Z'),
  ('ebd5cb37-ce22-46cc-bdb3-f2f0b5c60339', '연필로 쓴 글씨를 지울 때 ______을 사용해요.', 'Khi xóa chữ viết bằng bút chì, chúng ta dùng ______.', ARRAY['지우개', '가위', '풀', '테이프']::text[], '지우개', '지우개 có nghĩa là ''cục tẩy'', dùng để xóa chữ viết bằng bút chì mà không làm rách giấy.', '95fde907-a802-4e26-b2d2-53e36156d0b3', '2026-01-05T17:07:58.349Z', '2026-01-05T17:07:58.349Z'),
  ('835ea341-6a4e-41b1-9840-411b04bf4b10', '______로 너무 세게 문지르면 종이가 찢어질 수 있어요.', 'Nếu dùng ______ chà quá mạnh, giấy có thể bị rách.', ARRAY['지우개', '연필', '볼펜', '자']::text[], '지우개', '지우개 cần được sử dụng nhẹ nhàng để tránh làm hỏng bề mặt giấy khi xóa.', '95fde907-a802-4e26-b2d2-53e36156d0b3', '2026-01-05T17:07:58.349Z', '2026-01-05T17:07:58.349Z'),
  ('9528b55d-c15a-424f-b43d-602bc1bd0d13', '직선을 그릴 때는 ______이 필요해요.', 'Khi vẽ đường thẳng, cần có ______.', ARRAY['자', '연필', '지우개', '필통']::text[], '자', '자 có nghĩa là ''thước kẻ'', dùng để vẽ đường thẳng, đo chiều dài, hoặc kẻ ô trong vở.', '89016ef9-b57e-4d46-ace3-404444bfdbc6', '2026-01-05T17:07:58.349Z', '2026-01-05T17:07:58.349Z'),
  ('f59ff9e3-2137-4f5b-a6f5-9fb5c18284e2', '______으로 길이를 재어 보세요.', 'Hãy dùng ______ để đo chiều dài.', ARRAY['자', '지우개', '연필', '공책']::text[], '자', '자 có các vạch chia độ chính xác, cho phép đo chiều dài của vật thể một cách chính xác.', '89016ef9-b57e-4d46-ace3-404444bfdbc6', '2026-01-05T17:07:58.349Z', '2026-01-05T17:07:58.349Z'),
  ('cb83a971-ed06-44d5-ab7c-9313f22b7abb', '연필, 볼펜, 지우개 등을 넣어 두는 것은 ______이에요.', 'Vật dùng để đựng bút chì, bút bi, tẩy, v.v. là ______.', ARRAY['필통', '가방', '책장', '서랍']::text[], '필통', '필통 có nghĩa là ''hộp bút'', dùng để đựng và bảo quản các dụng cụ viết như bút, tẩy, gọt bút chì.', 'f1e21e19-2030-4672-834d-3a7f557ce4c2', '2026-01-05T17:07:58.349Z', '2026-01-05T17:07:58.349Z'),
  ('9f85534d-c4c6-48a5-911d-08577b06cb34', '______을 떨어뜨리면 안에 있는 필기구가 흩어져요.', 'Nếu làm rơi ______, các dụng cụ viết bên trong sẽ bị văng ra.', ARRAY['필통', '책', '공책', '사전']::text[], '필통', '필통 giúp giữ gìn dụng cụ viết gọn gàng, ngăn nắp, nhưng cần cẩn thận để không làm rơi.', 'f1e21e19-2030-4672-834d-3a7f557ce4c2', '2026-01-05T17:07:58.349Z', '2026-01-05T17:07:58.349Z'),
  ('b6485e23-8f26-4c55-b1d3-d7dba777f669', '학생들이 책과 공책을 넣고 학교에 가져가는 것은 ______이에요.', 'Vật mà học sinh đựng sách vở mang đến trường là ______.', ARRAY['가방', '지갑', '핸드폰', '열쇠']::text[], '가방', '가방 có nghĩa là ''cặp sách, túi xách'', dùng để mang theo sách vở, dụng cụ học tập đến trường.', '720fd33e-9e24-42b3-9271-47a1bb93a9de', '2026-01-05T17:07:58.349Z', '2026-01-05T17:07:58.349Z'),
  ('dd27fbe1-4882-48d7-a982-3946081961bb', '등에 메는 ______을 배낭이라고 해요.', '______ đeo trên lưng được gọi là ba lô.', ARRAY['가방', '옷', '모자', '신발']::text[], '가방', '가방 có nhiều loại như 배낭 (ba lô), 크로스백 (túi đeo chéo), 서류가방 (cặp tài liệu), tùy theo mục đích sử dụng.', '720fd33e-9e24-42b3-9271-47a1bb93a9de', '2026-01-05T17:07:58.349Z', '2026-01-05T17:07:58.349Z'),
  ('f602d96d-b2e5-4000-8b69-82cf069c0d5c', '외국어를 공부할 때 ______은 매우 유용해요.', 'Khi học ngoại ngữ, ______ rất hữu ích.', ARRAY['사전', '신문', '소설', '만화']::text[], '사전', '사전 có nghĩa là ''từ điển'', cung cấp định nghĩa, cách phát âm, và cách sử dụng của từ ngữ.', '0239f2f9-e972-434f-9479-c60c6bbfe620', '2026-01-05T17:07:58.349Z', '2026-01-05T17:07:58.349Z'),
  ('2773f0d9-cc2a-458b-bc91-c9f2bace7405', '요즘은 종이 ______보다 전자 ______을 더 많이 사용해요.', 'Ngày nay người ta dùng ______ điện tử nhiều hơn ______ giấy.', ARRAY['사전', '책', '잡지', '신문']::text[], '사전', '사전 hiện đại có cả dạng giấy truyền thống và dạng điện tử (전자사전, 앱 사전) tiện lợi hơn cho việc tra cứu nhanh.', '0239f2f9-e972-434f-9479-c60c6bbfe620', '2026-01-05T17:07:58.349Z', '2026-01-05T17:07:58.349Z');

COMMIT;