BEGIN;

-- LearningGroup: Thiên nhiên & Thời tiết
INSERT INTO "LearningGroup" (id, name, icon, "topikLevel", "createdAt", "updatedAt") VALUES ('ba0f54c7-9362-46be-88b4-00856f4a5496', 'Thiên nhiên & Thời tiết', '⛅', 1, '2026-01-05T17:07:58.342Z', '2026-01-05T17:07:58.342Z');

-- Categories (3 categories)
INSERT INTO "Category" (id, name, description, icon, "order", "topikLevel", "groupId", "createdAt", "updatedAt") VALUES ('b0ceb7a1-2841-4b27-9e04-1f3aceb35297', 'Màu sắc cơ bản', 'Từ vựng về các màu sắc cơ bản trong tiếng Hàn', '🎨', 1, 1, 'ba0f54c7-9362-46be-88b4-00856f4a5496', '2026-01-05T17:07:58.342Z', '2026-01-05T17:07:58.342Z'),
  ('8f1f860a-2b4e-4152-ae5a-5fa917e8ffa3', 'Thời tiết (Phần 1)', 'Từ vựng về các hiện tượng thời tiết cơ bản và miêu tả khí hậu theo mùa trong tiếng Hàn', '⛅', 2, 1, 'ba0f54c7-9362-46be-88b4-00856f4a5496', '2026-01-05T17:07:58.342Z', '2026-01-05T17:07:58.342Z'),
  ('ad99b209-de31-4b07-98b6-157a04ea8f29', 'Bốn mùa (사계절)', 'Từ vựng về các mùa trong năm và đặc trưng của từng mùa ở Hàn Quốc', '🍂', 3, 1, 'ba0f54c7-9362-46be-88b4-00856f4a5496', '2026-01-05T17:07:58.342Z', '2026-01-05T17:07:58.342Z');

-- Vocabulary Words
INSERT INTO "Vocabulary" (id, korean, hanja, vietnamese, pronunciation, example, "exampleTranslation", "categoryId", "createdAt", "updatedAt") VALUES ('8ad08d61-e5ce-4915-8b6b-d0c59788b69f', '색깔 / 색', '色', 'Màu sắc', 'saekkal / saek', '무슨 색을 좋아해요?', 'Bạn thích màu gì?', 'b0ceb7a1-2841-4b27-9e04-1f3aceb35297', '2026-01-05T17:07:58.342Z', '2026-01-05T17:07:58.342Z'),
  ('bbbc83d9-ce53-4ae0-a68e-dfd174b8ed47', '빨간색', NULL, 'Màu đỏ', 'ppalgansaek', '저는 빨간색 사과를 좋아해요.', 'Tôi thích táo màu đỏ.', 'b0ceb7a1-2841-4b27-9e04-1f3aceb35297', '2026-01-05T17:07:58.342Z', '2026-01-05T17:07:58.342Z'),
  ('01bb98eb-b78c-4691-98d1-23d1f89612d2', '노란색', NULL, 'Màu vàng', 'noransaek', '노란색 바나나가 맛있어요.', 'Chuối màu vàng rất ngon.', 'b0ceb7a1-2841-4b27-9e04-1f3aceb35297', '2026-01-05T17:07:58.342Z', '2026-01-05T17:07:58.342Z'),
  ('46390c9e-9933-407f-a758-9abea83a1771', '파란색', NULL, 'Màu xanh da trời', 'paransaek', '하늘은 파란색이에요.', 'Bầu trời màu xanh.', 'b0ceb7a1-2841-4b27-9e04-1f3aceb35297', '2026-01-05T17:07:58.342Z', '2026-01-05T17:07:58.342Z'),
  ('8a4b776c-307e-4f26-8145-ede961089d53', '초록색', NULL, 'Màu xanh lá cây', 'choroksaek', '나무는 초록색이에요.', 'Cây cối màu xanh lá.', 'b0ceb7a1-2841-4b27-9e04-1f3aceb35297', '2026-01-05T17:07:58.342Z', '2026-01-05T17:07:58.342Z'),
  ('8c77c0a2-bece-4b66-947a-6c040ad5fd51', '하얀색', NULL, 'Màu trắng', 'hayansaek', '하얀색 눈이 와요.', 'Tuyết trắng đang rơi.', 'b0ceb7a1-2841-4b27-9e04-1f3aceb35297', '2026-01-05T17:07:58.342Z', '2026-01-05T17:07:58.342Z'),
  ('92ab5b0e-0f12-4e47-acf5-06317e9a0f99', '검은색', NULL, 'Màu đen', 'geomeunsaek', '저는 검은색 옷을 자주 입어요.', 'Tôi thường mặc quần áo màu đen.', 'b0ceb7a1-2841-4b27-9e04-1f3aceb35297', '2026-01-05T17:07:58.342Z', '2026-01-05T17:07:58.342Z'),
  ('0e83bc38-a094-4cff-930e-9907b9a8c660', '주황색', NULL, 'Màu cam', 'juhwangsaek', '주황색 오렌지를 먹고 싶어요.', 'Tôi muốn ăn cam màu cam.', 'b0ceb7a1-2841-4b27-9e04-1f3aceb35297', '2026-01-05T17:07:58.342Z', '2026-01-05T17:07:58.342Z'),
  ('25bf2c56-e4d0-4e19-becc-7dd97f4ced99', '분홍색', NULL, 'Màu hồng', 'bunhongsaek', '분홍색 꽃이 예뻐요.', 'Hoa màu hồng rất đẹp.', 'b0ceb7a1-2841-4b27-9e04-1f3aceb35297', '2026-01-05T17:07:58.342Z', '2026-01-05T17:07:58.342Z'),
  ('da6a5303-8000-49d5-bfc5-9e4351965cb2', '보라색', NULL, 'Màu tím', 'borasaek', '포도는 보통 보라색이에요.', 'Nho thường có màu tím.', 'b0ceb7a1-2841-4b27-9e04-1f3aceb35297', '2026-01-05T17:07:58.342Z', '2026-01-05T17:07:58.342Z'),
  ('1bd04576-61a3-4012-b42f-51014ee4ebfc', '날씨', NULL, 'Thời tiết', 'nalssi', '오늘 날씨가 어때요?', 'Thời tiết hôm nay thế nào?', '8f1f860a-2b4e-4152-ae5a-5fa917e8ffa3', '2026-01-05T17:07:58.342Z', '2026-01-05T17:07:58.342Z'),
  ('6a913bb1-772b-4dde-a930-9a51e6527e5e', '맑다', NULL, 'Trong xanh', 'makda', '오늘은 하늘이 아주 맑아요.', 'Hôm nay trời rất trong xanh.', '8f1f860a-2b4e-4152-ae5a-5fa917e8ffa3', '2026-01-05T17:07:58.342Z', '2026-01-05T17:07:58.342Z'),
  ('fbc11bec-4ed8-4381-927d-19a9e5c62000', '흐리다', NULL, 'U ám', 'heurida', '날씨가 흐려서 비가 올 것 같아요.', 'Thời tiết u ám, chắc là trời sẽ mưa.', '8f1f860a-2b4e-4152-ae5a-5fa917e8ffa3', '2026-01-05T17:07:58.342Z', '2026-01-05T17:07:58.342Z'),
  ('45aad8ee-2f78-4f60-bbc1-cb17267534a0', '비가 오다', NULL, 'Mưa', 'biga oda', '밖을 보세요. 비가 와요.', 'Nhìn ra ngoài đi. Trời đang mưa.', '8f1f860a-2b4e-4152-ae5a-5fa917e8ffa3', '2026-01-05T17:07:58.342Z', '2026-01-05T17:07:58.342Z'),
  ('d54639ca-e6c5-48eb-84d3-109a1f31dde6', '눈이 오다', NULL, 'Tuyết rơi', 'nuni oda', '겨울에 눈이 오면 좋겠어요.', 'Sẽ thật tuyệt nếu tuyết rơi vào mùa đông.', '8f1f860a-2b4e-4152-ae5a-5fa917e8ffa3', '2026-01-05T17:07:58.342Z', '2026-01-05T17:07:58.342Z'),
  ('ed1a8a9f-1d0e-4c02-838a-5cfed319914d', '바람이 불다', NULL, 'Gió thổi', 'barami bulda', '오늘은 바람이 많이 불어요.', 'Hôm nay gió thổi mạnh.', '8f1f860a-2b4e-4152-ae5a-5fa917e8ffa3', '2026-01-05T17:07:58.342Z', '2026-01-05T17:07:58.342Z'),
  ('99861796-fc17-4718-873c-d48a17b18316', '덥다', NULL, 'Nóng', 'deopda', '여름은 너무 더워요.', 'Mùa hè nóng quá.', '8f1f860a-2b4e-4152-ae5a-5fa917e8ffa3', '2026-01-05T17:07:58.342Z', '2026-01-05T17:07:58.342Z'),
  ('f4bce4af-b917-438d-a9dc-c98526d243a3', '춥다', NULL, 'Lạnh', 'chupda', '겨울은 너무 추워요.', 'Mùa đông lạnh quá.', '8f1f860a-2b4e-4152-ae5a-5fa917e8ffa3', '2026-01-05T17:07:58.342Z', '2026-01-05T17:07:58.342Z'),
  ('dcc82661-0559-471d-9087-678aa3d23a9f', '따뜻하다', NULL, 'Ấm áp', 'ttatteuthada', '봄은 날씨가 따뜻해요.', 'Mùa xuân thời tiết ấm áp.', '8f1f860a-2b4e-4152-ae5a-5fa917e8ffa3', '2026-01-05T17:07:58.342Z', '2026-01-05T17:07:58.342Z'),
  ('d335d362-5127-48bc-adf8-e1bca5bff41b', '시원하다', NULL, 'Mát mẻ', 'siwonhada', '가을은 날씨가 시원해요.', 'Mùa thu thời tiết mát mẻ.', '8f1f860a-2b4e-4152-ae5a-5fa917e8ffa3', '2026-01-05T17:07:58.342Z', '2026-01-05T17:07:58.342Z'),
  ('e6facaef-d32a-458a-a513-12bd18844931', '계절', '季節', 'Mùa', 'gyejeol', '한국은 사계절이 있어요.', 'Hàn Quốc có bốn mùa.', 'ad99b209-de31-4b07-98b6-157a04ea8f29', '2026-01-05T17:07:58.342Z', '2026-01-05T17:07:58.342Z'),
  ('e60804d2-8219-40ea-b1d0-2721b1c69a49', '봄', '--', 'Mùa xuân', 'bom', '봄에는 꽃이 많이 펴요.', 'Hoa nở nhiều vào mùa xuân.', 'ad99b209-de31-4b07-98b6-157a04ea8f29', '2026-01-05T17:07:58.342Z', '2026-01-05T17:07:58.342Z'),
  ('7a1094e3-9aa9-4a00-8c1c-cde49477e04b', '여름', '--', 'Mùa hè', 'yeoreum', '여름에는 바다에 가요.', 'Tôi đi biển vào mùa hè.', 'ad99b209-de31-4b07-98b6-157a04ea8f29', '2026-01-05T17:07:58.342Z', '2026-01-05T17:07:58.342Z'),
  ('b2e7c992-086c-4ace-b4db-18695088436c', '가을', '--', 'Mùa thu', 'ga-eul', '가을에는 단풍이 예뻐요.', 'Lá phong đẹp vào mùa thu.', 'ad99b209-de31-4b07-98b6-157a04ea8f29', '2026-01-05T17:07:58.342Z', '2026-01-05T17:07:58.342Z'),
  ('62314d8e-341d-4d54-95dc-54f22935ccbd', '겨울', '--', 'Mùa đông', 'gyeoul', '겨울에는 스키를 타요.', 'Tôi trượt tuyết vào mùa đông.', 'ad99b209-de31-4b07-98b6-157a04ea8f29', '2026-01-05T17:07:58.342Z', '2026-01-05T17:07:58.342Z'),
  ('18a59ac0-cc03-4367-adef-d87d7d487fbc', '꽃', '꽃', 'Hoa', 'kkot', '공원에 꽃이 많이 있어요.', 'Có rất nhiều hoa ở công viên.', 'ad99b209-de31-4b07-98b6-157a04ea8f29', '2026-01-05T17:07:58.342Z', '2026-01-05T17:07:58.342Z'),
  ('323ba3fe-40dd-47d2-8ed5-f0748e7de802', '나무', '--', 'Cây', 'namu', '우리 집 앞에 큰 나무가 있어요.', 'Có một cái cây lớn trước nhà tôi.', 'ad99b209-de31-4b07-98b6-157a04ea8f29', '2026-01-05T17:07:58.342Z', '2026-01-05T17:07:58.342Z'),
  ('3243f781-ff6a-4230-9d54-8768574d01d1', '단풍', '丹楓', 'Lá phong/lá đổi màu', 'danpung', '가을에는 단풍 구경을 가요.', 'Tôi đi ngắm lá phong vào mùa thu.', 'ad99b209-de31-4b07-98b6-157a04ea8f29', '2026-01-05T17:07:58.342Z', '2026-01-05T17:07:58.342Z'),
  ('6a461f20-6eaf-41e1-8418-ccda0bf7910f', '눈', '雪', 'Tuyết', 'nun', '하얀 눈이 내려요.', 'Tuyết trắng đang rơi.', 'ad99b209-de31-4b07-98b6-157a04ea8f29', '2026-01-05T17:07:58.342Z', '2026-01-05T17:07:58.342Z');

-- Quiz Questions
INSERT INTO "QuizQuestion" (id, question, "questionTranslation", options, "correctAnswer", explanation, "VocabularyId", "createdAt", "updatedAt") VALUES ('b3cf576b-5f6c-441b-a796-96c25580d6da', '무지개에는 일곱 가지 ______이 있어요.', 'Cầu vồng có bảy ______.', ARRAY['색깔', '모양', '크기', '길이']::text[], '색깔', '색깔 có nghĩa là ''màu sắc'', dùng để chỉ màu của vật thể hoặc hiện tượng.', '8ad08d61-e5ce-4915-8b6b-d0c59788b69f', '2026-01-05T17:07:58.342Z', '2026-01-05T17:07:58.342Z'),
  ('f7d17955-cfa0-4a68-9186-61b530196ada', '이 옷의 ______이 예뻐요.', '______ của chiếc áo này đẹp quá.', ARRAY['색', '디자인', '재질', '브랜드']::text[], '색', '색 là hình thức ngắn gọn của 색깔, thường được dùng trong văn nói hoặc khi kết hợp với các từ khác.', '8ad08d61-e5ce-4915-8b6b-d0c59788b69f', '2026-01-05T17:07:58.342Z', '2026-01-05T17:07:58.342Z'),
  ('d90f9a10-6eaa-4fd5-84e3-e5b40c19fffa', '______ 신호등은 멈추라는 뜻이에요.', 'Đèn giao thông ______ có nghĩa là dừng lại.', ARRAY['빨간색', '초록색', '노란색', '파란색']::text[], '빨간색', '빨간색 có nghĩa là ''màu đỏ'', là màu của nguy hiểm, cảnh báo, và dừng lại trong giao thông.', 'bbbc83d9-ce53-4ae0-a68e-dfd174b8ed47', '2026-01-05T17:07:58.342Z', '2026-01-05T17:07:58.342Z'),
  ('4daa05eb-a8fd-474f-8439-c3cd24f7a58c', '사랑을 상징하는 꽃은 보통 ______ 장미예요.', 'Hoa tượng trưng cho tình yêu thường là hoa hồng ______.', ARRAY['빨간색', '하얀색', '노란색', '보라색']::text[], '빨간색', '빨간색 tượng trưng cho tình yêu, đam mê, và sức mạnh trong nhiều nền văn hóa.', 'bbbc83d9-ce53-4ae0-a68e-dfd174b8ed47', '2026-01-05T17:07:58.342Z', '2026-01-05T17:07:58.342Z'),
  ('203ef6e6-4a68-43d8-b958-31da920aa253', '______ 신호등은 준비하라는 뜻이에요.', 'Đèn giao thông ______ có nghĩa là chuẩn bị.', ARRAY['노란색', '빨간색', '초록색', '파란색']::text[], '노란색', '노란색 có nghĩa là ''màu vàng'', thường tượng trưng cho sự thận trọng, cảnh báo, và ánh sáng mặt trời.', '01bb98eb-b78c-4691-98d1-23d1f89612d2', '2026-01-05T17:07:58.342Z', '2026-01-05T17:07:58.342Z'),
  ('c1aa688a-fae6-4af4-b5f6-e821fadba5de', '봄이 되면 ______ 민들레꽃이 피어요.', 'Khi mùa xuân đến, những bông hoa bồ công anh ______ nở rộ.', ARRAY['노란색', '빨간색', '파란색', '보라색']::text[], '노란색', '노란색 thường gắn liền với mùa xuân, sự ấm áp, và năng lượng tích cực.', '01bb98eb-b78c-4691-98d1-23d1f89612d2', '2026-01-05T17:07:58.342Z', '2026-01-05T17:07:58.342Z'),
  ('3f9043a8-9289-43bc-a805-53df52a965bf', '______ 바다는 매우 아름다워요.', 'Biển ______ rất đẹp.', ARRAY['파란색', '빨간색', '초록색', '검은색']::text[], '파란색', '파란색 có nghĩa là ''màu xanh da trời'', thường gắn liền với bầu trời, biển cả, và sự yên bình.', '46390c9e-9933-407f-a758-9abea83a1771', '2026-01-05T17:07:58.342Z', '2026-01-05T17:07:58.342Z'),
  ('885908f6-d5f9-4690-b0db-c8863ff6ccae', '______ 옷은 청량감을 주는 느낌이에요.', 'Quần áo ______ cho cảm giác mát mẻ, sảng khoái.', ARRAY['파란색', '빨간색', '주황색', '갈색']::text[], '파란색', '파란색 thường được cảm nhận là màu lạnh, tạo cảm giác thanh mát, yên tĩnh và đáng tin cậy.', '46390c9e-9933-407f-a758-9abea83a1771', '2026-01-05T17:07:58.342Z', '2026-01-05T17:07:58.342Z'),
  ('cec8e860-c55a-4a2c-84fe-0cd944a2df31', '______ 신호등은 건너가도 된다는 뜻이에요.', 'Đèn giao thông ______ có nghĩa là được phép đi qua.', ARRAY['초록색', '빨간색', '노란색', '파란색']::text[], '초록색', '초록색 có nghĩa là ''màu xanh lá cây'', tượng trưng cho sự an toàn, đi tiếp, và thiên nhiên.', '8a4b776c-307e-4f26-8145-ede961089d53', '2026-01-05T17:07:58.342Z', '2026-01-05T17:07:58.342Z'),
  ('764aa62b-0cb6-481d-8c0c-a6f2a32a054b', '공원의 ______ 잔디밭에서 사람들이 즐거워해요.', 'Mọi người vui vẻ trên bãi cỏ ______ ở công viên.', ARRAY['초록색', '빨간색', '파란색', '보라색']::text[], '초록색', '초록색 là màu của thiên nhiên, cây cỏ, và sự phát triển, thường mang lại cảm giác tươi mát và bình yên.', '8a4b776c-307e-4f26-8145-ede961089d53', '2026-01-05T17:07:58.342Z', '2026-01-05T17:07:58.342Z'),
  ('8994e43c-9447-4413-9935-47f9c2e97069', '결혼식에서 신부는 보통 ______ 웨딩드레스를 입어요.', 'Trong đám cưới, cô dâu thường mặc váy cưới ______.', ARRAY['하얀색', '검은색', '빨간색', '파란색']::text[], '하얀색', '하얀색 có nghĩa là ''màu trắng'', tượng trưng cho sự thuần khiết, trong sáng, và ngây thơ.', '8c77c0a2-bece-4b66-947a-6c040ad5fd51', '2026-01-05T17:07:58.342Z', '2026-01-05T17:07:58.342Z'),
  ('f2858317-5e48-4fa4-b91c-10e2221b5361', '의사와 간호사는 ______ 가운을 입어요.', 'Bác sĩ và y tá mặc áo blouse ______.', ARRAY['하얀색', '파란색', '초록색', '회색']::text[], '하얀색', '하얀색 thường được liên tưởng đến sự sạch sẽ, vệ sinh, và tính chuyên nghiệp trong ngành y tế.', '8c77c0a2-bece-4b66-947a-6c040ad5fd51', '2026-01-05T17:07:58.342Z', '2026-01-05T17:07:58.342Z'),
  ('8a9e278c-4f3b-4c7a-9587-9281e3f3b8a9', '______ 고양이는 운이 좋다고 해요.', 'Người ta nói mèo ______ mang lại may mắn.', ARRAY['검은색', '하얀색', '노란색', '갈색']::text[], '검은색', '검은색 có nghĩa là ''màu đen'', trong một số nền văn hóa tượng trưng cho sự bí ẩn, sang trọng, và đôi khi là điềm xấu.', '92ab5b0e-0f12-4e47-acf5-06317e9a0f99', '2026-01-05T17:07:58.342Z', '2026-01-05T17:07:58.342Z'),
  ('61112677-2a4e-40f5-adf1-86f55f83fca8', '정장으로 ______ 양복을 입는 경우가 많아요.', 'Trang phục công sở thường là bộ vest ______.', ARRAY['검은색', '빨간색', '파란색', '초록색']::text[], '검은색', '검은색 tượng trưng cho sự trang trọng, quyền lực, và thanh lịch, thường được chọn cho trang phục công sở và sự kiện quan trọng.', '92ab5b0e-0f12-4e47-acf5-06317e9a0f99', '2026-01-05T17:07:58.342Z', '2026-01-05T17:07:58.342Z'),
  ('3adfc0f3-0f48-44f8-8f20-e5ba7f775985', '가을에 ______ 단풍이 아름다워요.', 'Vào mùa thu, những chiếc lá phong ______ rất đẹp.', ARRAY['주황색', '파란색', '초록색', '보라색']::text[], '주황색', '주황색 có nghĩa là ''màu cam'', thường gắn liền với mùa thu, sự ấm áp, và năng lượng.', '0e83bc38-a094-4cff-930e-9907b9a8c660', '2026-01-05T17:07:58.342Z', '2026-01-05T17:07:58.342Z'),
  ('58f4164c-5ebb-4f46-9cc0-a66d451beb51', '______ 경고 표지판은 주의를 끄는 색이에요.', 'Biển báo cảnh báo ______ là màu thu hút sự chú ý.', ARRAY['주황색', '회색', '갈색', '하얀색']::text[], '주황색', '주황색 rất nổi bật và dễ nhận thấy, thường được dùng cho thiết bị an toàn, đồ bảo hộ, và biển báo.', '0e83bc38-a094-4cff-930e-9907b9a8c660', '2026-01-05T17:07:58.342Z', '2026-01-05T17:07:58.342Z'),
  ('b65f10f3-3872-4c7c-9d28-3e7e675b7425', '어린 소녀들은 종종 ______ 옷을 좋아해요.', 'Các bé gái thường thích quần áo ______.', ARRAY['분홍색', '회색', '갈색', '남색']::text[], '분홍색', '분홍색 có nghĩa là ''màu hồng'', thường được liên kết với sự nữ tính, dịu dàng, và lãng mạn.', '25bf2c56-e4d0-4e19-becc-7dd97f4ced99', '2026-01-05T17:07:58.342Z', '2026-01-05T17:07:58.342Z'),
  ('3edc37d0-e8db-4f3f-8f21-c06c71516cb1', '벚꽃이 피면 ______ 꽃잎이 날려요.', 'Khi hoa anh đào nở, những cánh hoa ______ bay lượn.', ARRAY['분홍색', '노란색', '파란색', '보라색']::text[], '분홍색', '분홍색 là màu đặc trưng của hoa anh đào (벚꽃) ở Hàn Quốc và Nhật Bản, biểu tượng của mùa xuân và vẻ đẹp thoáng qua.', '25bf2c56-e4d0-4e19-becc-7dd97f4ced99', '2026-01-05T17:07:58.342Z', '2026-01-05T17:07:58.342Z'),
  ('ad71b2c5-adc4-4866-91a7-ca0e719b5420', '______ 라벤더 향기가 기분을 좋게 해요.', 'Hương thơm của hoa oải hương ______ làm tâm trạng tốt hơn.', ARRAY['보라색', '빨간색', '초록색', '주황색']::text[], '보라색', '보라색 có nghĩa là ''màu tím'', thường gắn liền với sự cao quý, sáng tạo, và tâm linh.', 'da6a5303-8000-49d5-bfc5-9e4351965cb2', '2026-01-05T17:07:58.342Z', '2026-01-05T17:07:58.342Z'),
  ('ee5bce10-65ae-4c6b-b8de-e712481fb505', '한국 왕족은 ______ 옷을 입었어요.', 'Vương tộc Hàn Quốc đã mặc trang phục ______.', ARRAY['보라색', '검은색', '하얀색', '초록색']::text[], '보라색', 'Trong lịch sử Hàn Quốc, 보라색 là màu của hoàng gia và quý tộc, tượng trưng cho sự giàu có, quyền lực, và địa vị cao.', 'da6a5303-8000-49d5-bfc5-9e4351965cb2', '2026-01-05T17:07:58.342Z', '2026-01-05T17:07:58.342Z'),
  ('ca877449-93cd-475f-8160-f4689d4d50b7', '______에 따라 옷을 입는 것이 중요해요.', 'Việc mặc đồ theo ______ là rất quan trọng.', ARRAY['날씨', '시간', '장소', '기분']::text[], '날씨', '날씨 có nghĩa là ''thời tiết'', chỉ trạng thái khí quyển tại một thời điểm và địa điểm cụ thể.', '1bd04576-61a3-4012-b42f-51014ee4ebfc', '2026-01-05T17:07:58.342Z', '2026-01-05T17:07:58.342Z'),
  ('f6da5e79-3cec-4c60-962b-539bd1fc3cc1', '여행 계획을 세울 때 ______를 먼저 확인해요.', 'Khi lên kế hoạch du lịch, hãy kiểm tra ______ trước.', ARRAY['날씨', '가격', '시간', '친구']::text[], '날씨', '날씨 là yếu tố quan trọng ảnh hưởng đến hoạt động ngoài trời, vì vậy thường được kiểm tra đầu tiên khi lập kế hoạch.', '1bd04576-61a3-4012-b42f-51014ee4ebfc', '2026-01-05T17:07:58.342Z', '2026-01-05T17:07:58.342Z'),
  ('2d0369ab-1e5e-42a3-a1d6-1e8bb2178c16', '______ 하늘을 보면 기분이 좋아져요.', 'Nhìn bầu trời ______, tâm trạng trở nên tốt hơn.', ARRAY['맑은', '흐린', '어두운', '낮은']::text[], '맑은', '맑다 có nghĩa là ''trong xanh'', ''quang đãng'', thường dùng để miêu tả bầu trời không có mây, nắng đẹp.', '6a913bb1-772b-4dde-a930-9a51e6527e5e', '2026-01-05T17:07:58.342Z', '2026-01-05T17:07:58.342Z'),
  ('c9c60201-3d28-4930-9e1c-cc16ab539d9d', '주말에 ______ 날씨가 계속되면 좋겠어요.', 'Ước gì thời tiết ______ tiếp tục kéo dài vào cuối tuần.', ARRAY['맑은', '흐린', '추운', '더운']::text[], '맑a', '맑다 thường gắn với hình ảnh thời tiết đẹp, lý tưởng cho các hoạt động ngoài trời.', '6a913bb1-772b-4dde-a930-9a51e6527e5e', '2026-01-05T17:07:58.342Z', '2026-01-05T17:07:58.342Z'),
  ('0410df7a-6723-412e-a126-0b4ae386e56c', '______ 날에는 실내 활동을 하는 것이 좋아요.', 'Vào những ngày ______, nên tham gia các hoạt động trong nhà.', ARRAY['흐린', '맑은', '따뜻한', '시원한']::text[], '흐린', '흐리다 có nghĩa là ''u ám'', ''nhiều mây'', thường báo hiệu trời có thể mưa và không thuận lợi cho hoạt động ngoài trời.', 'fbc11bec-4ed8-4381-927d-19a9e5c62000', '2026-01-05T17:07:58.342Z', '2026-01-05T17:07:58.342Z'),
  ('917c5ac2-2ed4-4cd7-aac5-84389af0c695', '하늘이 ______ 그래서 햇빛이 보이지 않아요.', 'Bầu trời ______ nên không thấy ánh nắng mặt trời.', ARRAY['흐려서', '맑아서', '추워서', '더워서']::text[], '흐려서', '흐리다 thường đi kèm với cảm giác ảm đạm, thiếu ánh sáng tự nhiên.', 'fbc11bec-4ed8-4381-927d-19a9e5c62000', '2026-01-05T17:07:58.342Z', '2026-01-05T17:07:58.342Z'),
  ('c590e7d1-42ef-4724-9a4a-27ce12b1f800', '______ 우산을 꼭 챙기세요.', 'Khi ______ nhớ mang theo ô nhé.', ARRAY['비가 올 때는', '눈이 올 때는', '맑을 때는', '흐릴 때는']::text[], '비가 올 때는', '비가 오다 có nghĩa là ''mưa'', chỉ hiện tượng nước rơi từ mây xuống đất.', '45aad8ee-2f78-4f60-bbc1-cb17267534a0', '2026-01-05T17:07:58.342Z', '2026-01-05T17:07:58.342Z'),
  ('fbd97e93-372c-4193-9e7d-187bddc88de4', '장마철에는 자주 ______.', 'Vào mùa mưa thường xuyên ______.', ARRAY['비가 와요', '눈이 와요', '바람이 불어요', '맑아요']::text[], '비가 와요', '비가 오다 là hiện tượng thời tiết phổ biến, đặc biệt trong 장마 (mùa mưa) ở Hàn Quốc từ tháng 6 đến tháng 8.', '45aad8ee-2f78-4f60-bbc1-cb17267534a0', '2026-01-05T17:07:58.342Z', '2026-01-05T17:07:58.342Z'),
  ('2067213b-25f3-478a-b9fa-4f4b5f5e348b', '______ 아이들은 밖에서 눈싸움을 해요.', 'Khi ______, trẻ con chơi đánh nhau bằng tuyết ở ngoài.', ARRAY['눈이 오면', '비가 오면', '맑으면', '흐리면']::text[], '눈이 오면', '눈이 오다 có nghĩa là ''tuyết rơi'', là hiện tượng thời tiết đặc trưng của mùa đông ở nhiều vùng tại Hàn Quốc.', 'd54639ca-e6c5-48eb-84d3-109a1f31dde6', '2026-01-05T17:07:58.342Z', '2026-01-05T17:07:58.342Z'),
  ('03e4830c-9f66-4740-b814-f71c6ac1c816', '첫 ______을(를) 맞이하는 날이에요.', 'Hôm nay là ngày đón ______ đầu tiên.', ARRAY['눈', '비', '바람', '안개']::text[], '눈', '눈 (tuyết) thường mang lại cảm giác thích thú, đặc biệt là 첫눈 (tuyết đầu mùa) được nhiều người mong đợi.', 'd54639ca-e6c5-48eb-84d3-109a1f31dde6', '2026-01-05T17:07:58.342Z', '2026-01-05T17:07:58.342Z'),
  ('dba50fda-f273-47e5-90e6-aa340de133d9', '______ 머리카락이 흩날려요.', 'Vì ______ nên tóc bay tung.', ARRAY['바람이 불어서', '비가 와서', '눈이 와서', '맑아서']::text[], '바람이 불어서', '바람이 불다 có nghĩa là ''gió thổi'', chỉ sự chuyển động của không khí trong khí quyển.', 'ed1a8a9f-1d0e-4c02-838a-5cfed319914d', '2026-01-05T17:07:58.342Z', '2026-01-05T17:07:58.342Z'),
  ('03ecc75d-ba3e-4f6e-a08e-dc7356908638', '가을에는 ______ 낙엽이 날려요.', 'Vào mùa thu, ______ lá khô bay.', ARRAY['바람이 불면', '비가 오면', '눈이 오면', '맑으면']::text[], '바람이 불면', '바람이 불다 có thể từ nhẹ nhàng (산들바람) đến mạnh (강한 바람), ảnh hưởng đến nhiều hoạt động ngoài trời.', 'ed1a8a9f-1d0e-4c02-838a-5cfed319914d', '2026-01-05T17:07:58.342Z', '2026-01-05T17:07:58.342Z'),
  ('c2e5c6ea-3fbd-4f9b-8733-bacf21a5bc29', '______ 날에는 시원한 음식을 먹고 싶어져요.', 'Vào những ngày ______, tôi muốn ăn đồ ăn mát lạnh.', ARRAY['더운', '추운', '따뜻한', '시원한']::text[], '더운', '덥다 có nghĩa là ''nóng'', chỉ cảm giác nhiệt độ cao, thường gắn với mùa hè hoặc khí hậu nhiệt đới.', '99861796-fc17-4718-873c-d48a17b18316', '2026-01-05T17:07:58.342Z', '2026-01-05T17:07:58.342Z'),
  ('67a4a0ec-a751-4fc5-a537-69d21a4fe97c', '한국의 여름은 습하고 ______.', 'Mùa hè ở Hàn Quốc vừa ẩm ướt vừa ______.', ARRAY['더워요', '추워요', '따뜻해요', '시원해요']::text[], '더워요', '덥다 đặc biệt được dùng để miêu tả cái nóng oi bức của mùa hè Hàn Quốc với độ ẩm cao.', '99861796-fc17-4718-873c-d48a17b18316', '2026-01-05T17:07:58.342Z', '2026-01-05T17:07:58.342Z'),
  ('17d2ebbf-1744-494b-9db7-bff8701d1b00', '______ 날씨에는 따뜻한 옷을 입어야 해요.', 'Vào thời tiết ______, cần mặc quần áo ấm.', ARRAY['추운', '더운', '따뜻한', '시원한']::text[], '추운', '춥다 có nghĩa là ''lạnh'', chỉ cảm giác nhiệt độ thấp, thường gắn với mùa đông hoặc khí hậu lạnh giá.', 'f4bce4af-b917-438d-a9dc-c98526d243a3', '2026-01-05T17:07:58.342Z', '2026-01-05T17:07:58.342Z'),
  ('b6be313b-ff86-4924-8705-9fd490bdfe0e', '밖이 ______ 실내에 있는 것이 좋아요.', 'Vì bên ngoài ______ nên ở trong nhà thì tốt hơn.', ARRAY['추워서', '더워서', '따뜻해서', '시원해서']::text[], '추워서', '춥다 thường được dùng để miêu tả cái lạnh khắc nghiệt của mùa đông Hàn Quốc, đặc biệt là gió lạnh từ Siberi.', 'f4bce4af-b917-438d-a9dc-c98526d243a3', '2026-01-05T17:07:58.342Z', '2026-01-05T17:07:58.342Z'),
  ('13ad9d47-ee0c-4f38-94f4-ef59175ec456', '______ 봄날에 소풍 가는 것을 좋아해요.', 'Tôi thích đi dã ngoại vào những ngày xuân ______.', ARRAY['따뜻한', '추운', '더운', '시원한']::text[], '따뜻a', '따뜻하다 có nghĩa là ''ấm áp'', chỉ nhiệt độ vừa phải, dễ chịu, không quá nóng cũng không quá lạnh.', 'dcc82661-0559-471d-9087-678aa3d23a9f', '2026-01-05T17:07:58.342Z', '2026-01-05T17:07:58.342Z'),
  ('da543e22-f5be-4cde-8a2e-8b83bc135c76', '햇볕이 ______ 기분이 좋아요.', 'Ánh nắng mặt trời ______, tâm trạng thấy tốt hơn.', ARRAY['따뜻해서', '추워서', '더워서', '시원해서']::text[], '따뜻해서', '따뜻하다 thường gắn với cảm giác dễ chịu, thoải mái và thường được dùng để miêu tả thời tiết mùa xuân.', 'dcc82661-0559-471d-9087-678aa3d23a9f', '2026-01-05T17:07:58.342Z', '2026-01-05T17:07:58.342Z'),
  ('1417f816-c998-416f-8d2c-f42040568c4d', '______ 가을 바람이 불어오면 상쾌해요.', 'Khi làn gió thu ______ thổi đến, tôi cảm thấy sảng khoái.', ARRAY['시원한', '따뜻한', '추운', '더운']::text[], '시원한', '시원하다 có nghĩa là ''mát mẻ'', chỉ cảm giác nhiệt độ thấp vừa phải, dễ chịu, thường sau cái nóng mùa hè.', 'd335d362-5127-48bc-adf8-e1bca5bff41b', '2026-01-05T17:07:58.342Z', '2026-01-05T17:07:58.342Z'),
  ('b34a5ca9-f406-4e8a-99dc-26bfca7310c9', '더운 여름날 ______ 음료수를 마시면 기분이 좋아져요.', 'Vào ngày hè nóng nực, uống đồ uống ______ thì tâm trạng sẽ tốt hơn.', ARRAY['시원한', '따뜻한', '뜨거운', '미지근한']::text[], '시원한', '시원하다 không chỉ dùng cho thời tiết mà còn dùng cho đồ uống, thức ăn hoặc cảm giác sau khi tắm.', 'd335d362-5127-48bc-adf8-e1bca5bff41b', '2026-01-05T17:07:58.342Z', '2026-01-05T17:07:58.342Z'),
  ('5ae151f8-810c-47f1-906b-c32fc348dfb4', '한 해에는 네 ______이/가 있어요.', 'Một năm có bốn ______.', ARRAY['월', '계절', '주', '일']::text[], '계절', '계절 là ''mùa'', đơn vị thời gian theo chu kỳ thời tiết trong năm. Hàn Quốc có 사계절 (bốn mùa) rõ rệt.', 'e6facaef-d32a-458a-a513-12bd18844931', '2026-01-05T17:07:58.342Z', '2026-01-05T17:07:58.342Z'),
  ('99481b00-65d7-459a-84a6-05c03b363b09', '______마다 다른 옷을 입어요.', 'Tôi mặc quần áo khác nhau theo từng ______.', ARRAY['계절', '요일', '시간', '나이']::text[], '계절', '계절 ảnh hưởng đến thời tiết nên mọi người thay đổi trang phục phù hợp với từng mùa.', 'e6facaef-d32a-458a-a513-12bd18844931', '2026-01-05T17:07:58.342Z', '2026-01-05T17:07:58.342Z'),
  ('d8dad541-9e72-441a-be48-c8131677df72', '______에는 날씨가 따뜻해져요.', 'Vào ______, thời tiết trở nên ấm áp.', ARRAY['봄', '여름', '가을', '겨울']::text[], '봄', '봄 là ''mùa xuân'', mùa chuyển tiếp từ lạnh sang ấm, thường từ tháng 3 đến tháng 5 ở Hàn Quốc.', 'e60804d2-8219-40ea-b1d0-2721b1c69a49', '2026-01-05T17:07:58.342Z', '2026-01-05T17:07:58.342Z'),
  ('d37f240f-d506-42b7-bdc6-a3d6faafb224', '______꽃으로 유명한 진해에 가 보고 싶어요.', 'Tôi muốn đến Jinhae nổi tiếng với hoa anh đào ______.', ARRAY['봄', '여름', '가을', '겨울']::text[], '봄', '봄 gắn liền với hoa anh đào (벚꽃) nở rộ, đặc biệt ở các địa điểm như 진해, 여의도.', 'e60804d2-8219-40ea-b1d0-2721b1c69a49', '2026-01-05T17:07:58.342Z', '2026-01-05T17:07:58.342Z'),
  ('cdebb541-3f31-410a-8e0d-af059479c121', '______에는 날씨가 덥고 비가 많이 와요.', 'Vào ______, thời tiết nóng và mưa nhiều.', ARRAY['봄', '여름', '가을', '겨울']::text[], '여름', '여름 là ''mùa hè'', mùa nóng nhất trong năm với nhiệt độ cao và mùa mưa (장마), thường từ tháng 6 đến tháng 8.', '7a1094e3-9aa9-4a00-8c1c-cde49477e04b', '2026-01-05T17:07:58.342Z', '2026-01-05T17:07:58.342Z'),
  ('d907c037-9c14-452c-9723-e66a2899c243', '______휴가를 이용해 제주도에 갔어요.', 'Tôi đã đi Jeju bằng cách sử dụng kỳ nghỉ ______.', ARRAY['봄', '여름', '가을', '겨울']::text[], '여름', '여름 là mùa của kỳ nghỉ hè (여름휴가), nhiều người đi du lịch biển và nghỉ mát.', '7a1094e3-9aa9-4a00-8c1c-cde49477e04b', '2026-01-05T17:07:58.342Z', '2026-01-05T17:07:58.342Z'),
  ('c8460d0b-430c-4e74-9140-2903e725d31e', '______에는 하늘이 높고 맑아요.', 'Vào ______, bầu trời cao và trong xanh.', ARRAY['봄', '여름', '가을', '겨울']::text[], '가을', '가을 là ''mùa thu'', mùa mát mẻ với bầu trời trong xanh, thường từ tháng 9 đến tháng 11.', 'b2e7c992-086c-4ace-b4db-18695088436c', '2026-01-05T17:07:58.342Z', '2026-01-05T17:07:58.342Z'),
  ('7f498f97-aadc-48a6-99a7-60553a362f80', '한국의 ______은/는 단풍이 아름다워요.', '______ của Hàn Quốc có lá phong rất đẹp.', ARRAY['봄', '여름', '가을', '겨울']::text[], '가을', '가을 nổi tiếng với 단풍 (lá phong đổi màu), thu hút nhiều khách du lịch đi ngắm lá mùa thu (단풍 구경).', 'b2e7c992-086c-4ace-b4db-18695088436c', '2026-01-05T17:07:58.342Z', '2026-01-05T17:07:58.342Z'),
  ('8fff0975-0b2b-443b-a094-95eccf3b1d80', '______에는 날씨가 춥고 눈이 와요.', 'Vào ______, thời tiết lạnh và có tuyết rơi.', ARRAY['봄', '여름', '가을', '겨울']::text[], '겨울', '겨울 là ''mùa đông'', mùa lạnh nhất trong năm với nhiệt độ dưới 0°C và tuyết rơi, thường từ tháng 12 đến tháng 2.', '62314d8e-341d-4d54-95dc-54f22935ccbd', '2026-01-05T17:07:58.342Z', '2026-01-05T17:07:58.342Z'),
  ('29ad08ed-7633-4386-b635-b898fae22b44', '______ 스포츠로 스키나 스노보드를 즐겨요.', 'Tôi thích trượt tuyết hoặc trượt ván tuyết như môn thể thao ______.', ARRAY['봄', '여름', '가을', '겨울']::text[], '겨울', '겨울 là mùa của các môn thể thao mùa đông như 스키 (trượt tuyết), 스노보드 (trượt ván tuyết), 아이스스케이팅 (trượt băng).', '62314d8e-341d-4d54-95dc-54f22935ccbd', '2026-01-05T17:07:58.342Z', '2026-01-05T17:07:58.342Z'),
  ('2b1f5104-c273-45c1-8825-eeae67f990bb', '______을/를 좋아하는 사람을 애호가라고 해요.', 'Người thích ______ được gọi là người yêu hoa.', ARRAY['꽃', '나무', '풀', '잎']::text[], '꽃', '꽃 là ''hoa'', biểu tượng của vẻ đẹp và sự sinh sôi. 각 계절마다 다른 꽃이 피어요 (Mỗi mùa có những loại hoa khác nhau nở).', '18a59ac0-cc03-4367-adef-d87d7d487fbc', '2026-01-05T17:07:58.342Z', '2026-01-05T17:07:58.342Z'),
  ('17560873-6850-4e37-b9cd-a2577141e158', '______ 축제가 열리는 봄에 벚꽃을 보러 가요.', 'Tôi đi ngắm hoa anh đào vào mùa xuân khi lễ hội ______ được tổ chức.', ARRAY['꽃', '음식', '영화', '음악']::text[], '꽃', '꽃 thường là chủ đề của các lễ hội mùa xuân như 벚꽃 축제 (lễ hội hoa anh đào).', '18a59ac0-cc03-4367-adef-d87d7d487fbc', '2026-01-05T17:07:58.342Z', '2026-01-05T17:07:58.342Z'),
  ('98fa506b-62fe-4696-8eda-df279cfb3a1e', '공원에는 다양한 ______이/가 자라고 있어요.', 'Có nhiều loại ______ khác nhau đang mọc trong công viên.', ARRAY['꽃', '나무', '풀', '돌']::text[], '나무', '나무 là ''cây'', thực vật thân gỗ sống lâu năm. 나무는 공기를 정화해 줘요 (Cây lọc sạch không khí).', '323ba3fe-40dd-47d2-8ed5-f0748e7de802', '2026-01-05T17:07:58.342Z', '2026-01-05T17:07:58.342Z'),
  ('da48b223-68db-48f4-b313-75d3728e0bb2', '______에 열매가 열렸어요.', '______ đã ra quả.', ARRAY['나무', '꽃', '풀', '흙']::text[], '나무', '나무 có thể ra hoa và kết quả theo mùa, như 사과나무 (cây táo), 배나무 (cây lê).', '323ba3fe-40dd-47d2-8ed5-f0748e7de802', '2026-01-05T17:07:58.342Z', '2026-01-05T17:07:58.342Z'),
  ('23935d92-ef8c-4a4e-abc1-6c9efc7be369', '______이/가 드는 가을이 제일 좋아요.', 'Tôi thích nhất là mùa thu khi ______ đổi màu.', ARRAY['단풍', '꽃', '풀', '눈']::text[], '단풍', '단풍 là ''lá phong đổi màu'', hiện tượng lá cây chuyển sang màu đỏ, vàng, cam vào mùa thu.', '3243f781-ff6a-4230-9d54-8768574d01d1', '2026-01-05T17:07:58.342Z', '2026-01-05T17:07:58.342Z'),
  ('5229ba39-c538-4de4-8cd2-8172c299e0f5', '______ 명소로 설악산이 유명해요.', 'Seoraksan nổi tiếng là địa điểm ngắm ______.', ARRAY['꽃', '단풍', '눈', '바다']::text[], '단풍', '단풍 구경 (ngắm lá mùa thu) là hoạt động phổ biến vào mùa thu ở Hàn Quốc, với các địa điểm nổi tiếng như 설악산, 내장산.', '3243f781-ff6a-4230-9d54-8768574d01d1', '2026-01-05T17:07:58.342Z', '2026-01-05T17:07:58.342Z'),
  ('812ceea9-2809-4133-a2e7-69ad3e024041', '______이/가 쌓여서 길이 미끄러워요.', '______ đóng thành đống khiến đường trơn trượt.', ARRAY['눈', '비', '바람', '안개']::text[], '눈', '눈 là ''tuyết'', dạng kết tủa của nước ở dạng tinh thể băng, thường rơi vào mùa đông.', '6a461f20-6eaf-41e1-8418-ccda0bf7910f', '2026-01-05T17:07:58.342Z', '2026-01-05T17:07:58.342Z'),
  ('789581e0-0c06-48c1-8350-6041c6618933', '첫 ______을/를 보면 소원을 빌 수 있어요.', 'Khi nhìn thấy ______ đầu tiên, bạn có thể ước một điều ước.', ARRAY['눈', '비', '별', '구름']::text[], '눈', '눈 có ý nghĩa đặc biệt trong văn hóa, như 첫눈 (tuyết đầu mùa) thường gắn với những điều ước và kỷ niệm lãng mạn.', '6a461f20-6eaf-41e1-8418-ccda0bf7910f', '2026-01-05T17:07:58.342Z', '2026-01-05T17:07:58.342Z');

COMMIT;